Timestamp,Filename,Origin (Easting[m],Northing[m],Height[m]),Direction (Easting,Roll(X)[deg],Pitch(Y)[deg],Yaw(Z)[deg],Omega[deg],Phi[deg],Kappa[deg]
399332842.294712,240509_233404483.jpg,486247.625,7039339.904,411.964,-0.205676043,2.841209066,0.301707875,-101.874900632,179.711529706,2.839817825,101.889529504
399332848.848216,240509_233411049.jpg,486247.624,7039339.904,411.964,-0.205674245,2.840471477,0.304566881,-101.874798458,179.71448181,2.839684723,101.889422503
399332855.40172,240509_233417616.jpg,486247.624,7039339.903,411.966,-0.205671155,2.841293667,0.303956674,-101.874616806,179.71372463,2.840364556,101.889248676
399332861.955224,240509_233424182.jpg,486247.623,7039339.902,411.968,-0.205699903,2.840057517,0.299671334,-101.876296026,179.709706838,2.838266023,101.890912836
399332868.508728,240509_233430749.jpg,486247.622,7039339.901,411.967,-0.205691151,2.855218048,0.302278519,-101.87578626,179.709154952,2.853632943,101.89056036
399332875.062232,240509_233437315.jpg,486247.623,7039339.903,411.964,-0.205674839,2.848725194,0.305901937,-101.874834801,179.714083574,2.848031932,101.88954484
399332881.615736,240509_233443881.jpg,486247.622,7039339.904,411.962,-0.205715158,2.842526988,0.304380016,-101.877194871,179.713756422,2.841644896,101.891842763
399332886.460039,240509_233448735.jpg,486248.353,7039342.732,411.949,-0.37308821,3.759579718,1.239101005,-111.922416489,179.744691731,3.946618501,111.971782336
399332889.11744,240509_233451398.jpg,486252.5,7039350.046,412.052,-0.495271021,2.374279524,0.690800086,-119.705341535,179.424160251,2.40184962,119.731669333
399332891.411942,240509_233453697.jpg,486257.292,7039358.974,412.022,-0.363053804,0.684222937,-0.571183095,-111.29945013,179.221322658,0.428647372,111.2989725
399332897.965446,240509_233500263.jpg,486260.468,7039366.847,411.84,-0.358030214,-1.134872492,-0.805866964,-110.991759651,179.656134638,-1.348728192,110.995694614
399332939.629288,240509_233542010.jpg,486528.634,7039050.724,422.203,-0.297802161,2.226240978,4.325431998,107.385065554,175.213748254,-0.835322728,-107.335945291
399332940.114988,240509_233542497.jpg,486531.407,7039041.122,422.907,-0.307316166,2.485280253,4.710488138,107.968933628,174.760099346,-0.914691265,-107.908630414
399332940.600688,240509_233542983.jpg,486534.278,7039031.632,423.608,-0.325132203,2.817366022,4.709844635,109.049550974,174.636478236,-1.129902256,-108.986696331
399332941.096688,240509_233543480.jpg,486537.364,7039022.104,424.315,-0.358482815,2.448099241,4.508198369,111.085642367,174.920186277,-0.666490971,-111.01891404
399332941.602989,240509_233543987.jpg,486540.872,7039012.639,425.021,-0.403722892,2.566918119,4.702051878,113.908358174,174.668708937,-0.446259003,-113.823834378
399332942.109289,240509_233544495.jpg,486544.819,7039003.481,425.735,-0.45505241,2.792806449,4.691620044,117.180487207,174.558543242,-0.347355884,-117.082697974
399332942.626489,240509_233545013.jpg,486549.334,7038994.501,426.453,-0.509854565,2.86996087,4.984755971,120.799037386,174.256668303,0.079253211,-120.670274701
399332943.14369,240509_233545531.jpg,486554.352,7038985.88,427.181,-0.559476136,2.761228389,4.93929365,124.181961659,174.369773741,0.482214883,-124.039300895
399332943.66089,240509_233546049.jpg,486559.828,7038977.615,427.914,-0.610627407,2.326117599,4.870204023,127.815840166,174.731885519,1.139787661,-127.664614357
399332944.18839,240509_233546578.jpg,486565.917,7038969.636,428.657,-0.664180287,2.064476818,5.114917002,131.847175373,174.816160533,1.864712593,-131.670684537
399332944.715891,240509_233547106.jpg,486572.549,7038962.146,429.377,-0.715542541,2.444291157,4.699936002,135.913602022,174.978341934,1.665611572,-135.740421127
399332945.243391,240509_233547635.jpg,486579.652,7038955.187,430.113,-0.764387626,2.262323236,4.789230988,140.12307649,175.195656917,2.214682647,-139.935732018
399332945.770891,240509_233548163.jpg,486587.234,7038948.774,430.814,-0.807313719,2.405519136,4.741105367,144.141236031,175.274752373,2.422554157,-143.941890907
399332946.298392,240509_233548692.jpg,486595.264,7038942.882,431.479,-0.849772182,1.990176107,4.420785126,148.507235713,175.994307025,2.720908221,-148.335435909
399332946.825892,240509_233549221.jpg,486603.787,7038937.614,432.076,-0.886772547,2.332422507,4.098454178,152.805734077,176.053246002,2.570343653,-152.633907905
399332947.353392,240509_233549749.jpg,486612.771,7038932.935,432.605,-0.915659066,2.49579772,3.705906388,156.636559316,176.240329845,2.40375083,-156.477121368
399332947.870893,240509_233550268.jpg,486621.967,7038928.866,433.066,-0.938694474,2.424224696,3.717587326,160.239639002,176.462031437,2.670552533,-160.078689974
399332948.377693,240509_233550775.jpg,486631.337,7038925.381,433.467,-0.958705885,2.14584607,2.792247549,163.800655523,177.161914053,2.076886636,-163.697070768
399332948.884493,240509_233551283.jpg,486640.956,7038922.507,433.811,-0.976849131,1.964592767,2.358071896,167.997200511,177.589652375,1.893132217,-167.917083916
399332949.391293,240509_233551791.jpg,486650.815,7038920.354,434.092,-0.989528777,2.196969473,2.086871959,172.159731317,177.540607343,1.762970042,-172.082017837
399332949.888094,240509_233552289.jpg,486660.658,7038918.927,434.305,-0.996672482,2.270949914,1.816867237,176.06634001,177.611507599,1.652431932,-175.996019735
399332950.384894,240509_233552787.jpg,486670.602,7038918.157,434.443,-0.999310453,2.044618108,1.188533015,-179.873475861,177.960070847,1.189887755,179.915770089
399332950.881694,240509_233553284.jpg,486680.562,7038918.104,434.519,-0.996436058,1.889511405,0.946331687,-175.592631075,178.190829071,1.085981749,175.625299441
399332951.378495,240509_233553782.jpg,486690.508,7038918.811,434.526,-0.988240451,2.059991419,0.335236413,-171.38786129,178.015771528,0.637920106,171.404886706
399332951.875295,240509_233554280.jpg,486700.375,7038920.249,434.468,-0.975448017,2.381919199,0.158571937,-167.399034556,177.712520183,0.672449481,167.415715611
399332952.372095,240509_233554778.jpg,486710.156,7038922.361,434.346,-0.959244008,2.531208788,-0.403804802,-163.682929744,177.460109,0.322506984,163.681160047
399332952.868895,240509_233555276.jpg,486719.814,7038925.086,434.162,-0.940872398,2.438564435,-0.643435017,-160.28407953,177.490217288,0.216162122,160.275141567
399332953.355596,240509_233555763.jpg,486729.131,7038928.312,433.931,-0.91867606,2.217726221,-0.699237594,-156.806359205,177.688953977,0.229890924,156.797488114
399332953.842296,240509_233556251.jpg,486738.264,7038932.111,433.692,-0.89345231,1.976598834,-1.000766652,-153.381707101,177.787387233,-0.009553694,153.36430708
399332954.328996,240509_233556739.jpg,486747.177,7038936.457,433.443,-0.866637071,1.794568457,-1.020381807,-150.13308035,177.938469431,0.008269541,150.117297328
399332954.815697,240509_233557226.jpg,486755.862,7038941.295,433.188,-0.842467776,1.633844792,-0.808748475,-147.452970554,178.19030477,0.196378465,147.444573689
399332955.302397,240509_233557714.jpg,486764.359,7038946.539,432.935,-0.824021902,1.897675736,-0.899814013,-145.539167786,177.929031802,0.331021774,145.530291206
399332955.778097,240509_233558190.jpg,486772.535,7038951.92,432.73,-0.809025416,1.612806699,-0.428602801,-144.040338493,178.445238761,0.598755614,144.042437125
399332956.253798,240509_233558667.jpg,486780.607,7038957.535,432.558,-0.797450901,1.638621299,-0.146517057,-142.923434689,178.606464195,0.869297319,142.931898366
399332956.729498,240509_233559144.jpg,486788.602,7038963.285,432.463,-0.789598779,1.359701077,0.347963616,-142.184266624,179.140872418,1.106517342,142.196644747
399332957.205198,240509_233559620.jpg,486796.549,7038969.148,432.43,-0.781993349,1.143923424,0.845115512,-141.485273303,179.632478695,1.371271782,141.498029524
399332957.680898,240509_233600097.jpg,486804.43,7038975.114,432.46,-0.776280975,0.948115487,0.998522571,-140.965407931,179.893551746,1.370380398,140.974856661
399332958.156599,240509_233600574.jpg,486812.258,7038981.124,432.547,-0.776570158,0.776226941,1.330554915,-141.000066992,-179.764938395,1.520004108,141.005857434
399332958.632299,240509_233601050.jpg,486820.076,7038987.095,432.697,-0.777488708,0.447623733,1.750614032,-141.09781752,-179.248207261,1.640718202,141.093768107
399332959.107999,240509_233601527.jpg,486827.877,7038993.03,432.903,-0.777560261,0.072702984,1.871980559,-141.10910774,-178.880611454,1.499904322,141.09552097
399332959.5837,240509_233602004.jpg,486835.644,7038998.942,433.127,-0.778492599,-0.172135734,1.914105043,-141.196088122,-178.665775684,1.380975979,141.17701446
399332960.0594,240509_233602480.jpg,486843.385,7039004.806,433.351,-0.78088387,-0.421285088,2.031072875,-141.420519181,-178.403602414,1.322134633,141.394513542
399332960.5351,240509_233602957.jpg,486851.127,7039010.613,433.567,-0.784911243,-0.683522145,1.785749068,-141.782103426,-178.357820719,0.977438667,141.757342677
399332961.0212,240509_233603444.jpg,486858.996,7039016.438,433.797,-0.789107644,-0.886153169,1.973105313,-142.180728175,-178.08986138,1.012350051,142.148489211
399332961.507301,240509_233603931.jpg,486866.801,7039022.121,434.035,-0.793943979,-1.197019085,2.231310214,-142.647858427,-177.694631253,1.044111982,142.603434285
399332962.003901,240509_233604429.jpg,486874.743,7039027.8,434.335,-0.804635968,-1.108580734,2.617171268,-143.693038107,-177.556736514,1.448744658,143.636698561
399332962.500501,240509_233604926.jpg,486882.726,7039033.258,434.688,-0.8177448,-1.339313581,2.744426752,-144.991820593,-177.328334925,1.475220163,144.925219432
399332963.009002,240509_233605436.jpg,486890.932,7039038.6,435.092,-0.832461821,-1.194953023,3.185676147,-146.526744349,-177.245449676,1.99324147,146.445452228
399332963.517502,240509_233605945.jpg,486899.18,7039043.66,435.54,-0.846779656,-1.110034435,3.747693769,-148.102414009,-177.07569887,2.589253108,147.999837562
399332964.036802,240509_233606466.jpg,486907.652,7039048.518,436.041,-0.861234878,-1.376566669,3.66354899,-149.701065946,-176.96165011,2.462433306,149.591584316
399332964.567303,240509_233606997.jpg,486916.296,7039053.178,436.598,-0.87373348,-1.27507099,3.956022297,-151.191183732,-176.974152269,2.845284085,151.07182942
399332965.097803,240509_233607529.jpg,486924.926,7039057.543,437.194,-0.885262592,-1.271417584,4.474841488,-152.671222282,-176.81256645,3.383918073,152.527200777
399332914.369692,240509_233516700.jpg,486261.989,7039369.821,411.749,-0.678324493,-0.432462773,-1.269190498,-132.750666445,179.363667437,-1.179393588,132.74894
399332916.152493,240509_233518486.jpg,486269.487,7039373.31,411.298,-0.998034828,4.097190052,-3.135484559,-179.977732941,175.898798518,-3.124210149,179.753885955
399332917.420074,240509_233519757.jpg,486278.346,7039371.336,410.769,-0.930159671,3.846599521,-1.461375475,158.575431941,176.952030492,-2.761598407,-158.697934936
399332918.402875,240509_233520741.jpg,486286.808,7039367.365,410.37,-0.904992916,3.142461985,-1.480801986,154.920481167,177.781075235,-2.67072139,-155.012778158
399332919.243075,240509_233521583.jpg,486295.239,7039363.017,409.987,-0.899845435,2.021054604,-0.904640466,154.208073229,178.575127575,-1.69349801,-154.245064801
399332919.981076,240509_233522323.jpg,486303.77,7039358.592,409.598,-0.902943614,1.440903371,-1.31836033,154.63628005,179.26373353,-1.808116512,-154.664434165
399332920.648176,240509_233522991.jpg,486312.461,7039354.236,409.155,-0.908666963,1.211762582,-1.423974885,155.419032178,179.491395759,-1.798639511,-155.442027896
399332921.265177,240509_233523609.jpg,486321.281,7039349.946,408.698,-0.910018983,1.249590974,-1.674471933,155.621006642,179.553834286,-2.040362902,-155.647156954
399332921.845277,240509_233524191.jpg,486330.097,7039345.626,408.282,-0.9093347,0.548545215,-1.221298247,155.500946505,-179.991596575,-1.338909446,-155.506654434
399332922.398977,240509_233524746.jpg,486338.974,7039341.274,407.897,-0.907078894,0.522283039,-1.282769064,155.193787209,-179.93482041,-1.383589215,-155.198805191
399332922.941178,240509_233525289.jpg,486348.015,7039336.725,407.445,-0.902696537,-0.388772621,-1.654672657,154.621583753,-178.938751023,-1.328183076,-154.603621751
399332923.460578,240509_233525809.jpg,486356.876,7039332.151,407.033,-0.894646295,-0.739928068,-0.63295045,153.523903106,-179.054649386,-0.237527633,-153.517821857
399332923.966778,240509_233526316.jpg,486365.64,7039327.35,406.788,-0.883369197,-1.741715061,-0.236028793,152.103076733,-178.34963368,0.604849604,-152.108156659
399332924.461878,240509_233526812.jpg,486374.295,7039322.366,406.505,-0.869333718,-2.011940602,-0.495579367,150.432365398,-178.005171562,0.560501334,-150.433375924
399332924.956979,240509_233527308.jpg,486382.89,7039317.032,406.274,-0.850858428,-2.407677512,-0.104164203,148.348822089,-177.895115353,1.172765005,-148.368122235
399332925.441979,240509_233527794.jpg,486391.238,7039311.454,406.113,-0.830754531,-2.210596968,-0.00196243,146.216411708,-178.160747619,1.225538628,-146.235991188
399332925.926979,240509_233528280.jpg,486399.415,7039305.509,405.984,-0.809840127,-2.506262029,1.339438059,144.138961712,-178.750782266,2.550029405,-144.19597959
399332926.40188,240509_233528756.jpg,486407.328,7039299.336,406.005,-0.786853218,-2.335645403,1.035613066,141.93854329,-178.797260061,2.252089194,-141.983216692
399332926.87678,240509_233529232.jpg,486415.045,7039292.853,406.021,-0.762902486,-1.681751135,1.755879737,139.784147301,-179.847002551,2.423429534,-139.813083516
399332927.35168,240509_233529708.jpg,486422.523,7039286.013,406.217,-0.740696,-2.341574153,1.702202858,137.8481834,-179.403315479,2.829682296,-137.897610944
399332927.82658,240509_233530184.jpg,486429.81,7039278.943,406.426,-0.713298828,-1.664258857,2.240945121,135.575863386,179.622783381,2.761875803,-135.599234931
399332928.301481,240509_233530660.jpg,486436.795,7039271.552,406.723,-0.684324913,-1.79655793,2.732490427,133.268897396,179.244807057,3.177231282,-133.290696175
399332928.776381,240509_233531136.jpg,486443.47,7039263.888,407.089,-0.65368136,-2.011687932,3.495863466,130.935161194,178.680346805,3.805794735,-130.952567997
399332929.251281,240509_233531611.jpg,486449.827,7039255.943,407.548,-0.625627979,-2.559304542,3.659916506,128.843694389,178.758636534,4.283993249,-128.878857782
399332929.726182,240509_233532087.jpg,486455.895,7039247.819,408.066,-0.600027624,-2.586361246,4.377902522,127.017758107,178.065128763,4.695498921,-127.037078683
399332930.201082,240509_233532563.jpg,486461.709,7039239.54,408.681,-0.571301431,-2.1540791,4.978065164,125.01073309,177.160575353,4.61460099,-124.989735904
399332930.675982,240509_233533039.jpg,486467.218,7039231.043,409.355,-0.541425949,-2.121130057,4.701948005,122.922623396,177.208348701,4.330672633,-122.903930946
399332931.150882,240509_233533515.jpg,486472.391,7039222.353,410.022,-0.506785476,-2.111818699,5.163550766,120.602957603,176.632527777,4.440529006,-120.567360973
399332931.625783,240509_233533990.jpg,486477.236,7039213.438,410.703,-0.474747158,-2.121779472,4.934562672,118.472312101,176.676046499,4.212165804,-118.441239427
399332932.100683,240509_233534466.jpg,486481.747,7039204.348,411.396,-0.44160046,-2.149988404,4.907617691,116.3229811,176.55707024,4.097922562,-116.291667801
399332932.575583,240509_233534942.jpg,486485.921,7039195.085,412.08,-0.404144252,-1.915631937,4.880950125,113.941468904,176.319010948,3.726406037,-113.903100322
399332933.050483,240509_233535418.jpg,486489.687,7039185.627,412.763,-0.371291207,-2.398374342,4.757052211,111.885161049,176.482802081,3.993766229,-111.861853862
399332933.525384,240509_233535894.jpg,486493.172,7039176.043,413.431,-0.342586647,-2.000037393,4.64122887,110.113033298,176.332792998,3.469465588,-110.082745077
399332934.000284,240509_233536370.jpg,486496.37,7039166.355,414.107,-0.318581464,-1.604672398,5.050717837,108.661205966,175.731587504,3.131560675,-108.615017838
399332934.464884,240509_233536835.jpg,486499.297,7039156.766,414.771,-0.301434629,-1.265966908,4.661635098,107.612363466,175.943675894,2.612888983,-107.571148912
399332934.929485,240509_233537301.jpg,486502.052,7039147.137,415.42,-0.290284967,-1.047872611,4.923478933,106.94749618,175.599741661,2.433138755,-106.898861955
399332935.394085,240509_233537766.jpg,486504.715,7039137.478,416.085,-0.283406937,-0.633476969,4.923747319,106.534264617,175.464469078,2.004257005,-106.481958712
399332935.858685,240509_233538232.jpg,486507.302,7039127.807,416.756,-0.284735465,-0.655865194,4.967942561,106.61515606,175.43133766,2.044688823,-106.561869664
399332936.323285,240509_233538697.jpg,486509.931,7039118.15,417.42,-0.287784758,-0.389654294,4.728897648,106.792229943,175.589807147,1.735190974,-106.741360363
399332936.787886,240509_233539163.jpg,486512.586,7039108.528,418.079,-0.289259579,0.134182221,4.432761297,106.873670774,175.72397587,1.154638988,-106.825275132
399332937.252486,240509_233539628.jpg,486515.232,7039098.953,418.747,-0.288551548,0.451163641,4.676913589,106.837015284,175.398161269,0.919010764,-106.781587371
399332937.717086,240509_233540094.jpg,486517.861,7039089.413,419.413,-0.287947323,0.832412334,4.743801942,106.802374741,175.22381263,0.570571434,-106.744049214
399332938.192587,240509_233540570.jpg,486520.539,7039079.693,420.101,-0.288760543,1.202812413,4.694803351,106.850021247,175.164193224,0.205957465,-106.791993997
399332938.668087,240509_233541047.jpg,486523.224,7039070.038,420.791,-0.290242466,1.855535905,4.691541423,106.93901956,174.978189911,-0.4117921,-106.881085938
399332939.143587,240509_233541523.jpg,486525.891,7039060.456,421.492,-0.292656038,2.034617111,5.085340103,107.094531347,174.548696658,-0.454156469,-107.025833059
399332965.638903,240509_233608071.jpg,486933.724,7039061.691,437.839,-0.897663681,-1.533763394,4.603010164,-154.288695931,-176.617024836,3.473243939,154.124298761
399332966.190804,240509_233608624.jpg,486942.715,7039065.631,438.491,-0.910283371,-1.49777405,4.7652803,-156.04572252,-176.691635651,3.737845128,155.875259132
399332966.742704,240509_233609177.jpg,486951.776,7039069.267,439.151,-0.922411623,-1.610626675,4.577243993,-157.788960436,-176.774022128,3.620064033,157.622475609
399332967.294604,240509_233609730.jpg,486960.892,7039072.605,439.803,-0.932010153,-1.824945761,4.600448953,-159.302902012,-176.661960652,3.649286519,159.123099862
399332967.857405,240509_233610294.jpg,486970.227,7039075.791,440.457,-0.940032139,-1.493580984,4.509599732,-160.62968388,-177.090572037,3.750781059,160.475450652
399332968.420205,240509_233610858.jpg,486979.622,7039078.732,441.09,-0.948379749,-1.58261223,4.239227014,-162.069190676,-177.184973645,3.538310658,161.923526922
399332968.983005,240509_233611421.jpg,486989.034,7039081.429,441.655,-0.956716628,-1.364770293,4.056031561,-163.652125029,-177.545044678,3.500980071,163.528634964
399332969.545805,240509_233611985.jpg,486998.52,7039083.844,442.194,-0.964631951,-1.56901785,3.507820348,-165.216827849,-177.585036144,2.985046361,165.105755902
399332970.108606,240509_233612549.jpg,487008.051,7039086.012,442.66,-0.971513073,-1.41196199,3.226186438,-166.783837811,-177.885445233,2.812358276,166.692072535
399332970.671406,240509_233613113.jpg,487017.624,7039087.906,443.093,-0.97747285,-1.489466592,2.931858305,-168.298146813,-177.944761399,2.563620632,168.213963367
399332971.234207,240509_233613677.jpg,487027.223,7039089.54,443.452,-0.982082436,-1.733017623,2.934425489,-169.684404007,-177.767277698,2.571101891,169.589843663
399332971.797007,240509_233614241.jpg,487036.875,7039090.967,443.778,-0.986442898,-1.584319022,2.474353575,-171.052162102,-178.048409166,2.193192475,170.980534241
399332972.359807,240509_233614805.jpg,487046.554,7039092.146,444.051,-0.990193574,-1.686071347,2.220395163,-172.483144354,-178.036438943,1.976376664,172.416557737
399332972.933008,240509_233615379.jpg,487056.415,7039093.102,444.283,-0.993772584,-1.440518273,1.794842643,-174.115837812,-178.381823901,1.634156127,174.070160055
399332973.516308,240509_233615964.jpg,487066.386,7039093.761,444.451,-0.996409519,-1.542082778,1.588842493,-175.761423872,-178.343551118,1.467160372,175.718807774
399332974.099608,240509_233616548.jpg,487076.236,7039094.145,444.598,-0.998201606,-1.526820759,0.862107185,-177.178878897,-178.431755968,0.783516556,177.156663924
399332974.693409,240509_233617143.jpg,487086.109,7039094.298,444.652,-0.999163651,-1.166068252,0.663062486,-178.607235926,-178.817196212,0.632458015,178.593955795
399332975.287209,240509_233617738.jpg,487095.86,7039094.193,444.669,-0.99950316,-1.218908085,0.384780247,-179.99620357,-178.780158362,0.38293326,179.988039255
399332975.892009,240509_233618344.jpg,487105.706,7039093.886,444.628,-0.999287701,-0.588690791,0.255170902,178.776094251,-179.415702775,0.266110662,-178.778761638
399332976.49681,240509_233618950.jpg,487115.553,7039093.376,444.542,-0.99882902,-0.185941842,-0.094258013,177.863029936,-179.80930579,-0.088487817,-177.862722522
399332977.10161,240509_233619556.jpg,487125.433,7039092.738,444.388,-0.998503104,0.172869645,-0.509601927,177.458997982,179.851405047,-0.517592021,-177.460418185
399332977.706411,240509_233620162.jpg,487135.38,7039092.022,444.188,-0.998204176,0.407037091,-0.886855951,177.190318791,179.638486315,-0.906188592,-177.19629385
399332978.299411,240509_233620756.jpg,487145.21,7039091.297,443.923,-0.998197566,0.76062943,-0.967736624,177.209297562,179.289050053,-1.003924019,-177.221912802
399332978.892411,240509_233621350.jpg,487155.165,7039090.579,443.625,-0.998043605,1.259053874,-1.483671136,177.254814181,178.814997419,-1.541812169,-177.286998844
399332979.475012,240509_233621934.jpg,487165.075,7039089.878,443.253,-0.9978807,1.863726182,-1.803529555,177.251085551,178.226189199,-1.889483643,-177.309589526
399332980.046012,240509_233622506.jpg,487174.939,7039089.161,442.854,-0.997735097,2.077340883,-1.996030894,177.210148329,178.023278367,-2.092889418,-177.28234972
399332980.606412,240509_233623068.jpg,487184.78,7039088.456,442.39,-0.997764083,2.636315398,-1.950863498,177.212298898,177.462611538,-2.07415912,-177.303028634
399332981.166813,240509_233623629.jpg,487194.789,7039087.71,441.944,-0.997644192,2.424943674,-2.178447697,177.239400578,177.683411881,-2.290022187,-177.331702916
399332981.715113,240509_233624179.jpg,487204.728,7039086.985,441.487,-0.997767234,2.549942963,-2.082636006,177.312942128,177.551236312,-2.197168756,-177.406151233
399332982.250513,240509_233624715.jpg,487214.576,7039086.286,441.033,-0.997845134,2.691432587,-2.082196823,177.40956787,177.406125358,-2.198753254,-177.508157825
399332982.785914,240509_233625252.jpg,487224.567,7039085.569,440.587,-0.997900376,2.384139813,-2.13500165,177.525134074,177.711003401,-2.233413356,-177.614076114
399332983.311214,240509_233625778.jpg,487234.499,7039084.883,440.133,-0.997993894,2.281906587,-2.056004495,177.583087701,177.80771126,-2.148148519,-177.665038899
399332983.825314,240509_233626293.jpg,487244.352,7039084.229,439.676,-0.997932508,2.474908523,-2.221851671,177.647051361,177.618953565,-2.318738764,-177.743124015
399332984.339415,240509_233626808.jpg,487254.325,7039083.564,439.183,-0.997972948,2.336143663,-2.177397622,177.661961064,177.755314,-2.268346092,-177.750691712
399332984.843315,240509_233627313.jpg,487264.207,7039082.908,438.719,-0.997735893,2.45993504,-2.395217233,177.544372692,177.645194836,-2.495284857,-177.646966444
399332985.347215,240509_233627818.jpg,487274.139,7039082.24,438.259,-0.998176827,2.749577015,-1.663607006,177.530271342,177.32604177,-1.778338383,-177.611621523
399332985.851115,240509_233628323.jpg,487284.168,7039081.606,437.827,-0.998188606,3.817538266,-1.644758374,177.53324488,176.258101243,-1.803545235,-177.646888914
399332986.343116,240509_233628816.jpg,487294.002,7039080.949,437.512,-0.998577171,3.829124615,-0.844999789,177.65008181,176.211381836,-0.999766296,-177.711369565
399332986.835116,240509_233629309.jpg,487303.89,7039080.284,437.289,-0.998540946,3.435587018,-1.057454227,177.685659165,176.612203396,-1.193636312,-177.752629832
399332987.327116,240509_233629802.jpg,487313.748,7039079.643,437.047,-0.998578946,3.576547065,-0.945695248,177.691201522,176.466909234,-1.087466177,-177.75423373
399332987.819117,240509_233630295.jpg,487323.563,7039079.002,436.796,-0.998679796,3.460167019,-0.740135187,177.760641672,176.574043257,-0.873922263,-177.809114977
399332988.311117,240509_233630788.jpg,487333.362,7039078.409,436.606,-0.99877702,3.96564059,-0.848544394,177.949692585,176.069951932,-0.988216489,-178.012949884
399332988.803117,240509_233631281.jpg,487343.146,7039077.814,436.376,-0.999004267,3.593462249,-0.738043898,178.301102801,176.4327247,-0.843327309,-178.350498622
399332989.295117,240509_233631774.jpg,487352.918,7039077.336,436.206,-0.999397238,4.120991685,-0.32369482,179.136671864,175.887633941,-0.385854926,-179.162190219
399332989.787118,240509_233632267.jpg,487362.665,7039077.007,436.106,-0.999437565,3.867395962,0.017027334,-179.234617031,176.136432454,0.067241313,179.23741366
399332990.290118,240509_233632771.jpg,487372.596,7039076.985,436.019,-0.99847898,4.099393901,-0.547198282,-177.434134387,175.883530956,-0.362781698,177.401514439
399332990.793118,240509_233633275.jpg,487382.44,7039077.261,435.916,-0.996628457,3.802970593,-0.194702144,-175.640024917,176.196479385,0.093905823,175.636652028
399332991.296119,240509_233633779.jpg,487392.242,7039077.826,435.825,-0.993543101,3.326114781,-0.051898164,-173.727694015,176.691098107,0.310235048,173.735113463
399332991.799119,240509_233634283.jpg,487402.003,7039078.753,435.752,-0.988090223,3.122939698,0.354447545,-171.331451927,176.968716639,0.818472306,171.362704942
399332992.302119,240509_233634787.jpg,487411.738,7039080.119,435.668,-0.980754976,3.505062633,0.160915335,-168.879311363,176.594529572,0.831451647,168.908897647
399332992.80512,240509_233635291.jpg,487421.4,7039081.898,435.553,-0.971411224,3.717791986,0.285240687,-166.381015442,176.456389232,1.149502395,166.425765144
399332993.30812,240509_233635795.jpg,487430.986,7039084.071,435.515,-0.960246179,3.335726668,0.642597894,-163.896241235,176.975182705,1.538894218,163.955492046
399332993.82182,240509_233636309.jpg,487440.696,7039086.694,435.475,-0.948780943,2.72469527,0.107579527,-161.664681641,177.449828184,0.95701618,161.6885
399332994.335521,240509_233636824.jpg,487450.289,7039089.69,435.4,-0.938736347,2.559336275,0.04823118,-159.914479553,177.615212743,0.922139091,159.934715139
399332994.849221,240509_233637339.jpg,487459.78,7039092.96,435.32,-0.928859497,2.283626897,0.330810587,-158.328229147,178.001925998,1.148326814,158.354792869
399332995.362921,240509_233637854.jpg,487469.187,7039096.503,435.292,-0.920844295,2.488871786,0.115948923,-157.114240549,177.754310897,1.072492081,157.13774029
399332995.876621,240509_233638368.jpg,487478.532,7039100.187,435.216,-0.917790308,2.237551423,0.091587618,-156.66808959,177.983843758,0.968213771,156.686878613
399332996.390322,240509_233638883.jpg,487487.868,7039103.92,435.119,-0.915706964,1.662565639,-0.156995722,-156.36870409,178.416091916,0.521059943,156.3736132
399332996.904022,240509_233639398.jpg,487497.166,7039107.709,435.051,-0.915850111,1.711075076,0.115530649,-156.388949159,178.480445722,0.789296631,156.401106902
399332997.417722,240509_233639912.jpg,487506.479,7039111.481,435.013,-0.916039497,1.429925938,0.113836718,-156.416060374,178.736979775,0.674639443,156.424884315
399332997.931423,240509_233640427.jpg,487515.787,7039115.285,434.949,-0.915564674,1.899820656,0.108392347,-156.348097922,178.30530257,0.859493535,156.362571655
399332998.445123,240509_233640942.jpg,487525.107,7039119.112,434.877,-0.914534215,2.28691792,-0.018497031,-156.201065738,177.902319701,0.90395143,156.217217441
399332998.958823,240509_233641457.jpg,487534.418,7039122.967,434.8,-0.912426511,2.466997658,0.322944643,-155.905425533,177.881678808,1.299369718,155.936346304
399332999.472524,240509_233641971.jpg,487543.755,7039126.838,434.738,-0.911923796,1.97018079,0.44140064,-155.836689068,178.384885356,1.206775946,155.861229301
399332999.986224,240509_233642486.jpg,487553.108,7039130.751,434.687,-0.912478904,2.055563716,0.338939069,-155.912987665,178.263612468,1.146007608,155.936381566
399333000.489724,240509_233642991.jpg,487562.333,7039134.548,434.631,-0.913409842,1.255732331,0.130421849,-156.04216475,178.907262399,0.627329698,156.049543756
399333000.993225,240509_233643495.jpg,487571.568,7039138.375,434.584,-0.913723334,1.465292778,0.356344594,-156.088613733,178.806663088,0.917601784,156.102677791
399333001.496725,240509_233644000.jpg,487580.868,7039142.211,434.528,-0.913172606,1.43179348,0.273828616,-156.009827222,178.805030027,0.830335533,156.021864698
399333002.000225,240509_233644504.jpg,487590.231,7039146.076,434.452,-0.912586827,1.061452775,0.040031181,-155.925945033,179.049024862,0.467911961,155.930173373
399333002.491126,240509_233644996.jpg,487599.399,7039149.901,434.383,-0.912051989,1.265046173,0.065899501,-155.850948056,178.874503603,0.575971254,155.857304223
399333002.982026,240509_233645488.jpg,487608.619,7039153.772,434.277,-0.91053624,1.40575511,-0.213956146,-155.640241851,178.633226415,0.383470859,155.642179693
399333003.472926,240509_233645980.jpg,487617.869,7039157.693,434.183,-0.91017488,1.751728518,0.326074341,-155.591217169,178.541407465,1.018640374,155.609119098
399333003.963826,240509_233646472.jpg,487627.184,7039161.66,434.088,-0.91066369,2.382094254,0.157592744,-155.657544266,177.896684346,1.123163864,155.681396115
399333004.454727,240509_233646963.jpg,487636.567,7039165.59,434.046,-0.911596082,1.879852725,0.654618,-155.795352127,178.555345216,1.365170733,155.823229782
399333004.934927,240509_233647445.jpg,487645.827,7039169.41,434.015,-0.914032724,1.099003373,0.200125078,-156.130690255,179.077716245,0.625926299,156.137611657
399333005.415127,240509_233647926.jpg,487655.097,7039173.196,433.927,-0.917184257,0.903292117,0.187969939,-156.581048201,179.247509548,0.529773112,156.585975525
399333005.895328,240509_233648407.jpg,487664.39,7039176.89,433.873,-0.920738183,0.470346617,0.404903952,-157.101679818,179.725693884,0.55419152,157.104627603
399333006.375528,240509_233648888.jpg,487673.699,7039180.469,433.823,-0.925299405,-0.186593781,-0.241330745,-157.781046463,-179.917127025,-0.295093802,157.781648692
399333006.855728,240509_233649369.jpg,487682.946,7039183.891,433.759,-0.931699067,-0.679903547,0.511263959,-158.776742026,-179.180216239,0.228723899,158.772041909
399333007.335928,240509_233649850.jpg,487692.234,7039187.146,433.731,-0.939348968,-0.828012269,0.319829294,-160.019343544,-179.111632325,0.016099949,160.016887457
399333007.827729,240509_233650343.jpg,487701.807,7039190.233,433.683,-0.946552516,-1.722576084,0.109717725,-161.262839503,-178.332871734,-0.450611372,161.267742473
399333008.319529,240509_233650836.jpg,487711.412,7039193.113,433.622,-0.95394873,-2.079655629,0.286200639,-162.63291274,-177.929367418,-0.348992252,162.634022611
399333008.811329,240509_233651329.jpg,487721.08,7039195.754,433.542,-0.960842099,-2.663444739,-0.240527263,-164.009061675,-177.505358484,-0.965297612,164.035683912
399333009.30313,240509_233651821.jpg,487730.726,7039198.164,433.438,-0.96757635,-2.507031091,-0.16955306,-165.475035088,-177.615170581,-0.79349007,165.495274175
399333009.79493,240509_233652314.jpg,487740.391,7039200.334,433.285,-0.975523172,-1.729738111,-0.58025929,-167.431069501,-178.437083609,-0.943147082,167.452712294
399333010.28673,240509_233652807.jpg,487750.07,7039202.113,433.097,-0.983448156,-1.656696061,-0.312318602,-169.713818947,-178.424961846,-0.60391208,169.726650401
399333010.78883,240509_233653310.jpg,487760.013,7039203.493,432.921,-0.990427147,-2.153902562,-0.514852889,-172.279775334,-177.93416081,-0.799880164,172.30389892
399333011.290931,240509_233653813.jpg,487769.983,7039204.428,432.733,-0.995359041,-2.436022553,-0.125357008,-174.767176855,-177.585290358,-0.347983457,174.777199504
399333011.793031,240509_233654316.jpg,487780.014,7039204.958,432.56,-0.998197655,-2.527422377,-0.648806764,-177.116683314,-177.507980203,-0.775162907,177.14788681
399333012.295131,240509_233654819.jpg,487790.074,7039205.025,432.382,-0.999321223,-3.402522431,-1.084358494,-179.580942565,-176.605097942,-1.107633846,179.646009603
399333012.797232,240509_233655322.jpg,487800.127,7039204.714,432.181,-0.99870165,-2.619626651,-0.787906239,177.808700049,-177.351873561,-0.68705108,-177.774768328
399333013.299332,240509_233655825.jpg,487810.187,7039203.888,431.972,-0.996325411,-3.440556216,-0.336777533,175.42513143,-176.543835815,-0.062028965,-175.41310033
399333013.801432,240509_233656329.jpg,487820.274,7039202.712,431.734,-0.992224963,-2.932370803,-0.836137032,173.120466049,-176.98860768,-0.47867488,-173.086441865
399333014.303533,240509_233656832.jpg,487830.328,7039201.132,431.489,-0.987794841,-2.505535996,-0.883121605,171.256834306,-177.389196962,-0.491998598,-171.22626982
399333014.795533,240509_233657325.jpg,487840.141,7039199.288,431.218,-0.98314785,-2.113111304,-1.191291104,169.681015,-177.707294356,-0.793187303,-169.643131094
399333015.287533,240509_233657818.jpg,487849.873,7039197.159,430.936,-0.978339084,-2.159510374,-1.15130692,168.237116113,-177.650847516,-0.686656562,-168.201296547
399333015.779533,240509_233658311.jpg,487859.566,7039194.836,430.64,-0.973687465,-1.306001295,-0.616746033,166.957889907,-178.58786448,-0.306929935,-166.947042637
399333016.271534,240509_233658804.jpg,487869.249,7039192.302,430.391,-0.969807174,-0.758244483,-1.083804594,166.034117855,-179.00172688,-0.869129817,-166.019334698
399333016.763534,240509_233659297.jpg,487878.873,7039189.584,430.172,-0.966536528,-0.942765072,-0.589621099,165.249755875,-178.93737913,-0.331041821,-165.241801756
399333017.255534,240509_233659790.jpg,487888.513,7039186.779,429.969,-0.964231716,-0.098895028,-0.623117059,164.740736866,-179.739422621,-0.575948864,-164.738861598
399333017.747535,240509_233700283.jpg,487898.18,7039183.896,429.733,-0.964086582,0.501704204,-0.851927783,164.719941652,179.741877071,-0.954558331,-164.725791379
399333018.239535,240509_233700776.jpg,487907.887,7039180.967,429.497,-0.963339215,0.681235382,-0.681410189,164.549920961,179.526351392,-0.838912075,-164.557415496
399333018.720735,240509_233701258.jpg,487917.452,7039178.03,429.235,-0.962449536,0.409225531,-0.885115515,164.36956793,179.845673075,-0.963162019,-164.373994231
399333019.201936,240509_233701740.jpg,487927.09,7039175.09,428.935,-0.961616918,1.286248181,-0.7987561,164.188875539,178.981584493,-1.119317273,-164.207765196
399333019.683136,240509_233702222.jpg,487936.796,7039172.102,428.696,-0.961174732,2.22948038,-0.186475448,164.077583825,177.909371752,-0.791614273,-164.095668097
399333020.151836,240509_233702692.jpg,487946.311,7039169.106,428.521,-0.960657349,2.112038458,-0.06922978,163.968903354,177.991415365,-0.650685837,-163.981601958
399333020.620536,240509_233703161.jpg,487955.881,7039166.085,428.416,-0.960075975,2.140737429,0.159706698,163.849262656,177.901671435,-0.443303804,-163.854425026
399333021.089237,240509_233703631.jpg,487965.472,7039163.009,428.331,-0.959799164,1.660563907,1.206473949,163.835162383,178.07151064,0.693717141,-163.806067439
399333021.557937,240509_233704100.jpg,487975.128,7039159.982,428.454,-0.960020121,2.764476177,1.236051731,163.882911237,177.003985402,0.416730161,-163.842287688
399333022.026637,240509_233704570.jpg,487984.745,7039156.956,428.623,-0.960265415,3.054541431,2.052991176,164.015155367,176.500928855,1.126842612,-163.926151995
399333022.495338,240509_233705040.jpg,487994.361,7039153.976,428.875,-0.959640887,3.957083656,1.962257699,163.874605922,175.657111972,0.779410024,-163.777447565
399333022.964038,240509_233705509.jpg,488003.878,7039150.95,429.173,-0.959237912,3.774332545,2.891147889,163.927408517,175.574862271,1.723515106,-163.765780492
399333023.432738,240509_233705979.jpg,488013.359,7039147.945,429.575,-0.958953773,3.634576157,2.904556286,163.870963137,175.703564617,1.771168851,-163.712584269
399333023.901438,240509_233706449.jpg,488022.755,7039144.952,430.002,-0.957990065,3.448159101,3.1901184,163.724953629,175.797249342,2.086064553,-163.552605414
399333024.381539,240509_233706930.jpg,488032.291,7039141.875,430.5,-0.956738746,3.106604275,3.369846902,163.505252235,176.065136777,2.339591576,-163.333708014
399333024.861639,240509_233707411.jpg,488041.719,7039138.866,431.051,-0.957368329,4.03123669,4.576024168,163.920604416,174.855814018,3.262675336,-163.61325048
399333025.352039,240509_233707902.jpg,488051.291,7039135.876,431.768,-0.95919841,4.045156271,4.365488722,164.246685954,174.919139256,3.086380979,-163.955843158
399333025.84244,240509_233708393.jpg,488060.706,7039132.937,432.535,-0.96045398,3.244163974,5.141693926,164.749352896,175.511292968,4.091020457,-164.443616827
399333026.34404,240509_233708896.jpg,488070.282,7039130.129,433.317,-0.963790095,3.840496766,5.074596821,165.474116878,175.002955484,3.929995948,-165.1327266
399333026.84564,240509_233709399.jpg,488079.788,7039127.451,434.097,-0.968938564,3.778873967,5.030657145,166.690276704,175.157706517,4.007036437,-166.355127296
399333027.357541,240509_233709911.jpg,488089.474,7039124.975,434.851,-0.975047635,3.675496587,4.92141897,168.269068024,175.393900795,4.053897758,-167.948356606
399333027.869441,240509_233710424.jpg,488099.168,7039122.819,435.559,-0.982887779,3.860023679,4.363991456,170.472996086,175.466013457,3.64885902,-170.181749781
399333028.381341,240509_233710937.jpg,488108.867,7039121.063,436.199,-0.989569684,3.830018639,4.230234337,173.090978198,175.683762599,3.723482833,-172.809482504
399333028.903641,240509_233711461.jpg,488118.783,7039119.778,436.792,-0.994081666,4.557705009,4.435455675,175.976487285,175.13395039,4.084781197,-175.626706381
399333029.425942,240509_233711984.jpg,488128.747,7039118.995,437.375,-0.996713151,5.328891741,4.143972572,178.839924746,174.578956623,4.011986314,-178.457456528
399333029.948242,240509_233712507.jpg,488138.717,7039118.672,437.977,-0.996060904,5.067998629,4.571676023,-178.61715808,175.030752292,4.669278836,179.021797516
399333030.470542,240509_233713031.jpg,488148.718,7039118.739,438.62,-0.995400942,4.470528856,3.865084323,-176.504280906,175.765538527,4.113966826,176.806947234
399333030.992843,240509_233713554.jpg,488158.714,7039119.144,439.196,-0.992519851,3.035442118,3.638099928,-174.263632576,177.339312418,3.913738679,174.450667489
399333031.515143,240509_233714077.jpg,488168.692,7039120.016,439.719,-0.988542433,3.415733804,3.360223592,-172.184747921,177.068682556,3.783399565,172.381487596
399333032.037443,240509_233714601.jpg,488178.658,7039121.215,440.172,-0.98491913,3.508143825,3.237515613,-170.736638656,177.054544687,3.749987847,170.931940737
399333032.559744,240509_233715124.jpg,488188.675,7039122.647,440.642,-0.981789973,3.376396352,3.321552374,-169.706687591,177.267128815,3.86173786,169.896444824
399333033.071644,240509_233715637.jpg,488198.552,7039124.213,441.081,-0.978770696,3.011807084,3.283604305,-168.766897753,177.682072386,3.799001567,168.929831081
399333033.583544,240509_233716150.jpg,488208.509,7039125.945,441.427,-0.976112527,2.401787672,2.751650864,-167.877554005,178.228458015,3.188591077,167.984328031
399333034.095445,240509_233716663.jpg,488218.5,7039127.893,441.735,-0.97512104,3.38248843,2.398215433,-167.537500661,177.212935888,3.063969034,167.682631659
399333034.596945,240509_233717165.jpg,488228.337,7039129.807,442.017,-0.973887664,2.965202341,2.437465808,-167.221038647,177.646041694,3.026221781,167.346092448
399333035.098445,240509_233717668.jpg,488238.212,7039131.777,442.309,-0.974086422,2.723629793,1.935364921,-167.188248043,177.773304616,2.485723951,167.28239329
399333035.599945,240509_233718170.jpg,488248.112,7039133.685,442.536,-0.97527092,1.488729343,2.035060812,-167.513891107,178.987126003,2.304843209,167.560562568
399333036.101446,240509_233718673.jpg,488258.074,7039135.62,442.719,-0.976975724,2.014380016,1.121440349,-167.857167127,178.268000099,1.516756179,167.899707508
399333036.602946,240509_233719175.jpg,488268.032,7039137.514,442.847,-0.976861909,2.379312396,1.374196238,-167.851690653,177.964231007,1.840089559,167.912794681
399333037.104446,240509_233719678.jpg,488278.013,7039139.439,442.962,-0.977068803,3.387050341,1.091351272,-167.879873595,176.918818815,1.773353493,167.959705517
399333037.594747,240509_233720169.jpg,488287.776,7039141.297,443.032,-0.975843411,3.266454327,1.124995524,-167.552636818,177.053983458,1.797878181,167.630816016
399333038.085047,240509_233720660.jpg,488297.547,7039143.202,443.071,-0.975038601,3.123260021,0.848635142,-167.319212356,177.140849097,1.509594503,167.379915552
399333038.575347,240509_233721151.jpg,488307.298,7039145.149,443.113,-0.974917419,3.161047507,0.931010533,-167.293266557,177.122657371,1.599336318,167.359009477
399333039.065648,240509_233721643.jpg,488317.072,7039147.103,443.169,-0.975324785,3.278275828,0.695617207,-167.384979413,176.954637357,1.391008338,167.441764203
399333039.555948,240509_233722134.jpg,488326.836,7039149.036,443.208,-0.974987932,3.080874094,1.201900056,-167.334035667,177.258712572,1.843541472,167.410336315
399333040.046248,240509_233722625.jpg,488336.63,7039150.949,443.25,-0.974751483,2.397219027,1.031949547,-167.257725273,177.89088699,1.531738269,167.30740719
399333040.536548,240509_233723117.jpg,488346.422,7039152.917,443.303,-0.973719144,2.421321597,0.975307021,-166.98782542,177.861955355,1.491964938,167.036175159
399333041.026849,240509_233723608.jpg,488356.211,7039154.942,443.341,-0.97253932,2.462762963,0.716007385,-166.674612414,177.770344654,1.261251978,166.714461844
399333041.517149,240509_233724099.jpg,488365.958,7039157.033,443.388,-0.970676544,2.829351127,1.179047648,-166.250128396,177.533081708,1.813467598,166.318167468
399333042.007449,240509_233724590.jpg,488375.659,7039159.166,443.475,-0.968486417,2.630672107,0.577857167,-165.695289954,177.59555881,1.206909602,165.733807931
399333042.50985,240509_233725094.jpg,488385.437,7039161.478,443.49,-0.964486883,3.400108692,1.112868155,-164.824052195,177.01067617,1.959183629,164.908071067
399333043.01225,240509_233725597.jpg,488395.148,7039163.873,443.531,-0.961082804,3.06694788,0.786343746,-164.076632943,177.267971639,1.593737905,164.135587074
399333043.51465,240509_233726101.jpg,488404.773,7039166.429,443.577,-0.958547066,3.8098713,0.671904199,-163.550160062,176.537799338,1.718732955,163.624348565
399333044.017051,240509_233726604.jpg,488414.336,7039169.024,443.627,-0.955902298,3.878476678,1.212387059,-163.052037783,176.643517066,2.284254231,163.159866842
399333044.519451,240509_233727107.jpg,488423.872,7039171.688,443.73,-0.952443514,3.443988287,1.151989847,-162.380562365,177.066811419,2.135257753,162.469727524
399333045.021851,240509_233727611.jpg,488433.361,7039174.446,443.855,-0.948336012,2.796422987,1.431677858,-161.637440621,177.797376019,2.235044452,161.715208039
399333045.522751,240509_233728113.jpg,488442.808,7039177.341,444.018,-0.943456305,2.45934932,1.947225422,-160.812624785,178.317016854,2.642413699,160.893063335
399333046.023652,240509_233728615.jpg,488452.248,7039180.409,444.183,-0.938622868,2.823434044,2.322394331,-160.024601293,178.138377826,3.141183174,160.132666722
399333046.524552,240509_233729116.jpg,488461.68,7039183.624,444.48,-0.932258298,2.613987566,2.75623315,-159.031890071,178.543519545,3.502994757,159.139075818
399333047.025452,240509_233729618.jpg,488471.094,7039187,444.835,-0.928000666,2.72917891,2.582278022,-158.338969986,178.414870627,3.401198309,158.447315533
399333047.526353,240509_233730120.jpg,488480.451,7039190.45,445.226,-0.920729767,1.754459607,3.358746662,-157.331495292,179.674583478,3.770138711,157.393390786
399333048.027253,240509_233730622.jpg,488489.731,7039194.079,445.673,-0.915494702,1.559015203,3.595318537,-156.596960231,179.996630984,3.913497178,156.645743796
399333048.528153,240509_233731124.jpg,488498.941,7039197.823,446.24,-0.911849633,1.623908685,3.666603206,-156.085551016,-179.998960496,4.004726185,156.137222677
399333049.039854,240509_233731637.jpg,488508.245,7039201.715,446.865,-0.908029924,2.189062105,4.613748624,-155.701107183,179.900529936,5.098882291,155.793358005
399333049.551554,240509_233732149.jpg,488517.494,7039205.683,447.509,-0.90653457,3.099314999,3.995479947,-155.391242469,178.84030443,4.914861127,155.548768756
399333050.063254,240509_233732662.jpg,488526.66,7039209.582,448.138,-0.904694446,2.44019694,4.673478411,-155.249611872,179.736718048,5.258394901,155.360897529
399333050.586454,240509_233733186.jpg,488535.902,7039213.553,448.843,-0.908343299,2.592785981,4.203883088,-155.675037496,179.36496452,4.891327932,155.796970385
399333051.120355,240509_233733721.jpg,488545.105,7039217.408,449.533,-0.915205347,2.764792678,4.702454099,-156.74103873,179.311265718,5.403745765,156.886668839
399333051.679155,240509_233734281.jpg,488554.584,7039221.049,450.238,-0.93229117,2.115684419,4.433164042,-159.313956989,179.583782206,4.887790611,159.413270485
399333052.237956,240509_233734841.jpg,488564.025,7039224.139,450.895,-0.947302536,0.977621525,3.406064012,-161.700485304,-179.858472787,3.535946273,161.724969876
399333052.803256,240509_233735407.jpg,488573.599,7039226.825,451.466,-0.961816914,-0.390967403,2.068124244,-164.344350267,-179.064446464,1.882431698,164.321835588
399333053.369156,240509_233735975.jpg,488583.214,7039229.239,451.774,-0.974148265,2.942435156,2.447018314,-167.291016024,177.666623405,3.027615067,167.415314954
399333053.945157,240509_233736552.jpg,488593.111,7039231.01,452.175,-0.983327861,1.686055056,3.437683171,-170.253601289,178.919128753,3.66764588,170.33857367
399333054.509857,240509_233737118.jpg,488602.981,7039232.129,452.655,-0.991908348,-0.679395293,3.467817396,-173.825110563,-178.949308867,3.369505318,173.773540678
399333055.074557,240509_233737683.jpg,488612.983,7039232.706,453.066,-0.996936008,-2.454378044,2.525077914,-176.736610873,-177.403678033,2.375049387,176.628696027
399333055.639258,240509_233738249.jpg,488623.059,7039232.802,453.277,-0.999312519,-3.058205706,1.161633167,179.793109266,-176.945536319,1.168412813,-179.855226374
399333056.203958,240509_233738815.jpg,488633.12,7039232.28,453.332,-0.996647176,-2.82240672,0.754037126,175.717512049,-177.241396222,0.959412551,-175.759143155
399333056.768658,240509_233739381.jpg,488643.178,7039231.064,453.29,-0.988120921,-1.695637819,-0.011376842,171.337168688,-178.321498306,0.242514231,-171.340520915
399333057.322859,240509_233739936.jpg,488652.94,7039229.061,453.191,-0.975204102,-2.039095043,-0.000017828,167.335037643,-178.01013832,0.445257674,-167.342728661
399333057.877059,240509_233740491.jpg,488662.644,7039226.405,453.049,-0.955701321,-1.228802489,-0.191563468,162.972079078,-178.768301068,0.175197429,-162.97187416
399333058.420359,240509_233741036.jpg,488672.052,7039223.045,452.831,-0.935440599,-1.258300492,-0.781002121,159.386013262,-178.546832743,-0.288835372,-159.373736183
399333058.95256,240509_233741569.jpg,488681.202,7039219.16,452.516,-0.919568825,-1.490935948,-1.041633096,156.949400359,-178.22000804,-0.375253791,-156.929978852
399333059.47326,240509_233742091.jpg,488690.199,7039214.958,452.16,-0.903772093,-0.895386931,-1.322944376,154.748532638,-178.625338899,-0.814894002,-154.728382208
399333059.98226,240509_233742601.jpg,488698.993,7039210.398,451.753,-0.894975921,-1.526755077,-1.879893731,153.622327039,-177.796886122,-1.005300002,-153.57791399
399333060.491261,240509_233743111.jpg,488707.878,7039205.687,451.313,-0.892387354,-1.020149354,-1.971027824,153.296186065,-178.202523607,-1.301916655,-153.25817731
399333060.989561,240509_233743610.jpg,488716.654,7039200.951,450.867,-0.893124763,-1.537601381,-1.611715934,153.368028868,-177.903002601,-0.751328329,-153.332615638
399333061.487861,240509_233744109.jpg,488725.583,7039196.211,450.457,-0.889888484,-0.491872056,-1.860366002,152.971711993,-178.715852632,-1.43348742,-152.947622029
399333061.973661,240509_233744596.jpg,488734.32,7039191.462,450.035,-0.890266376,-0.489710498,-1.895231361,153.02168288,-178.703208368,-1.466621418,-152.996945622
399333062.459462,240509_233745083.jpg,488743.18,7039186.746,449.576,-0.891197444,0.99928425,-2.03187093,153.148878416,-179.973237492,-2.263623393,-153.16601858
399333062.945262,240509_233745570.jpg,488752.115,7039181.962,449.093,-0.889915039,1.610872916,-2.32227561,153.008132074,179.618580469,-2.799249058,-153.050037092
399333063.420362,240509_233746046.jpg,488760.881,7039177.181,448.603,-0.888391624,1.246895953,-1.847543657,152.782562532,179.73671822,-2.212770137,-152.807704717
399333063.895463,240509_233746522.jpg,488769.753,7039172.382,448.17,-0.888983469,2.296675484,-2.079781343,152.872401686,178.903757567,-2.896523178,-152.941747215
399333064.359563,240509_233746987.jpg,488778.484,7039167.678,447.77,-0.891153976,2.961885402,-2.052853474,153.144805562,178.283413533,-3.166759604,-153.245267913
399333064.823663,240509_233747452.jpg,488787.283,7039162.973,447.349,-0.892506179,3.271950978,-1.785193759,153.299168672,177.877635875,-3.062118796,-153.406835029
399333065.287763,240509_233747917.jpg,488796.101,7039158.239,446.939,-0.891339609,3.111048403,-1.703000046,153.145703736,177.992696181,-2.922190412,-153.243104488
399333065.751864,240509_233748382.jpg,488804.915,7039153.471,446.548,-0.890144865,2.779034276,-1.929784049,153.008531061,178.398545282,-2.978643661,-153.096922696
399333066.215964,240509_233748847.jpg,488813.731,7039148.703,446.135,-0.890317319,2.793106382,-1.439417622,153.001995662,178.16456422,-2.548879988,-153.077886304
399333066.680064,240509_233749312.jpg,488822.552,7039143.847,445.759,-0.887546691,1.709619982,-1.586598094,152.661614024,179.210474213,-2.193933169,-152.700363845
399333067.144165,240509_233749777.jpg,488831.369,7039138.955,445.405,-0.884050153,1.240460972,-1.53903669,152.225704844,179.620354725,-1.939549057,-152.248753831
399333067.608265,240509_233750242.jpg,488840.122,7039133.976,445.038,-0.879615884,0.279478004,-1.446578018,151.680392986,-179.558990343,-1.406251785,-151.678473727
399333068.072365,240509_233750707.jpg,488848.81,7039128.912,444.675,-0.870225019,-0.414027602,-1.575548032,150.571373076,-178.864710217,-1.169000651,-150.554063721
399333068.536465,240509_233751172.jpg,488857.348,7039123.64,444.294,-0.855132045,-1.559913735,-1.599844551,148.856268716,-177.837603094,-0.562511296,-148.823842209
399333069.000566,240509_233751637.jpg,488865.732,7039118.16,443.911,-0.834030494,-1.184476968,-1.792405482,146.598747316,-178.024409846,-0.844221958,-146.565635515
399333069.464666,240509_233752102.jpg,488873.883,7039112.362,443.496,-0.807766492,-0.710849845,-2.018686117,143.964503617,-178.237411304,-1.214028718,-143.93327999
399333069.928766,240509_233752567.jpg,488881.741,7039106.194,443.03,-0.779591601,-0.421851084,-2.390317601,141.319369215,-178.176548181,-1.601815384,-141.285055066
399333070.392867,240509_233753032.jpg,488889.243,7039099.669,442.54,-0.754068216,-1.091960326,-2.033185968,139.01682302,-177.842465905,-0.81857135,-138.982019217
399333070.856967,240509_233753497.jpg,488896.5,7039092.878,442.098,-0.725525351,-0.857417052,-2.21744521,136.586636374,-177.853408492,-1.021272702,-136.550901057
399333071.321067,240509_233753962.jpg,488903.406,7039085.749,441.613,-0.700205369,-2.574910476,-2.363461543,134.518120208,-176.511221982,0.179596392,-134.470485519
399333071.785167,240509_233754427.jpg,488910.033,7039078.366,441.1,-0.67041609,-3.950331649,-2.836096331,132.187377785,-175.249433723,1.024354657,-132.132110319
399333072.249268,240509_233754892.jpg,488916.452,7039070.824,440.567,-0.639273964,-2.374075253,-2.723162833,129.814262006,-176.39020899,0.080850446,-129.760415665
399333072.713368,240509_233755357.jpg,488922.524,7039062.958,439.983,-0.615422749,-2.631724695,-3.359111319,128.080995604,-175.735667343,0.001833324,-128.003961532
399333073.177468,240509_233755822.jpg,488928.421,7039054.918,439.384,-0.583974073,-1.292883559,-3.062595302,125.809148509,-176.761202148,-0.742504258,-125.753637773
399333073.641568,240509_233756287.jpg,488933.973,7039046.591,438.785,-0.54722875,-1.102810304,-2.705252156,123.236733078,-177.133968579,-0.560125115,-123.196718527
399333074.105669,240509_233756752.jpg,488939.16,7039037.986,438.169,-0.504994655,-0.741663604,-3.1350015,120.397206716,-176.921822722,-0.946018592,-120.351543468
399333074.569769,240509_233757217.jpg,488943.909,7039029.119,437.522,-0.466801738,-0.766741211,-3.166984578,117.887545861,-176.84350435,-0.803208615,-117.844279392
399333075.033869,240509_233757682.jpg,488948.294,7039020.037,436.886,-0.427498907,-0.47626905,-3.420656375,115.370193157,-176.706521872,-1.034761563,-115.326291629
399333075.49797,240509_233758147.jpg,488952.281,7039010.756,436.219,-0.390850608,-0.318290567,-3.385639243,113.061548002,-176.761594825,-1.033025994,-113.023010349
399333075.96207,240509_233758612.jpg,488955.902,7039001.297,435.545,-0.359426694,-0.594415782,-3.331354772,111.112839614,-176.679783192,-0.645379192,-111.076932648
399333076.42617,240509_233759077.jpg,488959.196,7038991.686,434.874,-0.338368247,-1.493159585,-3.425670183,109.824162275,-176.27338493,0.242760751,-109.78752224
399333076.89027,240509_233759542.jpg,488962.369,7038982.012,434.239,-0.320999616,-0.811363892,-3.172344932,108.762419367,-176.737002893,-0.252429984,-108.732852642
399333077.344171,240509_233759997.jpg,488965.294,7038972.455,433.627,-0.304554358,-0.500075361,-2.441670975,107.75670101,-177.523133382,-0.269180965,-107.740286641
399333077.798071,240509_233800452.jpg,488968.073,7038962.771,433.126,-0.292512317,-0.445103408,-1.877224022,107.026153066,-178.075217339,-0.125149819,-107.016802275
399333078.251971,240509_233800907.jpg,488970.831,7038953.007,432.66,-0.288975711,0.835339922,-1.77882301,106.81318727,-178.538964387,-1.314750658,-106.809422219
399333078.705871,240509_233801362.jpg,488973.499,7038943.172,432.242,-0.282505786,0.7128565,-1.364191909,106.422601249,-178.892824965,-1.070253731,-106.420771601
399333079.148672,240509_233801805.jpg,488976.069,7038933.496,431.895,-0.278639367,0.867309776,-1.805185011,106.195153509,-178.508500407,-1.336959744,-106.191446956
399333079.591472,240509_233802249.jpg,488978.609,7038923.824,431.581,-0.275395031,1.231172731,-1.240029221,105.997183417,-179.146984928,-1.525840535,-105.99917055
399333080.034272,240509_233802692.jpg,488981.159,7038914.128,431.327,-0.271263475,2.139853529,-0.78477023,105.748631911,-179.824917755,-2.272817293,-105.759836023
399333080.477073,240509_233803136.jpg,488983.64,7038904.415,431.154,-0.270687082,2.356010237,0.15893314,105.712845528,179.21037851,-2.225355384,-105.72493587
399333080.919873,240509_233803580.jpg,488986.141,7038894.68,431.071,-0.267341005,3.038034808,0.314136495,105.513865312,178.886040461,-2.843436569,-105.533217346
399333081.362673,240509_233804024.jpg,488988.583,7038884.931,431.038,-0.26185038,3.167868525,0.196443566,105.187335922,178.981626105,-3.005771032,-105.208658703
399333081.805473,240509_233804467.jpg,488990.927,7038875.181,431.019,-0.257014728,2.522570867,0.638244886,104.901155259,178.736431807,-2.274089499,-104.912208432
399333082.248274,240509_233804911.jpg,488993.208,7038865.42,431.021,-0.257478773,1.648896346,0.766526595,104.929102744,178.836703057,-1.396703668,-104.93225722
399333082.691074,240509_233805355.jpg,488995.608,7038855.723,431.141,-0.260492078,2.992129634,1.335328657,105.110769402,177.933456471,-2.541062879,-105.121772396
399333083.133874,240509_233805798.jpg,488997.975,7038846.036,431.309,-0.266605511,3.022269601,1.748308418,105.477243741,177.511766996,-2.446806074,-105.484311587
399333083.576674,240509_233806242.jpg,489000.402,7038836.396,431.487,-0.270477228,3.138378134,2.182619673,105.711954038,177.052856481,-2.430937552,-105.714754112
399333084.019475,240509_233806686.jpg,489002.842,7038826.789,431.723,-0.271891476,3.195360998,2.069301007,105.795060614,177.142688225,-2.51223997,-105.800058935
399333084.462275,240509_233807129.jpg,489005.283,7038817.254,432.008,-0.269954362,3.320152738,2.403219504,105.683275299,176.792858341,-2.547844467,-105.685019006
399333084.905075,240509_233807573.jpg,489007.688,7038807.77,432.333,-0.268109683,3.538042152,2.606182052,105.575848535,176.543908781,-2.709285079,-105.577172772
399333085.359075,240509_233808028.jpg,489010.137,7038798.103,432.685,-0.266797948,3.851096891,2.4026637,105.495260426,176.659763175,-3.069892677,-105.504091301
399333085.813076,240509_233808483.jpg,489012.533,7038788.512,433.05,-0.271915407,3.825114175,3.061109484,105.809046793,176.0177527,-2.847726745,-105.805927168
399333086.267076,240509_233808938.jpg,489014.98,7038778.957,433.419,-0.266461701,4.22152891,2.559680165,105.477124785,176.410672534,-3.385978032,-105.489000928
399333086.732376,240509_233809404.jpg,489017.394,7038769.202,433.741,-0.270398728,3.461563333,2.647216848,105.712784142,176.518751293,-2.616347942,-105.712376289
399333087.197677,240509_233809870.jpg,489019.831,7038759.484,434.08,-0.270125449,2.972474631,2.567851205,105.695480918,176.72816619,-2.168173906,-105.690827546
399333087.662977,240509_233810336.jpg,489022.248,7038749.778,434.405,-0.273951487,2.135649835,2.497277597,105.922763594,177.016841902,-1.370121596,-105.911900944
399333088.128277,240509_233810802.jpg,489024.803,7038740.102,434.686,-0.284611817,3.143859857,2.10610706,106.555186406,177.089124483,-2.414298897,-106.558790848
399333088.593577,240509_233811269.jpg,489027.449,7038730.458,434.98,-0.300783825,2.978690801,2.46070898,107.529903865,176.760701957,-2.100456536,-107.525369406
399333089.058878,240509_233811735.jpg,489030.287,7038720.828,435.258,-0.322605915,3.293276574,1.701957257,108.838450262,177.328966749,-2.567970795,-108.849458627
399333089.524178,240509_233812201.jpg,489033.39,7038711.324,435.536,-0.354313241,4.13810881,2.565701165,110.783401763,176.137404154,-2.959588074,-110.790630462
399333089.989478,240509_233812667.jpg,489036.842,7038701.927,435.879,-0.380928609,5.498402735,2.13599189,112.418789548,175.930695065,-4.268179739,-112.468076018
399333090.454779,240509_233813134.jpg,489040.506,7038692.626,436.262,-0.418480794,5.270961422,2.273273285,114.771986081,175.730490015,-3.833944437,-114.810465139
399333090.920079,240509_233813600.jpg,489044.573,7038683.487,436.576,-0.458932488,5.167495228,2.125366,117.352615862,175.741101617,-3.613830423,-117.391274231
399333091.385379,240509_233814066.jpg,489049.037,7038674.535,436.856,-0.495356588,5.074814105,2.231174241,119.733507313,175.549462681,-3.301222826,-119.763099256
399333091.850679,240509_233814532.jpg,489053.854,7038665.768,437.178,-0.527961753,4.705308037,2.524740956,121.919293735,175.374391277,-2.661205345,-121.923214908
399333092.31598,240509_233814998.jpg,489058.987,7038657.183,437.531,-0.560248035,4.033560499,2.902350267,124.141048547,175.340334098,-1.713191443,-124.108683706
399333092.78128,240509_233815465.jpg,489064.453,7038648.784,437.883,-0.591802875,3.511046552,2.442272982,126.34319544,175.957271383,-1.383776123,-126.317287954
399333093.24658,240509_233815931.jpg,489070.32,7038640.669,438.167,-0.623017037,5.098682009,2.351268871,128.59684089,174.986873037,-2.520851256,-128.602699926
399333093.711881,240509_233816397.jpg,489076.418,7038632.73,438.495,-0.65162235,4.214466414,2.547555043,130.736022326,175.325287251,-1.534822121,-130.705085012
399333094.177181,240509_233816863.jpg,489082.747,7038624.977,438.908,-0.676288448,2.338451785,3.340789453,132.668751384,175.963387384,0.539339471,-132.581636372
399333094.642481,240509_233817329.jpg,489089.424,7038617.481,439.296,-0.697659309,2.831931367,3.006977249,134.342872287,175.87523785,0.071206086,-134.266082932
399333095.107781,240509_233817796.jpg,489096.283,7038610.155,439.663,-0.709620125,2.751988412,3.235810586,135.323524883,175.773023092,0.360154362,-135.23261275
399333095.573082,240509_233818262.jpg,489103.27,7038602.9,440.05,-0.712377378,2.82759421,2.462231476,135.509978929,176.262035737,-0.229124739,-135.456782178
399333096.038382,240509_233818728.jpg,489110.281,7038595.686,440.417,-0.715584737,3.171411517,2.766547528,135.787451825,175.802964746,-0.233533429,-135.719541191
399333096.503682,240509_233819194.jpg,489117.315,7038588.492,440.796,-0.717211762,3.196162707,3.335575957,135.952810152,175.389321886,0.168754114,-135.853086701
399333096.968983,240509_233819661.jpg,489124.363,7038581.273,441.195,-0.719115596,2.51328293,2.947042277,136.088150819,176.150047495,0.37490881,-136.010994658
399333097.434283,240509_233820127.jpg,489131.443,7038574.078,441.587,-0.715016782,2.39654558,2.752749179,135.740058366,176.366827483,0.294339209,-135.673225882
399333097.899583,240509_233820593.jpg,489138.491,7038566.842,441.942,-0.711720911,2.583537263,2.856170523,135.474839959,176.159930778,0.21980924,-135.403157537
399333098.364883,240509_233821059.jpg,489145.532,7038559.56,442.271,-0.710743872,2.858970195,2.431119681,135.37507264,176.262112399,-0.282046773,-135.323704973
399333098.830184,240509_233821525.jpg,489152.58,7038552.259,442.567,-0.713039423,3.183061251,2.10690502,135.549805162,176.256891831,-0.728408047,-135.515170221
399333099.295484,240509_233821992.jpg,489159.651,7038544.976,442.822,-0.717641071,3.153361593,2.040421671,135.925528621,176.319695695,-0.730812009,-135.892945353
399333099.760784,240509_233822458.jpg,489166.739,7038537.748,443.126,-0.718160719,2.704208916,2.242765428,135.97621214,176.501258374,-0.270270485,-135.931617167
399333100.226084,240509_233822924.jpg,489173.822,7038530.523,443.355,-0.71847983,2.306872481,1.690523759,135.982969041,177.169922605,-0.389872807,-135.958621371
399333100.691385,240509_233823390.jpg,489180.926,7038523.374,443.524,-0.71903177,3.296206398,1.749754503,136.03038108,176.417056361,-1.031827812,-136.012406824
399333101.156685,240509_233823857.jpg,489187.962,7038516.176,443.675,-0.718451009,2.490656065,1.133928355,135.966430909,177.424291989,-0.91773578,-135.962464549
399333101.621985,240509_233824323.jpg,489194.975,7038509.068,443.779,-0.717185276,3.045054854,1.000919347,135.859578468,177.120688585,-1.403688517,-135.868317927
399333102.087286,240509_233824789.jpg,489201.881,7038501.996,443.863,-0.716715364,2.71803105,0.770776087,135.817257963,177.516297592,-1.342746737,-135.828128745
399333102.563286,240509_233825266.jpg,489208.906,7038494.859,443.89,-0.716146684,3.560001718,0.408458864,135.766687264,177.166071342,-2.190813767,-135.808246818
399333103.039286,240509_233825743.jpg,489215.794,7038487.733,443.897,-0.715096342,2.401146114,0.122217692,135.679095287,178.198544017,-1.590741368,-135.701566535
399333103.526286,240509_233826231.jpg,489222.751,7038480.579,443.864,-0.715137715,2.373456344,0.100926329,135.682447848,178.233116401,-1.586519176,-135.704843357
399333104.024287,240509_233826730.jpg,489229.714,7038473.445,443.807,-0.717888749,2.411787033,-0.260911716,135.909162045,178.450619117,-1.865684913,-135.939894752
399333104.533487,240509_233827240.jpg,489236.672,7038466.374,443.711,-0.722118051,2.327711234,-0.361598814,136.259271471,178.569521575,-1.870755785,-136.289981057
399333105.052887,240509_233827760.jpg,489243.648,7038459.376,443.573,-0.728441206,2.339786619,-0.641398499,136.788680239,178.734733128,-2.069382366,-136.824630442
399333105.594388,240509_233828303.jpg,489250.801,7038452.351,443.409,-0.73554629,2.295311188,-0.847748347,137.389815911,178.885312906,-2.177596908,-137.427977699
399333106.147388,240509_233828857.jpg,489257.946,7038445.487,443.195,-0.743339728,2.247264806,-1.088204762,138.058491912,179.05619138,-2.311010216,-138.098858624
399333106.722888,240509_233829434.jpg,489265.289,7038438.663,442.921,-0.755590023,2.981615299,-1.331539361,139.126279736,178.61614289,-2.956573782,-139.196627594
399333107.311589,240509_233830024.jpg,489272.715,7038432.007,442.601,-0.774466979,2.865398363,-1.747543889,140.822806163,178.881646315,-3.163101537,-140.897355707
399333107.933589,240509_233830647.jpg,489280.533,7038425.55,442.282,-0.803171208,3.642890832,-1.810290676,143.509410127,178.14513389,-3.61861997,-143.625531772
399333108.57939,240509_233831294.jpg,489288.591,7038419.579,441.954,-0.833475906,4.663128616,-1.717498415,146.537523923,177.051618779,-3.998382813,-146.710345311
399333109.26309,240509_233831979.jpg,489297.017,7038414.009,441.624,-0.859026262,5.830173033,-1.830267901,149.302378864,175.911318301,-4.539948174,-149.557655843
399333110.001791,240509_233832719.jpg,489305.719,7038408.784,441.308,-0.887126685,5.18426244,-2.27443291,152.653942274,176.431337199,-4.392433321,-152.893718158
399333110.826091,240509_233833545.jpg,489314.954,7038404.14,440.975,-0.918308535,6.487146324,-2.45621029,156.866204396,174.985052513,-4.790526135,-157.215180615
399333111.807592,240509_233834529.jpg,489324.789,7038400.066,440.663,-0.945761016,6.594068597,-1.932057833,161.217695746,174.37001604,-3.937023793,-161.522562283
399333113.165693,240509_233835889.jpg,489335.56,7038396.098,440.299,-0.911688859,7.669946747,-0.716881361,155.810240957,173.289883824,-3.783674221,-156.080219886
399333115.014394,240509_233837742.jpg,489343.952,7038389.242,440.417,-0.465037505,5.752890105,1.945800994,117.744272528,175.601429268,-4.185523065,-117.80748314
399333116.619095,240509_233839350.jpg,489345.827,7038380.046,440.506,0.107037322,4.228218036,0.423370002,83.852344013,-179.965795748,-4.248635269,-83.835498753
399333118.026296,240509_233840760.jpg,489343.03,7038370.933,440.432,0.380985305,1.087163038,0.046841473,67.594048704,-179.627703674,-1.023916668,-67.590298734
399333119.288096,240509_233842024.jpg,489338.654,7038362.371,440.392,0.552958396,3.550415454,0.133031019,56.411627354,-178.144280268,-3.030591467,-56.358439897
399333120.439297,240509_233843177.jpg,489332.407,7038354.986,440.32,0.716165306,3.271780735,-0.149657344,44.233092967,-177.550168065,-2.175046125,-44.190875769
399333121.498798,240509_233844239.jpg,489324.89,7038348.729,440.225,0.784861588,2.52111368,0.611720993,38.253510415,-178.397258488,-2.04103146,-38.21150085
399333122.489198,240509_233845231.jpg,489316.929,7038342.942,440.18,0.798388209,2.446545514,0.425732614,36.985352697,-178.300467426,-1.811933742,-36.949389861
399333123.443899,240509_233846188.jpg,489308.839,7038337.192,440.123,0.800317206,2.660105926,0.265300723,36.802448708,-178.027723878,-1.805997631,-36.765208248
399333124.376399,240509_233847122.jpg,489300.718,7038331.348,440.066,0.796150789,3.40756954,-0.439914556,37.19788961,-177.019345616,-1.710188869,-37.166493347
399333125.3089,240509_233848057.jpg,489292.595,7038325.434,439.932,0.789674066,3.720421574,-0.941815254,37.799952019,-176.483489151,-1.53736974,-37.783361992
399333126.2839,240509_233849033.jpg,489284.371,7038319.36,439.686,0.782845242,3.031592491,-1.593780964,38.41603726,-176.635575469,-0.637778434,-38.439519722
399333127.476601,240509_233850229.jpg,489275.705,7038312.751,439.362,0.777257896,3.343215938,-2.38514598,38.894785586,-175.902599258,-0.247557996,-38.955584732
399333129.669603,240509_233852426.jpg,489265.194,7038304.419,438.747,0.785988336,5.568199448,-3.979111701,37.976855249,-173.169474219,-0.304506042,-38.152201657
399333132.510504,240509_233855272.jpg,489256.307,7038301.403,438.444,0.910171845,7.879519073,2.149002554,-24.322020827,-171.940135401,1.294721672,24.378794314
399333135.525406,240509_233858293.jpg,489253.583,7038309.056,439.117,-0.636770299,-1.195871213,2.151795508,-129.607267894,-177.580384753,0.447594423,129.575251716
399333137.54349,240509_233900315.jpg,489260.977,7038312.427,439.014,-0.985422711,1.971221745,2.046152161,-170.580983333,178.390733091,2.336605693,170.648847135
399333139.130191,240509_233901905.jpg,489269.661,7038314.513,439.331,-0.892297315,0.276779467,2.965562967,-153.369554629,-178.917211891,2.770863095,153.350356182
399333140.426792,240509_233903204.jpg,489277.666,7038319.09,439.604,-0.80991125,0.004951205,2.814589674,-144.220508294,-178.357753434,2.282350962,144.18774851
399333141.572993,240509_233904353.jpg,489285.545,7038324.632,439.865,-0.796124626,0.447090093,2.223984299,-142.854267746,-179.0128879,2.039368652,142.84522611
399333142.623822,240509_233905406.jpg,489293.469,7038330.41,440.04,-0.791439076,1.039824921,1.498894889,-142.380830301,-179.907981082,1.819017324,142.392849951
399333143.629623,240509_233906413.jpg,489301.507,7038336.304,440.151,-0.789977603,1.21401215,1.138714821,-142.23306047,179.738620839,1.640918337,142.248766628
399333144.614423,240509_233907400.jpg,489309.626,7038342.257,440.221,-0.7915505,1.348202286,0.794827523,-142.373033206,179.418618867,1.45003334,142.389661867
399333145.621124,240509_233908409.jpg,489317.876,7038348.252,440.266,-0.797645467,1.60392717,0.298864203,-142.942866417,178.901671672,1.202759583,142.958530049
399333146.813325,240509_233909603.jpg,489326.618,7038354.647,440.309,-0.750129579,0.843206594,0.766538791,-138.638288412,179.874753633,1.13021666,138.645091992
399333148.272126,240509_233911065.jpg,489334.036,7038362.605,440.392,-0.475181936,0.753715858,0.238975038,-118.386164836,179.85320163,0.774796543,118.388698503
399333149.880026,240509_233912676.jpg,489337.857,7038372.217,440.432,-0.138128469,-1.212092277,2.174602941,-97.949121581,-177.67955025,-0.900998175,97.944284638
399333151.553337,240509_233914353.jpg,489337.572,7038382.181,440.648,0.381745958,-0.977465777,3.399516735,-67.505135044,-177.233759039,-2.203120765,67.529294235
399333152.935837,240509_233915738.jpg,489332.902,7038390.054,440.847,0.766810754,-6.248422094,1.13990474,-39.885527106,175.926229808,-4.872980404,39.649898234
399333154.093338,240509_233916898.jpg,489325.393,7038395.01,440.958,0.910513861,-4.685934932,2.689137638,-24.223640215,176.822124988,-4.366252442,23.992556797
399333155.097739,240509_233917904.jpg,489316.883,7038398.957,441.164,0.916293102,-4.607547157,3.058530371,-23.359334797,176.973777644,-4.625345942,23.114183089
399333155.965539,240509_233918774.jpg,489308.469,7038403.014,441.438,0.897812324,-4.642917287,3.179930419,-25.891281428,177.201718709,-4.878798684,25.643272217
399333156.75704,240509_233919567.jpg,489300.107,7038407.56,441.73,0.871257727,-4.146778707,2.959071258,-29.21013736,177.817461624,-4.599826739,29.01545451
399333157.50104,240509_233920312.jpg,489291.828,7038412.714,441.99,0.838916621,-3.412622469,2.62118482,-32.839316733,178.550404056,-4.049047728,32.710069703
399333158.19694,240509_233921010.jpg,489283.878,7038418.376,442.262,0.809485235,-3.349143828,2.765954378,-35.824376768,178.899593382,-4.199316681,35.703248115
399333158.857641,240509_233921672.jpg,489276.156,7038424.418,442.516,0.785329124,-2.61709302,2.735183708,-38.131206043,179.62848454,-3.765221154,38.056580184
399333159.491241,240509_233922306.jpg,489268.599,7038430.757,442.787,0.766405547,-1.584551927,2.557677183,-39.866969574,-179.576804103,-2.977764301,39.842644606
399333160.101042,240509_233922917.jpg,489261.234,7038437.34,443.048,0.748887928,-1.004344207,2.764032757,-41.399491515,-178.925222531,-2.73661156,41.400975043
399333160.687542,240509_233923505.jpg,489254.048,7038444.133,443.292,0.736314934,-1.312771237,2.291552937,-42.501899464,-179.419464369,-2.575743723,42.488730726
399333161.263042,240509_233924082.jpg,489246.854,7038451.141,443.487,0.724933556,-0.902309808,1.913721784,-43.474276404,-179.337669661,-2.009400702,43.47084763
399333161.816043,240509_233924636.jpg,489239.813,7038458.178,443.633,0.724179466,-0.732991668,1.700551424,-43.54417911,-179.35925273,-1.737649876,43.543041129
399333162.358943,240509_233925180.jpg,489232.668,7038465.234,443.759,0.725807767,0.806096205,1.290040732,-43.419792103,-178.527591484,-0.383655725,43.433819945
399333162.891143,240509_233925713.jpg,489225.529,7038472.317,443.828,0.723720229,1.50099937,1.212442246,-43.59543616,-178.076974846,0.156050092,43.608725005
399333163.413044,240509_233926236.jpg,489218.434,7038479.474,443.884,0.717601726,1.166908356,1.112883442,-44.10392114,-178.387408548,0.012028684,44.115110531
399333163.924644,240509_233926749.jpg,489211.386,7038486.64,443.902,0.716488705,2.002764028,0.764563038,-44.201413178,-178.031087967,0.846647521,44.200266019
399333164.421744,240509_233927247.jpg,489204.456,7038493.704,443.912,0.718368979,2.307782226,0.387180184,-44.050517344,-178.071641067,1.324231106,44.036080274
399333164.918844,240509_233927745.jpg,489197.429,7038500.814,443.848,0.717893783,3.037168244,-0.001798985,-44.091045343,-177.818573638,2.111550906,44.050868043
399333165.415945,240509_233928243.jpg,489190.385,7038508.008,443.734,0.719343391,2.804039798,0.179429733,-43.97119542,-177.856519255,1.815093173,43.941693696
399333165.913045,240509_233928741.jpg,489183.267,7038515.216,443.611,0.721256213,2.89653737,-0.541781612,-43.810692944,-178.282797646,2.392702271,43.761226162
399333166.410145,240509_233929239.jpg,489176.179,7038522.376,443.467,0.723485124,2.527810188,-0.572843022,-43.62549781,-178.563642918,2.155525462,43.585922431
399333166.907246,240509_233929737.jpg,489169.032,7038529.535,443.274,0.72057104,2.760782106,-0.984784039,-43.861285312,-178.689231228,2.619281219,43.80769415
399333167.404346,240509_233930235.jpg,489161.926,7038536.74,443.019,0.717591922,2.758052004,-1.062752095,-44.105796563,-178.756551539,2.678866168,44.051246928
399333167.901446,240509_233930733.jpg,489154.841,7038543.975,442.736,0.719172355,2.633830632,-0.749995619,-43.980567447,-178.623450441,2.365222646,43.935003247
399333168.398546,240509_233931231.jpg,489147.692,7038551.207,442.474,0.715363475,3.087437148,-1.097985116,-44.28839206,-178.553454311,2.937643912,44.221829367
399333168.895647,240509_233931729.jpg,489140.623,7038558.542,442.178,0.711610575,2.230727658,-1.410691226,-44.588766374,-179.399114198,2.567061594,44.547941499
399333169.392747,240509_233932228.jpg,489133.567,7038565.881,441.843,0.712516062,1.955514111,-1.570273678,-44.510547142,-179.703818702,2.487213525,44.477415897
399333169.889847,240509_233932726.jpg,489126.594,7038573.283,441.505,0.716360085,-0.829430544,-1.635283074,-44.193361956,178.267996633,0.591720859,44.214139779
399333170.375948,240509_233933213.jpg,489119.637,7038580.395,441.15,0.71792984,-0.356101377,-2.101762236,-44.048381228,178.285275247,1.259993011,44.073782374
399333170.872048,240509_233933710.jpg,489112.589,7038587.65,440.788,0.718030052,-1.299159518,-1.609519408,-44.056569649,177.950021572,0.250759576,44.079284148
399333171.368148,240509_233934207.jpg,489105.47,7038594.867,440.407,0.714749342,-0.19335209,-2.336047535,-44.300887851,178.23253539,1.53352599,44.328506664
399333171.864249,240509_233934704.jpg,489098.437,7038602.119,440.029,0.708892993,-0.126713896,-2.006535281,-44.792464006,178.49880046,1.331716411,44.812154833
399333172.360349,240509_233935201.jpg,489091.541,7038609.457,439.669,0.697511967,-0.978182681,-0.81548362,-45.740168942,178.735504413,-0.133191924,45.745660215
399333172.856449,240509_233935698.jpg,489084.732,7038616.924,439.342,0.680675475,-0.814397112,-1.42880311,-47.06176366,178.401774917,0.374792242,47.077148327
399333173.35255,240509_233936195.jpg,489078.213,7038624.598,438.987,0.660697096,-3.05212026,-1.341792008,-48.609210738,176.978714116,-1.404222085,48.607853721
399333173.84865,240509_233936692.jpg,489071.865,7038632.389,438.672,0.629907609,-3.029961887,-1.468254652,-50.919416667,176.953644835,-1.428138316,50.920201495
399333174.34475,240509_233937189.jpg,489065.888,7038640.437,438.383,0.601614441,-3.796792388,-1.335288196,-52.982222229,176.65100024,-2.228622078,52.961232153
399333174.84085,240509_233937686.jpg,489060.164,7038648.644,438.054,0.572707719,-3.42777235,-1.274697798,-55.031867697,176.993890108,-2.079412852,55.015367709
399333175.336951,240509_233938184.jpg,489054.754,7038657.044,437.721,0.54212983,-3.293380271,-1.323845756,-57.143877115,177.104201953,-2.049361722,57.130062394
399333175.833051,240509_233938681.jpg,489049.708,7038665.64,437.424,0.508575259,-3.840808783,-1.193005442,-59.407655186,177.020759889,-2.699495753,59.377364828
399333176.329151,240509_233939178.jpg,489045.003,7038674.399,437.109,0.473528975,-4.327156521,-1.060101178,-61.716517878,177.017610645,-3.308093462,61.670339552
399333176.825252,240509_233939675.jpg,489040.603,7038683.297,436.828,0.441893344,-3.302993825,-0.86448038,-63.758666385,177.766214691,-2.58069449,63.733216982
399333177.321352,240509_233940172.jpg,489036.541,7038692.399,436.523,0.408720137,-3.606658187,-1.623305669,-65.853092259,177.046427426,-2.627740795,65.83637099
399333177.817452,240509_233940669.jpg,489032.782,7038701.648,436.148,0.373491503,-2.879132382,-1.309458375,-68.051941983,177.712117765,-2.181795232,68.041234177
399333178.313552,240509_233941166.jpg,489029.366,7038711.088,435.772,0.342395804,-2.475185984,-1.474014394,-69.960298604,177.770093216,-1.821213835,69.956665387
399333178.809653,240509_233941663.jpg,489026.223,7038720.65,435.438,0.313535196,-1.559530012,-1.218336974,-71.714357617,178.356558383,-1.099739072,71.715165392
399333179.305753,240509_233942160.jpg,489023.362,7038730.35,435.127,0.294332436,-1.430350336,-1.198848315,-72.870270886,178.435679102,-1.01503266,72.87138198
399333179.801853,240509_233942657.jpg,489020.66,7038740.143,434.805,0.281401916,-0.860447777,-1.482120255,-73.642532872,178.338363582,-0.409784318,73.647745514
399333180.297954,240509_233943154.jpg,489018.041,7038749.957,434.462,0.276754253,-0.009885103,-0.816670615,-73.923925316,179.214575843,0.214928667,73.925503919
399333180.782954,240509_233943640.jpg,489015.456,7038759.62,434.096,0.273975073,1.686002808,-1.427957923,-74.086262556,179.091507538,2.010251187,74.08129646
399333181.267954,240509_233944126.jpg,489012.941,7038769.333,433.765,0.272267025,2.05845869,-1.570249538,-74.18702896,179.052728581,2.405560985,74.178832541
399333181.752955,240509_233944612.jpg,489010.424,7038779.088,433.391,0.268491365,2.671645962,-1.453180562,-74.412794423,179.320917882,2.960704436,74.396595969
399333182.237955,240509_233945098.jpg,489007.991,7038788.938,433.033,0.266867787,1.732228996,-1.616294343,-74.508216523,178.907707016,2.098269407,74.5039018
399333182.722955,240509_233945584.jpg,489005.489,7038798.828,432.653,0.264034704,2.658553752,-1.725223394,-74.675870204,179.041666243,3.016748868,74.661226467
399333183.197155,240509_233946059.jpg,489003.089,7038808.576,432.263,0.263826297,2.383433483,-1.537878125,-74.689721384,179.148738092,2.701885554,74.677939173
399333183.671356,240509_233946534.jpg,489000.675,7038818.388,431.922,0.263023174,2.38557867,-1.0265261,-74.740581055,179.639825917,2.568746932,74.72738833
399333184.145556,240509_233947010.jpg,488998.25,7038828.273,431.639,0.262215777,2.360836172,-0.637798713,-74.790088325,-179.994126719,2.442681257,74.776903772
399333184.609056,240509_233947474.jpg,488995.865,7038838.008,431.435,0.262825069,2.397342968,-0.697645361,-74.75369985,179.959352213,2.493603425,74.740073846
399333185.072557,240509_233947938.jpg,488993.481,7038847.789,431.263,0.263317451,2.037057307,-0.389637398,-74.725236637,-179.837583565,2.065179789,74.715444012
399333185.536057,240509_233948403.jpg,488991.092,7038857.616,431.104,0.26339604,1.497437141,0.046208054,-74.72092007,-179.5596714,1.430138862,74.716059101
399333185.999557,240509_233948867.jpg,488988.705,7038867.481,431.009,0.263386131,0.914064209,0.539850548,-74.72081625,-179.237665591,0.737701505,74.720217689
399333186.463057,240509_233949332.jpg,488986.262,7038877.382,431.015,0.263366888,1.344773807,0.916612442,-74.720649889,-178.761123726,1.053809158,74.720002557
399333186.926558,240509_233949796.jpg,488983.781,7038887.306,431.044,0.269395406,2.068613139,1.126479848,-74.361011854,-178.357534737,1.686223408,74.357157896
399333187.378858,240509_233950249.jpg,488981.346,7038897.041,431.088,0.2742333,1.426886322,1.073574002,-74.073058314,-178.575977958,1.075657275,74.073042133
399333187.831158,240509_233950703.jpg,488978.827,7038906.785,431.172,0.278617408,1.719568262,1.850012337,-73.805744418,-177.744587946,1.133721342,73.811137474
399333188.283458,240509_233951156.jpg,488976.194,7038916.558,431.34,0.275688104,3.37490166,1.984983393,-73.979314894,-177.161570133,2.693656759,73.970971767
399333188.735759,240509_233951609.jpg,488973.693,7038926.374,431.596,0.276237825,2.431394796,3.026726018,-73.933385882,-176.420994568,1.497550931,73.950710138
399333189.188059,240509_233952062.jpg,488971.094,7038936.227,431.904,0.276643903,3.359989921,2.474675313,-73.916772618,-176.693020326,2.540899681,73.915892688
399333189.640359,240509_233952515.jpg,488968.515,7038946.062,432.26,0.280429421,3.361571485,3.073698194,-73.682102833,-176.10830458,2.361050252,73.691936484
399333190.09266,240509_233952969.jpg,488965.847,7038955.885,432.641,0.292595981,4.328082403,3.282789265,-72.94942194,-175.595484112,3.173689525,72.951235527
399333190.54496,240509_233953422.jpg,488963.095,7038965.665,433.111,0.304366877,4.178705161,3.57644311,-72.235501878,-175.322926025,2.887211858,72.247879793
399333190.99726,240509_233953875.jpg,488960.196,7038975.383,433.626,0.317294785,4.653454359,4.036393296,-71.443816149,-174.697511793,3.126631115,71.462812195
399333191.44956,240509_233954328.jpg,488957.185,7038985.049,434.233,0.34242896,4.027027334,4.066252977,-69.912442955,-174.803099888,2.385693747,69.946942984
399333191.901861,240509_233954781.jpg,488953.904,7038994.569,434.888,0.363103285,4.224086298,4.809555426,-68.619568165,-173.988586394,2.182084569,68.682162374
399333192.354161,240509_233955235.jpg,488950.443,7039004.017,435.583,0.388121841,3.683950035,4.248104168,-67.084353133,-174.658255576,1.740403495,67.139617788
399333192.806461,240509_233955688.jpg,488946.703,7039013.3,436.23,0.422790483,3.593092954,4.007239935,-64.910871688,-174.852402915,1.556232398,64.966462966
399333193.258762,240509_233956141.jpg,488942.59,7039022.342,436.862,0.45855465,4.521869092,4.401991275,-62.604546223,-174.018100099,1.992291135,62.674078163
399333193.711062,240509_233956594.jpg,488938.167,7039031.197,437.517,0.497596458,4.536047161,4.323810464,-60.04938686,-173.996069806,1.77525719,60.127381381
399333194.174362,240509_233957058.jpg,488933.226,7039039.994,438.127,0.538358907,5.306365528,4.346769154,-57.304925801,-173.483887628,2.122628585,57.385362213
399333194.637662,240509_233957523.jpg,488927.884,7039048.522,438.745,0.576294889,5.915171822,4.222604604,-54.68033747,-173.14359631,2.391010454,54.755100748
399333195.100963,240509_233957987.jpg,488922.206,7039056.811,439.348,0.611355466,5.629980896,4.168664949,-52.173816327,-173.263159034,1.897041548,52.266996704
399333195.564263,240509_233958451.jpg,488916.141,7039064.823,439.931,0.647466335,6.089607023,3.597756976,-49.52975706,-173.317851994,2.302604969,49.586573984
399333196.027563,240509_233958915.jpg,488909.761,7039072.539,440.488,0.671736612,6.121241337,4.002747469,-47.646802576,-172.92703828,1.83515349,47.74728269
399333196.490863,240509_233959379.jpg,488903.203,7039080.106,441.079,0.697964563,4.487919701,3.98886834,-45.573658645,-174.015943222,0.420018922,45.707928063
399333196.954164,240509_233959844.jpg,488896.311,7039087.372,441.619,0.730850703,4.134763037,3.651359036,-42.888010731,-174.490301042,0.1446961,43.012798251
399333197.417464,240509_234000308.jpg,488889.092,7039094.308,442.099,0.758495447,3.810055669,3.523874021,-40.509922628,-174.818008271,-0.198615937,40.63607644
399333197.880764,240509_234000772.jpg,488881.569,7039100.927,442.577,0.788333571,3.925345117,3.357361185,-37.808472443,-174.844154469,-0.240493771,37.934318416
399333198.344065,240509_234001236.jpg,488873.706,7039107.148,443.048,0.816422265,4.753029834,3.168722221,-35.108813422,-174.293792379,0.148145481,35.232902225
399333198.807365,240509_234001700.jpg,488865.583,7039113.065,443.503,0.837636691,4.290296137,2.961828778,-32.948889182,-174.792227257,-0.146365039,33.066468621
399333199.270665,240509_234002165.jpg,488857.249,7039118.692,443.937,0.856872261,3.747870449,3.209837645,-30.837245932,-175.138758743,-0.828772635,30.977434779
399333199.733965,240509_234002629.jpg,488848.707,7039124.049,444.39,0.872689068,2.74232754,3.36372303,-29.001037051,-175.970942282,-1.607418083,29.138103266
399333200.197266,240509_234003093.jpg,488839.966,7039129.146,444.822,0.880639728,2.618190569,3.108496849,-28.071997243,-176.22725648,-1.506628182,28.192670236
399333200.660566,240509_234003557.jpg,488831.12,7039134.121,445.224,0.885680118,2.875725935,2.822746168,-27.479244452,-176.146930737,-1.17358361,27.589587826
399333201.123866,240509_234004021.jpg,488822.206,7039139.013,445.617,0.888635726,3.245551951,2.84200163,-27.107458514,-175.817041337,-1.046519694,27.226201558
399333201.587167,240509_234004486.jpg,488813.266,7039143.87,446.024,0.890815125,3.24043856,2.942705774,-26.821585413,-175.781327288,-1.159210957,26.947527021
399333202.050467,240509_234004950.jpg,488804.318,7039148.71,446.455,0.890997516,2.756144624,3.181649824,-26.77305444,-176.106219324,-1.594391338,26.903809198
399333202.513767,240509_234005414.jpg,488795.376,7039153.559,446.893,0.889950836,2.215992999,2.799232308,-26.945463818,-176.756120253,-1.488363399,27.041772284
399333202.977067,240509_234005878.jpg,488786.481,7039158.39,447.309,0.888993629,2.030490637,3.038359963,-27.042572355,-176.809714229,-1.779899271,27.146010862
399333203.440368,240509_234006343.jpg,488777.621,7039163.223,447.724,0.889344154,1.765128433,2.920972848,-27.010261013,-177.100366854,-1.798216458,27.100802868
399333203.903668,240509_234006807.jpg,488768.791,7039167.996,448.112,0.891170757,2.122512046,3.119431607,-26.757728689,-176.699897172,-1.826363582,26.868155035
399333204.366968,240509_234007271.jpg,488759.959,7039172.669,448.518,0.893728844,3.217574619,3.399824068,-26.39753351,-175.60664905,-1.608481556,26.554729927
399333204.830268,240509_234007735.jpg,488751.157,7039177.309,448.964,0.896063157,3.296729771,3.353376631,-26.100001844,-175.564553132,-1.554694507,26.25672001
399333205.293569,240509_234008199.jpg,488742.37,7039181.889,449.412,0.897715418,3.134058915,3.223914441,-25.898824041,-175.772879275,-1.52562375,26.043336579
399333205.756869,240509_234008664.jpg,488733.628,7039186.456,449.846,0.898880512,2.172634723,2.887884759,-25.782401296,-176.787283455,-1.652377341,25.883529243
399333206.231269,240509_234009139.jpg,488724.733,7039191.05,450.249,0.901890669,1.725951815,2.495386045,-25.421131381,-177.369678875,-1.511148972,25.493446846
399333206.71637,240509_234009625.jpg,488715.729,7039195.534,450.632,0.907536784,2.608362511,2.515041225,-24.653792041,-176.580614178,-1.194957254,24.746743213
399333207.20147,240509_234010111.jpg,488706.847,7039199.871,451.009,0.912175735,2.290796517,2.645381981,-23.994542812,-176.831289697,-1.482502714,24.088468916
399333207.69777,240509_234010608.jpg,488697.848,7039204.119,451.389,0.919008016,2.222628077,2.444313528,-23.032430112,-176.998099746,-1.377610004,23.115975897
399333208.204271,240509_234011116.jpg,488688.739,7039208.16,451.758,0.929208794,3.114289558,2.619331635,-21.467677582,-176.143450733,-1.293808679,21.582464293
399333208.722071,240509_234011635.jpg,488679.46,7039211.96,452.119,0.944708301,3.03931716,2.246192707,-18.935300205,-176.3965271,-1.135338523,19.030633793
399333209.239871,240509_234012154.jpg,488670.157,7039215.296,452.404,0.957736098,3.099362485,1.345093742,-16.573031552,-176.64627333,-0.404288281,16.621296843
399333209.768372,240509_234012683.jpg,488660.69,7039218.271,452.578,0.971139999,2.711461523,1.029117236,-13.648936561,-177.122478942,-0.360148701,13.682380441
399333210.307772,240509_234013224.jpg,488650.993,7039220.631,452.679,0.983441488,4.220726996,1.022283587,-10.241517461,-175.665715169,-0.254356652,10.288858544
399333210.847172,240509_234013764.jpg,488641.291,7039222.459,452.755,0.992413969,4.425966424,0.789702257,-6.792305448,-175.512618523,-0.259857114,6.83305181
399333211.396773,240509_234014315.jpg,488631.396,7039223.716,452.763,0.998414148,3.706569571,-0.013770191,-2.70004521,-176.298664041,0.186617514,2.693622675
399333211.946373,240509_234014865.jpg,488621.513,7039224.211,452.668,0.99923421,3.988427538,-0.735170027,1.168220206,-175.997789196,0.649826361,-1.216462617
399333212.495973,240509_234015416.jpg,488611.667,7039224.05,452.459,0.99580634,4.300880876,-1.252128638,4.782810898,-175.610059559,0.883418632,-4.863621562
399333213.056274,240509_234015978.jpg,488601.671,7039223.228,452.119,0.988145346,4.881552909,-1.872963847,8.450477931,-174.896629255,1.126250823,-8.580424817
399333213.616574,240509_234016539.jpg,488591.729,7039221.896,451.729,0.979331891,3.489718257,-1.872452767,11.385665408,-176.209356899,1.140557936,-11.480422543
399333214.176874,240509_234017100.jpg,488581.849,7039220.003,451.311,0.967801158,3.403020524,-1.747548738,14.370383729,-176.270159917,0.842862999,-14.449722413
399333214.726075,240509_234017651.jpg,488572.131,7039217.684,450.912,0.953958922,1.87181604,-2.312046724,17.217247028,-177.526995665,1.649621329,-17.290674394
399333215.275275,240509_234018201.jpg,488562.421,7039214.814,450.394,0.943253962,1.976606079,-2.529157477,19.157228917,-177.302170125,1.735203489,-19.241777408
399333215.812075,240509_234018739.jpg,488552.821,7039211.695,449.829,0.936894713,1.619248079,-2.856355873,20.198047646,-177.492986831,2.116247941,-20.284805793
399333216.338576,240509_234019266.jpg,488543.235,7039208.505,449.169,0.93503825,0.262937761,-3.102801151,20.470151477,-178.667228086,2.810405626,-20.510111372
399333216.854076,240509_234019783.jpg,488533.681,7039205.223,448.504,0.931850637,-0.217353861,-3.136763271,20.982355186,-179.078665963,3.002200654,-21.000717058
399333217.358976,240509_234020289.jpg,488524.179,7039201.809,447.848,0.930077643,0.625265141,-2.889613432,21.298167131,-178.366637815,2.460691462,-21.349140277
399333217.851676,240509_234020782.jpg,488514.723,7039198.371,447.19,0.9286432,1.022186818,-3.049821026,21.502653356,-177.92967791,2.457877104,-21.57439264
399333218.333077,240509_234021265.jpg,488505.329,7039194.941,446.558,0.928116031,0.964016283,-2.615706469,21.639228501,-178.138366411,2.071541745,-21.69499557
399333218.814477,240509_234021747.jpg,488495.773,7039191.48,445.983,0.928093524,0.234297063,-1.974183698,21.707344832,-179.051303258,1.744247915,-21.725922697
399333219.284977,240509_234022218.jpg,488486.304,7039188.014,445.515,0.929358567,0.146362335,-1.556860987,21.542892836,-179.291342204,1.391495209,-21.553570589
399333219.743978,240509_234022678.jpg,488476.941,7039184.61,445.113,0.932500484,0.498786699,-1.382964401,21.058368033,-179.036842282,1.108668888,-21.073773394
399333220.202978,240509_234023138.jpg,488467.46,7039181.251,444.74,0.936231687,0.934164939,-1.067472258,20.472738439,-178.750874613,0.670892708,-20.488798512
399333220.661978,240509_234023598.jpg,488457.851,7039178.01,444.439,0.94098004,0.52898478,-0.684576173,19.696000874,-179.270376693,0.464214051,-19.702153652
399333221.110778,240509_234024048.jpg,488448.331,7039175.002,444.195,0.945647242,-0.976486332,-0.043185912,18.897984935,179.091849336,0.35545685,-18.894824701
399333221.559579,240509_234024498.jpg,488438.713,7039172.061,444.058,0.951193383,-1.361043179,0.146960996,17.889930012,178.661576199,0.27671886,-17.888459938
399333222.008379,240509_234024947.jpg,488428.991,7039169.29,443.932,0.954457981,-2.158392246,0.044109676,17.270909741,177.928053042,0.596853437,-17.26097672
399333222.457179,240509_234025397.jpg,488419.238,7039166.558,443.834,0.957608791,-1.909305761,0.48392872,16.644992612,178.034411918,0.082138609,-16.651644751
399333222.905979,240509_234025847.jpg,488409.399,7039163.988,443.776,0.96057192,-2.906837104,0.475911877,16.041573739,177.077636588,0.344731755,-16.044856226
399333223.35478,240509_234026296.jpg,488399.522,7039161.435,443.717,0.962900598,-2.459077769,0.166026271,15.557444034,177.588922449,0.49793233,-15.550551281
399333223.79318,240509_234026736.jpg,488389.841,7039159.03,443.651,0.965197975,-1.869457366,0.58357553,15.048449055,178.045463979,-0.079107199,-15.059310259
399333224.23158,240509_234027175.jpg,488380.106,7039156.693,443.597,0.96773956,-1.599476411,0.590926581,14.476371488,178.305774816,-0.173242049,-14.487171104
399333224.669981,240509_234027614.jpg,488370.302,7039154.48,443.532,0.968584029,-1.950005585,0.18099037,14.292298644,178.067912324,0.304508857,-14.290261597
399333225.108381,240509_234028053.jpg,488360.5,7039152.228,443.473,0.970202585,-0.654207412,0.17100668,13.911624245,179.325520615,-0.010058631,-13.912668033
399333225.546781,240509_234028493.jpg,488350.676,7039150.006,443.404,0.970786172,0.970719071,0.205235218,13.771336113,-179.105106606,-0.431522566,-13.766222695
399333225.985181,240509_234028932.jpg,488340.823,7039147.874,443.339,0.971710643,1.151911017,0.108141633,13.548035818,-178.904649805,-0.376158404,-13.543349572
399333226.423582,240509_234029371.jpg,488330.971,7039145.793,443.298,0.973852083,1.293070916,0.607962789,13.000133675,-178.875852005,-0.883850328,-12.984583778
399333226.861982,240509_234029810.jpg,488321.097,7039143.801,443.258,0.975155448,1.332844059,0.662625631,12.661011415,-178.843806068,-0.939162865,-12.643807527
399333227.300382,240509_234030250.jpg,488311.207,7039141.885,443.218,0.976401673,0.825622978,0.373449891,12.342797949,-179.27224575,-0.542273839,-12.336653143
399333227.738782,240509_234030689.jpg,488301.322,7039140.04,443.164,0.976533886,0.134976114,0.290249599,12.3095088,-179.928689402,-0.313507177,-12.308968586
399333228.177183,240509_234031128.jpg,488291.47,7039138.121,443.128,0.975787007,0.735292792,-0.081794999,12.511825998,-179.263487075,-0.080881072,-12.511836387
399333228.615583,240509_234031568.jpg,488281.667,7039136.179,443.022,0.975215946,1.236263043,0.094916484,12.661940627,-178.813820251,-0.364772927,-12.657135901
399333229.053983,240509_234032007.jpg,488271.86,7039134.311,442.926,0.975958577,-0.069090673,-0.480315153,12.457553996,-179.962595695,0.482024939,-12.457452895
399333229.492383,240509_234032446.jpg,488262.148,7039132.369,442.786,0.975115997,0.849183432,-0.546186819,12.676908885,-179.050822658,0.344609423,-12.683829968
399333229.930784,240509_234032885.jpg,488252.459,7039130.462,442.625,0.975166958,0.631981067,-0.628755279,12.659839292,-179.244658211,0.472974374,-12.666450174
399333230.369184,240509_234033325.jpg,488242.813,7039128.557,442.436,0.9752606,0.625979589,-0.765830908,12.627904333,-179.220819202,0.608329016,-12.63625475
399333230.818984,240509_234033775.jpg,488232.961,7039126.662,442.204,0.975576536,-0.15176016,-0.520293826,12.557144646,179.966276305,0.538916865,-12.556331302
399333231.268785,240509_234034226.jpg,488223.111,7039124.774,441.966,0.975740586,-0.62799316,-1.297406751,12.458273424,179.667907076,1.399595959,-12.447187186
399333231.718585,240509_234034677.jpg,488213.347,7039122.801,441.657,0.976271502,1.47112495,-1.18051428,12.327933779,-178.31017333,0.836431767,-12.355449825
399333232.168385,240509_234035127.jpg,488203.55,7039121.07,441.39,0.979115019,-0.887594374,-1.543948199,11.497169626,179.439115719,1.686817622,-11.477051986
399333232.628985,240509_234035589.jpg,488193.532,7039119.456,441.029,0.983228954,-2.495388895,-1.475513663,10.256362489,177.808215719,1.891915058,-10.188169818
399333233.089586,240509_234036050.jpg,488183.483,7039117.986,440.589,0.986145686,-2.666259091,-2.212317752,9.123823514,177.718050508,2.601274908,-9.020713284
399333233.550186,240509_234036512.jpg,488173.426,7039116.688,440.116,0.990231261,-1.919097068,-2.073646712,7.542068492,178.370264012,2.303093975,-7.474730312
399333234.010786,240509_234036973.jpg,488163.309,7039115.726,439.652,0.993966958,-2.188162866,-2.454800413,5.527587184,178.058450274,2.648709822,-5.435999227
399333234.461287,240509_234037425.jpg,488153.372,7039115.174,439.147,0.996506164,-3.013303688,-2.885345842,3.398084663,177.16150143,3.050843844,-3.24682634
399333234.911787,240509_234037876.jpg,488143.408,7039114.924,438.575,0.997816412,-2.367185347,-3.084539967,1.318652769,177.703345566,3.131290019,-1.192358394
399333235.362287,240509_234038328.jpg,488133.437,7039115.092,437.978,0.998231193,-2.6697827,-2.659082471,-1.205567574,177.274732977,2.595510738,1.329079757
399333235.812787,240509_234038779.jpg,488123.441,7039115.749,437.351,0.996047757,-3.851876961,-2.757564958,-3.909765557,175.968673062,2.478342711,4.089480161
399333236.263288,240509_234039230.jpg,488113.443,7039116.785,436.794,0.991915534,-2.914126039,-2.815555376,-6.494636297,176.786248314,2.460147557,6.635068977
399333236.713788,240509_234039682.jpg,488103.455,7039118.307,436.135,0.98638884,-3.07948972,-3.544210168,-8.604869835,176.423392436,3.033444478,8.794626282
399333237.164288,240509_234040133.jpg,488093.516,7039120.096,435.433,0.979967061,-1.459079182,-2.823689377,-11.002015247,178.029681929,2.488244267,11.080631462
399333237.604488,240509_234040574.jpg,488083.824,7039122.376,434.703,0.972531602,-2.365826843,-3.621509098,-12.85524199,176.887000015,2.996061759,13.011250715
399333238.044689,240509_234041015.jpg,488074.131,7039124.924,433.912,0.966007101,-2.384958489,-4.811957725,-14.098779847,176.51031953,4.074650314,14.322892623
399333238.484889,240509_234041456.jpg,488064.482,7039127.661,433.1,0.962457271,-1.767857914,-3.898776024,-15.17249186,177.272467085,3.29266585,15.310882074
399333238.925089,240509_234041897.jpg,488054.809,7039130.601,432.298,0.960153918,-1.49618131,-3.441384443,-15.774274674,177.624855486,2.898895081,15.87917388
399333239.365289,240509_234042338.jpg,488045.078,7039133.596,431.517,0.957001047,0.008596305,-3.841569087,-16.340669152,178.928321652,3.683729457,16.374766609
399333239.79429,240509_234042768.jpg,488035.606,7039136.636,430.82,0.957426093,0.343876929,-3.405406455,-16.347987168,179.373035029,3.359944552,16.356105012
399333240.22329,240509_234043198.jpg,488026.093,7039139.634,430.269,0.958074126,1.743594071,-2.538124471,-16.369088534,-179.039549757,2.921972804,16.305996589
399333240.65229,240509_234043628.jpg,488016.563,7039142.692,429.806,0.958799385,1.928878833,-2.052287537,-16.2874647,-178.7216638,2.506536394,16.224986341
399333241.081291,240509_234044058.jpg,488007.006,7039145.75,429.392,0.95870046,2.028219393,-1.925409704,-16.322722969,-178.592294819,2.41350764,16.259027967
399333241.510291,240509_234044488.jpg,487997.446,7039148.786,429.005,0.959422551,2.699827089,-1.244729375,-16.239392663,-177.754201596,1.945866588,16.171980409
399333241.939291,240509_234044918.jpg,487987.864,7039151.805,428.741,0.95933198,3.257048099,-0.814169772,-16.284398577,-177.100633597,1.690697189,16.218535714
399333242.368291,240509_234045347.jpg,487978.319,7039154.89,428.528,0.959605239,2.74379311,-0.091132769,-16.24796535,-177.390948714,0.852983343,16.226412705
399333242.797292,240509_234045777.jpg,487968.722,7039157.909,428.339,0.959659468,3.495763997,-0.520642462,-16.22903359,-176.788203277,1.473172183,16.1719171
399333243.226292,240509_234046207.jpg,487959.208,7039160.905,428.32,0.959932457,4.085431282,1.021442842,-16.149551385,-175.792707451,0.155782173,16.180308636
399333243.655292,240509_234046637.jpg,487949.7,7039163.972,428.45,0.959204711,2.82789438,0.983251442,-16.301167156,-177.010078195,-0.149983624,16.32939553
399333244.084292,240509_234047067.jpg,487940.26,7039167.049,428.572,0.958285949,1.90942805,1.663789024,-16.434553927,-177.697479698,-1.054793633,16.483521258
399333274.955011,240509_234117999.jpg,487308.324,7039076.006,437.156,0.998186325,2.395325165,2.207261476,-1.983578198,-177.527804779,-2.120348508,2.075531671
399333275.408711,240509_234118453.jpg,487298.329,7039076.643,437.397,0.997687089,1.731084947,2.664934275,-2.233393332,-178.164011702,-2.593012852,2.315280143
399333275.862412,240509_234118908.jpg,487288.281,7039077.288,437.686,0.99706021,2.307294931,3.188253412,-2.459574948,-177.554316617,-3.081951694,2.589652787
399333276.316112,240509_234119362.jpg,487278.17,7039077.966,438.061,0.99734609,2.618516579,2.992974434,-2.318397254,-177.259054441,-2.879917168,2.455775142
399333276.769812,240509_234119817.jpg,487268.042,7039078.618,438.475,0.996810198,3.162370181,3.444182046,-2.44885176,-176.688139493,-3.298637267,2.639372045
399333277.223513,240509_234120272.jpg,487257.902,7039079.37,438.957,0.996109625,2.183151306,3.913853926,-2.674502536,-177.631276425,-3.802340036,2.82780849
399333277.667113,240509_234120716.jpg,487247.942,7039080.099,439.473,0.996614757,2.314338621,3.298033019,-2.875340887,-177.519222525,-3.173201343,3.010756282
399333278.110713,240509_234121161.jpg,487237.99,7039080.855,439.937,0.996472783,2.428346447,3.370018451,-2.9532725,-177.397060203,-3.235427487,3.098295654
399333278.554313,240509_234121605.jpg,487228.022,7039081.632,440.38,0.996458244,2.389257923,3.479081002,-2.840825293,-177.436810997,-3.351275329,2.988447202
399333278.997914,240509_234122050.jpg,487218.035,7039082.398,440.844,0.996625525,1.872756561,3.531695267,-2.568996869,-177.966846494,-3.44019474,2.687872358
399333279.441514,240509_234122494.jpg,487208.022,7039083.084,441.305,0.99700483,2.269439382,3.282657158,-2.408238429,-177.59074877,-3.179954731,2.540217709
399333279.885114,240509_234122938.jpg,487198.018,7039083.761,441.759,0.99691923,2.338687264,3.319279084,-2.474023811,-177.516182131,-3.210556972,2.611469119
399333280.328714,240509_234123383.jpg,487188.027,7039084.47,442.215,0.996854439,2.013928162,3.337582421,-2.534748153,-177.836699487,-3.241261611,2.654706173
399333280.772315,240509_234123827.jpg,487178.06,7039085.163,442.665,0.996854583,2.36779793,3.292594857,-2.592645294,-177.481703543,-3.177418196,2.730619302
399333281.215915,240509_234124272.jpg,487168.108,7039085.882,443.081,0.997223653,2.20579845,2.787618538,-2.713357138,-177.661929309,-2.67664419,2.821718381
399333281.659515,240509_234124716.jpg,487158.213,7039086.611,443.453,0.997310455,2.262022221,2.61797918,-2.776236922,-177.611335908,-2.502116989,2.880155207
399333282.103115,240509_234125161.jpg,487148.407,7039087.346,443.765,0.997736682,2.201184919,1.925803143,-2.836765446,-177.704757094,-1.812603533,2.91012652
399333282.556916,240509_234125616.jpg,487138.522,7039088.104,444.034,0.997867715,1.983208895,1.839910752,-2.740202581,-177.929730434,-1.74148999,2.803567969
399333283.010716,240509_234126070.jpg,487128.712,7039088.82,444.235,0.998299058,2.000371279,1.530321082,-2.390782789,-177.93644476,-1.444511836,2.443562337
399333283.474716,240509_234126535.jpg,487118.738,7039089.476,444.39,0.99874124,1.889399537,1.318842435,-1.847156035,-178.068098224,-1.256634857,1.89013464
399333283.938717,240509_234127000.jpg,487108.799,7039090.046,444.483,0.999226361,1.48328281,0.901952573,-1.072534342,-178.499190406,-0.874208052,1.09569616
399333284.402717,240509_234127465.jpg,487098.887,7039090.431,444.52,0.999488841,1.742344245,0.483820228,0.077370904,-178.257624093,-0.486810637,-0.062583169
399333284.866717,240509_234127930.jpg,487089.017,7039090.61,444.521,0.999195349,1.827166968,0.171713331,1.462611946,-178.17721001,-0.219336997,-1.456362329
399333285.340718,240509_234128405.jpg,487078.986,7039090.539,444.459,0.998185467,2.000716284,-0.212929808,2.959724225,-177.990462663,0.107757885,-2.965315981
399333285.814718,240509_234128880.jpg,487069.021,7039090.216,444.34,0.996482808,1.94593224,-0.478692681,4.446345544,-178.022287333,0.324440948,-4.460066411
399333286.288718,240509_234129355.jpg,487059.124,7039089.638,444.179,0.994123574,1.935654448,-0.599404267,5.929606278,-178.012255871,0.394131198,-5.946565512
399333286.762718,240509_234129830.jpg,487049.282,7039088.799,443.959,0.990801654,2.017719664,-1.115373688,7.493714054,-177.853461485,0.839788213,-7.529094885
399333287.236719,240509_234130305.jpg,487039.515,7039087.701,443.703,0.986811964,1.923449266,-1.229176594,9.066223217,-177.906272685,0.907723892,-9.103458436
399333287.710719,240509_234130780.jpg,487029.777,7039086.329,443.377,0.982163936,2.051567505,-1.596599677,10.576490166,-177.689543728,1.189244951,-10.629081441
399333288.184719,240509_234131254.jpg,487020.051,7039084.693,443.013,0.976484277,2.207778307,-1.787022305,12.198356284,-177.463817254,1.276070736,-12.261063018
399333288.65872,240509_234131729.jpg,487010.34,7039082.787,442.585,0.969968743,1.958399618,-1.916863373,13.839124579,-177.639180602,1.388714177,-13.900541921
399333289.13272,240509_234132204.jpg,487000.647,7039080.572,442.104,0.962350741,2.270217335,-2.547939819,15.472538954,-177.131189956,1.844349651,-15.569259882
399333289.60672,240509_234132679.jpg,486990.984,7039078.105,441.579,0.954696163,1.876835548,-2.692141787,17.020009758,-177.416042581,2.019574752,-17.109730352
399333290.08072,240509_234133154.jpg,486981.347,7039075.347,440.982,0.946512255,2.038840961,-3.123675361,18.491983484,-177.073947491,2.309347005,-18.606638819
399333290.554721,240509_234133629.jpg,486971.742,7039072.342,440.331,0.937534806,1.857131684,-3.441065055,20.003608928,-177.075627399,2.591475174,-20.125647424
399333291.028721,240509_234134104.jpg,486962.188,7039069.058,439.641,0.928156219,1.998832797,-3.480145137,21.516903523,-176.862036237,2.497450737,-21.646137431
399333291.502721,240509_234134579.jpg,486952.676,7039065.512,438.962,0.918242832,1.959589361,-3.479799032,23.019380577,-176.83388853,2.429497477,-23.146156486
399333291.966121,240509_234135043.jpg,486943.424,7039061.79,438.283,0.907507228,1.883889181,-3.512057278,24.543890276,-176.825760382,2.40533975,-24.668407706
399333292.429522,240509_234135508.jpg,486934.234,7039057.798,437.613,0.89431032,1.74352617,-3.514487075,26.308890585,-176.87786766,2.371148224,-26.427123801
399333292.892922,240509_234135972.jpg,486925.143,7039053.51,436.948,0.880907201,1.604254066,-3.216896863,28.028549268,-177.0712314,2.080060953,-28.12689089
399333293.356322,240509_234136436.jpg,486916.154,7039048.93,436.328,0.86762376,1.684513556,-2.841918326,29.645535453,-177.129852014,1.631716426,-29.728302705
399333293.819723,240509_234136901.jpg,486907.269,7039044.09,435.767,0.851508315,1.629361319,-2.433132124,31.495721469,-177.339428162,1.219325612,-31.558732333
399333294.283123,240509_234137365.jpg,486898.52,7039038.941,435.259,0.83508303,1.607443393,-2.769961034,33.232409287,-177.137275229,1.431381483,-33.3071474
399333294.736423,240509_234137819.jpg,486890.117,7039033.672,434.815,0.820459829,1.419588554,-1.88935682,34.785456217,-177.756186347,0.738791562,-34.823416679
399333295.189723,240509_234138273.jpg,486881.838,7039028.137,434.414,0.806724958,1.866144183,-1.442641293,36.16098638,-177.642282462,0.061173325,-36.185802513
399333295.643024,240509_234138728.jpg,486873.634,7039022.419,434.087,0.795095718,1.457533411,-1.154456507,37.284895643,-178.140789764,0.033562426,-37.300184958
399333296.096324,240509_234139182.jpg,486865.52,7039016.53,433.821,0.785850845,1.216737954,-0.918947059,38.156735748,-178.475057207,-0.030897144,-38.166137628
399333296.549624,240509_234139636.jpg,486857.476,7039010.518,433.6,0.778835806,1.031552136,-0.513229097,38.8093724,-178.873732593,-0.247990104,-38.811596992
399333297.002925,240509_234140090.jpg,486849.479,7039004.403,433.388,0.77659857,1.063552279,-0.623374242,39.012208868,-178.780496174,-0.186619597,-39.016054732
399333297.456225,240509_234140544.jpg,486841.5,7038998.285,433.185,0.775911357,0.808678327,-0.741033535,39.073028726,-178.904363704,0.063918122,-39.07892278
399333297.909525,240509_234140999.jpg,486833.556,7038992.194,432.979,0.777440907,0.567728187,-0.834846006,38.932112223,-179.03295366,0.29086642,-38.938762806
399333298.362825,240509_234141453.jpg,486825.63,7038986.163,432.787,0.778649292,0.190034049,-0.650652117,38.824706232,-179.44297673,0.386029757,-38.827716335
399333298.816126,240509_234141907.jpg,486817.747,7038980.175,432.622,0.778910317,0.003109886,-0.110264595,38.80529201,-179.927041104,0.082599481,-38.805375769
399333299.269426,240509_234142361.jpg,486809.901,7038974.232,432.539,0.779577417,-0.41396065,0.297686609,38.743400654,179.492660546,0.025692121,-38.744367999
399333299.732926,240509_234142826.jpg,486801.908,7038968.18,432.5,0.780559961,-0.588729459,0.634856015,38.649887956,179.145811217,-0.129083829,-38.654096857
399333300.196427,240509_234143290.jpg,486793.936,7038962.171,432.537,0.784175871,-0.742913437,1.091632693,38.30807868,178.742757412,-0.396665564,-38.319464284
399333300.659927,240509_234143754.jpg,486785.948,7038956.253,432.642,0.793635611,-0.863103872,1.332470021,37.417837915,178.507416225,-0.53419699,-37.434772522
399333301.123427,240509_234144219.jpg,486777.914,7038950.503,432.793,0.808110385,-0.725582273,1.925458318,36.006636879,178.283690788,-1.130738016,-36.03567291
399333301.597027,240509_234144693.jpg,486769.58,7038944.901,433.015,0.828483556,-0.960721597,1.915305129,33.969170514,178.135710605,-1.051252168,-34.002235656
399333302.070628,240509_234145168.jpg,486761.111,7038939.648,433.273,0.848167805,-1.270638473,2.156426358,31.878505049,177.784891705,-1.159260809,-31.924711292
399333302.544228,240509_234145642.jpg,486752.515,7038934.752,433.543,0.87063871,-1.512029759,2.085510262,29.351683229,177.662598532,-1.075684761,-29.401029773
399333303.017828,240509_234146117.jpg,486743.795,7038930.281,433.802,0.893735169,-1.402809972,2.084124565,26.52373474,177.81669432,-1.237339948,-26.572713078
399333303.502429,240509_234146603.jpg,486734.735,7038926.218,434.061,0.916777528,-1.682006105,2.010247251,23.396949798,177.660617361,-1.175908716,-23.450354711
399333303.987029,240509_234147088.jpg,486725.558,7038922.707,434.312,0.940920029,-1.566861679,1.747017334,19.6434504,177.939469777,-1.11787703,-19.68734987
399333304.482929,240509_234147585.jpg,486716.047,7038919.793,434.527,0.960407149,-1.891865296,1.443326748,16.01978776,177.785832969,-0.864635918,-16.060251972
399333304.978829,240509_234148082.jpg,486706.467,7038917.476,434.663,0.975268621,-1.752453256,1.114336015,12.600555922,178.049093213,-0.7051408,-12.629553553
399333244.513293,240509_234047497.jpg,487930.861,7039170.11,428.75,0.958085235,1.500976926,1.842490314,-16.456678049,-178.03788545,-1.340989451,16.503824735
399333244.942293,240509_234047927.jpg,487921.493,7039173.09,429.001,0.95989305,2.245220778,2.025126492,-16.065232111,-177.281595327,-1.322946339,16.136349436
399333245.371293,240509_234048356.jpg,487912.139,7039175.981,429.235,0.961420017,3.23458815,2.013104243,-15.747135245,-176.340628042,-1.056730124,15.837767186
399333245.811193,240509_234048797.jpg,487902.575,7039178.92,429.47,0.964242663,2.947326853,1.90300925,-15.153020279,-176.657698311,-1.064077662,15.233060536
399333246.251094,240509_234049238.jpg,487893.03,7039181.754,429.7,0.9649398,2.89079991,2.1547911,-14.965965293,-176.650495401,-1.332242678,15.059327358
399333246.690994,240509_234049679.jpg,487883.508,7039184.579,429.91,0.966514012,2.27457227,1.613930834,-14.680280865,-177.390409949,-0.983766091,14.734770694
399333247.130894,240509_234050120.jpg,487874.043,7039187.331,430.119,0.969453077,1.585207577,1.880202584,-13.967160948,-178.007063765,-1.441023891,14.018286173
399333247.570794,240509_234050560.jpg,487864.564,7039189.87,430.335,0.972779329,2.706587673,1.904322563,-13.150100611,-176.930807812,-1.236476748,13.228254988
399333248.021295,240509_234051012.jpg,487854.9,7039192.381,430.571,0.976301311,1.947388031,2.121771517,-12.195258106,-177.64739259,-1.660783209,12.265471006
399333248.471795,240509_234051463.jpg,487845.284,7039194.677,430.871,0.981385886,1.99174049,2.177058436,-10.716450036,-177.637069746,-1.766820162,10.790783475
399333248.933795,240509_234051926.jpg,487835.458,7039196.67,431.17,0.987919181,2.652413101,1.756180456,-8.563611555,-177.115031085,-1.339703974,8.63804718
399333249.395796,240509_234052389.jpg,487825.648,7039198.322,431.385,0.991487791,2.875020749,1.490115777,-7.118231724,-176.962099571,-1.120720038,7.185384261
399333249.857796,240509_234052852.jpg,487815.871,7039199.682,431.566,0.995552769,3.530853355,1.51578187,-4.88168674,-176.352605106,-1.207153348,4.966880169
399333250.319796,240509_234053315.jpg,487806.116,7039200.621,431.755,0.99814072,4.121722367,1.686497302,-2.503142685,-175.80778639,-1.500481968,2.618781348
399333250.794296,240509_234053790.jpg,487796.129,7039201.215,431.96,0.999078048,3.696341042,1.717348211,-0.000286385,-176.302383534,-1.713519435,0.11104816
399333251.268797,240509_234054266.jpg,487786.179,7039201.406,432.161,0.998088241,2.739202226,1.617860488,2.614847831,-177.33608614,-1.739100131,-2.535689831
399333251.743297,240509_234054741.jpg,487776.279,7039201.065,432.353,0.994708767,3.160431184,1.715713133,5.360980647,-177.01182152,-2.000521796,-5.261431298
399333252.217797,240509_234055216.jpg,487766.425,7039200.291,432.535,0.989345719,3.009133158,1.893280917,7.96434322,-177.279787485,-2.288859406,-7.860228227
399333252.692298,240509_234055692.jpg,487756.619,7039199.043,432.733,0.98325488,3.644948582,1.355623587,10.264510545,-176.65306113,-1.98037842,-10.163486949
399333253.166798,240509_234056167.jpg,487746.896,7039197.426,432.882,0.974607999,3.695714349,1.906161039,12.680582018,-176.809256396,-2.666364189,-12.544784271
399333253.641298,240509_234056643.jpg,487737.213,7039195.417,433.068,0.96732953,3.449409014,1.547763495,14.50163095,-177.045363307,-2.359012757,-14.394156118
399333254.115798,240509_234057118.jpg,487727.569,7039193.129,433.196,0.961264801,3.235345013,0.939601596,15.877447171,-177.14366709,-1.787326287,-15.806327962
399333254.590299,240509_234057594.jpg,487718.005,7039190.573,433.306,0.953574692,3.891007757,1.338547773,17.391174363,-176.684006061,-2.436755804,-17.275146349
399333255.064799,240509_234058069.jpg,487708.467,7039187.774,433.384,0.945781339,3.942789077,1.005960855,18.848732403,-176.591313933,-2.22293966,-18.747940589
399333255.539299,240509_234058545.jpg,487698.985,7039184.738,433.469,0.938134041,3.921883453,1.106212009,20.156817941,-176.696786419,-2.38679726,-20.050100469
399333256.0138,240509_234059020.jpg,487689.534,7039181.478,433.526,0.93188476,3.975711595,1.034626422,21.175582552,-176.663751417,-2.397856935,-21.069820315
399333256.4883,240509_234059495.jpg,487680.086,7039178.097,433.6,0.927525485,3.104992077,1.116020415,21.853212359,-177.531353277,-2.189821754,-21.775761385
399333256.9628,240509_234059971.jpg,487670.668,7039174.552,433.719,0.923034942,3.248070066,1.438437332,22.51746157,-177.547397409,-2.570119303,-22.421635664
399333257.4373,240509_234100446.jpg,487661.244,7039170.923,433.793,0.919264924,2.719230819,1.239017542,23.086330091,-177.982170611,-2.204607661,-23.01807484
399333257.911801,240509_234100922.jpg,487651.838,7039167.176,433.888,0.917259447,2.767771339,1.208955685,23.379320732,-177.936990398,-2.206535869,-23.310363347
399333258.386301,240509_234101397.jpg,487642.419,7039163.38,433.991,0.91673903,2.653595976,0.698216285,23.473980781,-177.842753917,-1.696875202,-23.425848623
399333258.860801,240509_234101873.jpg,487633.009,7039159.59,434.044,0.916502283,2.345377914,0.758721232,23.506260209,-178.150483334,-1.63083302,-23.464391402
399333259.335302,240509_234102348.jpg,487623.624,7039155.758,434.093,0.914808361,2.854227081,0.970408987,23.741294776,-177.776111541,-2.036208735,-23.677580102
399333259.809802,240509_234102824.jpg,487614.261,7039151.883,434.17,0.913103982,3.268818142,1.122482093,23.976596536,-177.46686674,-2.351923463,-23.892549589
399333260.284302,240509_234103299.jpg,487604.896,7039148.04,434.267,0.91353881,2.543280725,1.352202448,23.90398387,-178.220477872,-2.265393123,-23.838758927
399333260.758803,240509_234103774.jpg,487595.526,7039144.184,434.379,0.914590574,2.430433039,0.668108913,23.782094756,-178.044060572,-1.591137404,-23.7407497
399333261.233303,240509_234104250.jpg,487586.201,7039140.355,434.472,0.913939992,2.382725726,1.004871343,23.863299899,-178.225763828,-1.882167256,-23.813239439
399333261.707803,240509_234104725.jpg,487576.898,7039136.535,434.546,0.913933988,2.013849124,1.050099389,23.862316475,-178.5814467,-1.774553779,-23.821870033
399333262.182303,240509_234105201.jpg,487567.597,7039132.759,434.607,0.914145975,1.051210679,0.988860669,23.834720331,-179.436527974,-1.329519369,-23.8190868
399333262.656804,240509_234105676.jpg,487558.343,7039128.922,434.665,0.913814946,1.786489017,0.96758063,23.882461372,-178.756685182,-1.607814332,-23.849910023
399333263.131304,240509_234106152.jpg,487549.096,7039125.092,434.728,0.912341342,1.902239145,0.977950957,24.089888369,-178.661039976,-1.668914399,-24.054131543
399333263.605804,240509_234106627.jpg,487539.858,7039121.244,434.798,0.911696405,1.755781801,1.036896108,24.178007325,-178.821328503,-1.664802353,-24.14497227
399333264.080304,240509_234107102.jpg,487530.619,7039117.387,434.868,0.912767016,1.691521427,0.993425899,24.029429042,-178.858056817,-1.595963475,-23.998837624
399333264.554805,240509_234107578.jpg,487521.366,7039113.575,434.937,0.91371777,1.3398518,1.218064312,23.885430914,-179.266424846,-1.656098244,-23.860555796
399333265.029305,240509_234108053.jpg,487512.077,7039109.758,434.993,0.913670421,1.176725516,0.815180804,23.908262647,-179.253208624,-1.22242756,-23.891907208
399333265.503805,240509_234108529.jpg,487502.797,7039105.931,435.045,0.91376293,1.099491495,1.079500742,23.885307535,-179.430191189,-1.432328957,-23.867799968
399333265.978306,240509_234109004.jpg,487493.501,7039102.159,435.128,0.914812191,0.158018302,1.436596551,23.718463576,179.568632434,-1.378878912,-23.721623073
399333266.452806,240509_234109480.jpg,487484.205,7039098.41,435.255,0.916409914,-0.524569057,1.275956878,23.498406204,179.012181399,-0.961228644,-23.512484295
399333266.927306,240509_234109955.jpg,487474.917,7039094.682,435.372,0.919544656,-0.572733851,1.121710528,23.051047566,179.035783875,-0.808285256,-23.063413839
399333267.401807,240509_234110430.jpg,487465.603,7039091.059,435.439,0.925209996,-0.917174961,0.979484264,22.213223701,178.782714959,-0.560564805,-22.226982714
399333267.876307,240509_234110906.jpg,487456.261,7039087.586,435.506,0.935122814,-0.633368745,1.189511689,20.64754573,178.989858459,-0.890059844,-20.661920879
399333268.350807,240509_234111381.jpg,487446.818,7039084.421,435.617,0.946902417,-1.049252469,1.369497871,18.626379484,178.570417073,-0.962638426,-18.650870231
399333268.825307,240509_234111857.jpg,487437.269,7039081.623,435.714,0.959356694,-1.753201474,1.324208078,16.246409842,177.948741423,-0.780605171,-16.280584021
399333269.299808,240509_234112332.jpg,487427.629,7039079.185,435.803,0.969675934,-1.223275686,0.923843254,14.008156324,178.591603469,-0.600689367,-14.025367997
399333269.774308,240509_234112808.jpg,487417.932,7039077.101,435.836,0.979091287,-0.496809573,0.652419261,11.587679484,179.384019289,-0.540085498,-11.59339231
399333270.248808,240509_234113283.jpg,487408.18,7039075.465,435.872,0.987610507,0.029515649,1.072300296,8.791402934,179.866834552,-1.064549258,-8.792325278
399333270.723309,240509_234113759.jpg,487398.35,7039074.352,435.939,0.993366346,-0.488310245,1.152579919,6.259658839,179.390602594,-1.092695846,-6.270337328
399333271.197809,240509_234114234.jpg,487388.456,7039073.637,436.041,0.997008592,-0.526863952,0.508297826,4.036003077,179.440359422,-0.470810729,-4.04062487
399333271.672709,240509_234114710.jpg,487378.548,7039073.293,436.12,0.998610293,-0.642407365,1.256711148,2.107302671,179.313438682,-1.232317858,-2.121681907
399333272.147609,240509_234115186.jpg,487368.582,7039073.284,436.214,0.999167167,-0.95533004,1.444480214,0.523391327,179.033108329,-1.43546726,-0.547487043
399333272.62251,240509_234115662.jpg,487358.562,7039073.52,436.292,0.999235807,-1.016133305,1.313069491,-0.43040695,178.995394898,-1.320553743,0.407238741
399333273.09741,240509_234116137.jpg,487348.495,7039073.883,436.4,0.998884105,-0.698762437,1.775121881,-1.034028748,179.334790555,-1.786968929,1.012902611
399333273.57231,240509_234116613.jpg,487338.347,7039074.327,436.583,0.998519441,-0.020124349,1.977339971,-1.645330661,-179.961940145,-1.976567684,1.645714077
399333274.036811,240509_234117079.jpg,487328.343,7039074.901,436.754,0.998314198,-0.09216011,1.895961127,-2.09075353,179.978459436,-1.897600784,2.088943671
399333274.501311,240509_234117544.jpg,487318.277,7039075.521,436.975,0.997864527,0.262358808,2.67818797,-1.936644324,-179.645705369,-2.666557487,1.951117111
399333354.599048,240509_234237800.jpg,486206.192,7039218.291,413.834,0.626101589,0.307317472,2.648345912,51.166109673,178.132428672,-1.899397272,-51.189868433
399333355.327549,240509_234238530.jpg,486199.656,7039210.518,414.128,0.623691701,1.244542829,1.870522754,51.367926828,179.318298201,-2.13964275,-51.360300618
399333356.067649,240509_234239272.jpg,486193.22,7039202.871,414.335,0.618741234,1.075998637,1.276975416,51.743319047,179.66566768,-1.635691098,-51.736078868
399333356.86185,240509_234240067.jpg,486186.852,7039194.991,414.555,0.604558615,2.783869216,0.757763853,52.778676949,-178.916920995,-2.674503508,-52.734999818
399333357.74185,240509_234240949.jpg,486180.525,7039186.873,414.693,0.583654645,3.203514221,0.657953034,54.269928464,-178.660475712,-2.983818677,-54.216668008
399333358.792651,240509_234242002.jpg,486174.171,7039178.27,414.809,0.557289348,3.330694332,0.160001521,56.11323109,-178.273493054,-2.853496941,-56.065608782
399333360.298552,240509_234243511.jpg,486167.808,7039168.776,414.881,0.51127029,4.08037585,0.235163304,59.235212442,-178.111357369,-3.625094984,-59.167104845
399333362.987154,240509_234246205.jpg,486160.747,7039158.543,414.997,0.870542856,5.725756445,2.715074868,29.316301185,-176.32030879,-5.15819959,-29.014750088
399333365.590155,240509_234248813.jpg,486152.92,7039160.359,415.45,0.323162165,-0.289643226,2.872934371,-71.11188891,-177.376243728,-1.204017574,71.132165557
399333367.209256,240509_234250435.jpg,486154.568,7039167.99,415.388,-0.635959101,0.669389828,-0.503013321,-129.51516911,179.188076754,0.195165684,129.51362294
399333368.460757,240509_234251689.jpg,486161.282,7039174.408,415.166,-0.73677717,0.151314975,0.382967447,-137.488343046,-179.85146838,0.382983722,137.488310266
399333369.527557,240509_234252758.jpg,486168.407,7039180.806,415.03,-0.698578378,-0.087626971,-0.131567558,-134.339499073,179.968677223,-0.155763627,134.339541254
399333370.496458,240509_234253729.jpg,486175.263,7039187.763,414.854,-0.657974457,-0.255010863,0.005550168,-131.169106915,-179.8265643,-0.189478871,131.169358582
399333371.387359,240509_234254622.jpg,486181.838,7039195.128,414.664,-0.641074523,0.881710556,-0.486332936,-129.896206292,179.063446935,0.363258172,129.895443288
399333372.257059,240509_234255493.jpg,486188.606,7039202.892,414.423,-0.630805036,0.810680836,-1.45445772,-129.146436286,178.363000045,-0.290016867,129.132069888
399333373.05956,240509_234256297.jpg,486194.971,7039210.437,414.186,-0.628535762,2.339859775,-1.553545189,-128.980952074,177.324006167,0.84089261,128.968971316
399333373.83166,240509_234257071.jpg,486201.308,7039217.997,413.891,-0.623119662,3.570532096,-2.180913781,-128.598837877,176.07295922,1.429920897,128.580070803
399333374.59986,240509_234257841.jpg,486207.753,7039225.723,413.469,-0.607582088,3.005407331,-2.3960954,-127.473813693,176.27486822,0.927770523,127.441313694
399333375.368061,240509_234258610.jpg,486213.986,7039233.687,412.98,-0.580108942,3.988804346,-2.523037295,-125.516956055,175.634725838,1.781205329,125.497215264
399333376.136261,240509_234259380.jpg,486219.919,7039241.917,412.466,-0.532150913,4.02788022,-2.826542801,-122.211660845,175.467529414,1.901677844,122.187785488
399333376.914762,240509_234300160.jpg,486225.313,7039250.474,411.952,-0.471743963,3.620037095,-2.257841459,-118.185753674,176.304644334,2.123344689,118.183107953
399333377.704862,240509_234300952.jpg,486230.028,7039259.489,411.553,-0.390888138,3.993446546,-1.541699187,-113.029997575,177.021635772,3.069664813,113.056224581
399333378.505563,240509_234301754.jpg,486233.947,7039268.859,411.299,-0.311777406,3.481266012,-0.379345466,-108.175615468,178.554896474,3.186377401,108.204332052
399333379.346563,240509_234302597.jpg,486237.154,7039278.686,411.262,-0.248278774,3.562141166,0.487553423,-104.383111473,179.587675539,3.568471724,104.411098108
399333380.244364,240509_234303496.jpg,486239.801,7039288.74,411.333,-0.198179091,3.317671012,0.935423927,-101.437484304,-179.740902632,3.434251834,101.456757303
399333381.213764,240509_234304468.jpg,486241.839,7039298.902,411.483,-0.135734596,3.885818331,1.130318105,-97.80631673,-179.408108405,4.000074239,97.823931858
399333382.361965,240509_234305618.jpg,486243.393,7039309.714,411.641,-0.096919087,4.000371699,0.794184101,-95.564942908,-179.597248729,4.055309948,95.578393438
399333383.761966,240509_234307021.jpg,486244.574,7039320.757,411.78,-0.070880485,4.884554325,0.824327388,-94.066895631,-179.524184254,4.927101995,94.081558536
399333385.946467,240509_234309210.jpg,486246.227,7039333.541,411.92,-0.158326894,3.013663355,0.299672627,-99.114238107,179.81943409,3.020350017,99.126883431
399333392.499972,240509_234315776.jpg,486247.667,7039340.433,411.932,-0.213867239,3.050228592,0.351326864,-102.355207815,179.691304615,3.051966091,102.372778367
399333399.053476,240509_234322343.jpg,486247.666,7039340.432,411.933,-0.213866076,3.053969721,0.363471497,-102.355156235,179.702356435,3.058215077,102.372783007
399333305.48583,240509_234148590.jpg,486696.621,7038915.742,434.751,0.987361871,-1.944682068,0.711757724,8.920188145,177.970972801,-0.40201793,-8.939363056
399333305.99283,240509_234149098.jpg,486686.75,7038914.639,434.784,0.995640886,-1.755076864,0.313890689,5.044380993,178.226496978,-0.159299975,-5.051655892
399333306.49983,240509_234149606.jpg,486676.897,7038914.236,434.747,0.999299774,-2.148360126,0.439337061,1.140232541,177.845823071,-0.397094704,-1.15593083
399333307.017231,240509_234150124.jpg,486666.861,7038914.47,434.654,0.998082229,-1.333385555,-0.371841456,-3.058938369,178.650832232,0.298456019,3.066745715
399333307.534631,240509_234150643.jpg,486656.956,7038915.474,434.491,0.991414994,-1.421442373,-0.808875914,-7.260273632,178.489939927,0.620549589,7.278430559
399333308.052031,240509_234151161.jpg,486647.215,7038917.201,434.263,0.980574517,-1.912546393,-0.867297691,-11.14232797,177.958420367,0.47900771,11.165273641
399333308.569432,240509_234151680.jpg,486637.625,7038919.547,433.978,0.966723441,-2.010861366,-1.487608821,-14.646184131,177.680876119,0.927520301,14.690967629
399333309.097032,240509_234152208.jpg,486628.047,7038922.512,433.635,0.94904917,-1.951619216,-1.562310086,-18.222389375,177.660355893,0.870388326,18.266678921
399333309.624632,240509_234152737.jpg,486618.672,7038926.075,433.244,0.926248378,-1.751331569,-2.161882889,-21.975389153,177.569395762,1.345400364,22.036868139
399333310.152233,240509_234153265.jpg,486609.584,7038930.271,432.792,0.900037817,-2.351778884,-2.165685554,-25.696268084,176.944925395,0.927359371,25.765327561
399333310.679833,240509_234153794.jpg,486600.745,7038935.037,432.262,0.867810221,-2.150931387,-2.822605844,-29.625772927,176.737931689,1.384917792,29.718066339
399333311.207433,240509_234154323.jpg,486592.236,7038940.409,431.664,0.830804181,-1.758193782,-3.139275236,-33.64944792,176.799696382,1.63359895,33.743145326
399333311.735034,240509_234154851.jpg,486584.103,7038946.408,431.007,0.789091003,-1.780189456,-3.512320797,-37.725946546,176.445820881,1.682753308,37.832620672
399333312.262634,240509_234155380.jpg,486576.374,7038952.996,430.305,0.744970598,-1.668920045,-3.732257386,-41.677143569,176.274979633,1.671790816,41.785780147
399333312.779234,240509_234155898.jpg,486569.228,7038959.986,429.591,0.69971284,-1.724178749,-3.480262455,-45.465862716,176.313809763,1.206455065,45.556976566
399333313.295835,240509_234156415.jpg,486562.494,7038967.468,428.875,0.651211754,-1.42913249,-3.469883483,-49.25350514,176.442286518,1.177333621,49.333295236
399333313.801935,240509_234156922.jpg,486556.381,7038975.283,428.183,0.59674944,-1.492941173,-3.460036015,-53.264683207,176.338491349,0.868610133,53.33748514
399333314.308035,240509_234157429.jpg,486550.793,7038983.555,427.476,0.539431186,-1.552798521,-3.64020006,-57.263607764,176.103065018,0.657979904,57.335288205
399333314.814136,240509_234157937.jpg,486545.768,7038992.25,426.77,0.484305467,-1.809766496,-3.655081273,-60.953473434,175.931332937,0.188442687,61.017860357
399333315.320236,240509_234158444.jpg,486541.27,7039001.3,426.058,0.431528794,-2.009560003,-3.719697725,-64.364650411,175.78283867,-0.206141875,64.422261984
399333315.815536,240509_234158940.jpg,486537.354,7039010.457,425.345,0.384793551,-2.132800597,-3.478503955,-67.313774445,175.973759914,-0.629113194,67.356374752
399333316.310836,240509_234159436.jpg,486533.841,7039019.896,424.622,0.339842674,-1.785426732,-3.546605168,-70.083268941,176.062831254,-0.473193143,70.122256801
399333316.795237,240509_234159922.jpg,486530.812,7039029.351,423.896,0.306195924,-1.598218235,-3.357009122,-72.129547733,176.319709545,-0.493293001,72.160524224
399333317.279637,240509_234200407.jpg,486528.066,7039038.984,423.165,0.287415314,-1.676867805,-3.692813375,-73.252890001,175.986226007,-0.544168421,73.287868853
399333317.764037,240509_234200892.jpg,486525.433,7039048.704,422.434,0.289962532,-1.735565362,-3.601514584,-73.10179829,176.055044379,-0.616182964,73.135128694
399333318.238038,240509_234201367.jpg,486522.771,7039058.25,421.721,0.289257691,-0.94601342,-3.432219821,-73.147253034,176.445759166,0.087178289,73.178330237
399333318.712038,240509_234201842.jpg,486520.131,7039067.869,420.999,0.285369129,-0.537848715,-3.489305969,-73.37940629,176.507256246,0.480053581,73.410479044
399333319.186038,240509_234202317.jpg,486517.514,7039077.577,420.279,0.281950332,-0.272821883,-3.739362301,-73.579550634,176.34065592,0.79247691,73.613846372
399333319.660038,240509_234202792.jpg,486514.901,7039087.341,419.563,0.27899594,0.220582728,-3.392997122,-73.762682204,176.808150319,1.157768382,73.788503638
399333320.123839,240509_234203257.jpg,486512.359,7039096.97,418.863,0.277063318,0.683621905,-3.43181293,-73.877570009,176.896932496,1.606794169,73.900739244
399333320.587639,240509_234203722.jpg,486509.825,7039106.658,418.179,0.277850097,0.785735308,-3.555205437,-73.828354075,176.808252686,1.741781529,73.852633008
399333321.051439,240509_234204186.jpg,486507.255,7039116.381,417.497,0.28394629,1.031027361,-3.35693084,-73.467018709,177.079004873,1.940652464,73.486430297
399333321.51524,240509_234204651.jpg,486504.599,7039126.142,416.805,0.289234488,1.412380305,-3.689124272,-73.143822532,176.882653746,2.418041723,73.164315902
399333321.96874,240509_234205105.jpg,486501.963,7039135.684,416.136,0.294162208,1.29855129,-3.277847331,-72.855542333,177.254207868,2.203997478,72.871366164
399333322.42224,240509_234205560.jpg,486499.253,7039145.201,415.439,0.303470617,1.789987674,-3.585636724,-72.289497118,177.132429236,2.792422292,72.30356287
399333322.87574,240509_234206014.jpg,486496.458,7039154.593,414.767,0.315937128,2.331660306,-3.645956388,-71.53498901,177.28387824,3.362588216,71.540732414
399333323.329241,240509_234206469.jpg,486493.552,7039163.886,414.096,0.33289787,2.621292995,-3.76687816,-70.501993088,177.327766303,3.724199712,70.502919033
399333323.792941,240509_234206933.jpg,486490.433,7039173.288,413.402,0.353113551,2.567493093,-3.578015284,-69.269783776,177.566112146,3.663795985,69.267663923
399333324.256641,240509_234207398.jpg,486487.091,7039182.578,412.718,0.377229518,3.02897347,-3.66987397,-67.778960707,177.752210448,4.187559087,67.764349091
399333324.720342,240509_234207863.jpg,486483.524,7039191.746,412.064,0.414362573,2.644241844,-3.85729883,-65.44940317,177.593705425,4.003487933,65.444700657
399333325.184042,240509_234208327.jpg,486479.587,7039200.704,411.386,0.452542265,2.647002464,-3.545837415,-63.023729552,178.044435439,3.963171496,63.00966917
399333325.647742,240509_234208792.jpg,486475.267,7039209.508,410.712,0.489278972,2.557999859,-3.764495961,-60.622269491,177.978060754,4.071273532,60.610283636
399333326.111442,240509_234209256.jpg,486470.568,7039218.147,410.028,0.522799043,2.691654344,-3.416390187,-58.400820529,178.50444653,4.078232404,58.373991064
399333326.575143,240509_234209721.jpg,486465.523,7039226.647,409.338,0.548549295,3.024978635,-3.410015712,-56.648208618,178.819272569,4.396782217,56.603691789
399333327.038843,240509_234210186.jpg,486460.21,7039235.035,408.668,0.576116415,2.852253194,-3.412520703,-54.731530397,178.865158434,4.294422464,54.689304266
399333327.502543,240509_234210650.jpg,486454.596,7039243.261,408.038,0.606785406,2.565974036,-3.157967306,-52.555600032,179.05685618,3.952804237,52.517577417
399333327.966243,240509_234211115.jpg,486448.656,7039251.259,407.469,0.637400891,2.739212498,-2.418771542,-50.337285927,179.890488049,3.648251118,50.283087772
399333328.429944,240509_234211579.jpg,486442.409,7039259.042,406.996,0.664424925,2.755971254,-2.089562968,-48.304056743,-179.72305956,3.443605216,48.245599825
399333328.893644,240509_234212044.jpg,486435.907,7039266.58,406.591,0.691119728,2.873787363,-1.337006979,-46.240624418,-178.97472366,2.996449524,46.180383471
399333329.357344,240509_234212509.jpg,486429.146,7039273.872,406.273,0.716664757,2.875147055,-1.290251354,-44.177711824,-178.833908083,2.925104857,44.115667733
399333329.821045,240509_234212973.jpg,486422.168,7039280.868,406.034,0.744005062,2.837873987,-0.578955526,-41.893147125,-178.272005795,2.322700025,41.843859091
399333330.284745,240509_234213438.jpg,486414.954,7039287.556,405.852,0.770003497,2.753515906,-0.44820627,-39.611289196,-178.162728756,2.097836309,39.566954131
399333330.759545,240509_234213914.jpg,486407.352,7039294.036,405.767,0.793986477,2.88134932,-0.013696358,-37.405294528,-177.718413298,1.758571162,37.369997109
399333331.234345,240509_234214389.jpg,486399.546,7039300.192,405.751,0.81368044,3.172495762,0.664833487,-35.499882095,-177.03112679,1.299399196,35.484672549
399333331.709146,240509_234214865.jpg,486391.612,7039306.065,405.799,0.833306271,2.967664335,1.576004134,-33.486837069,-176.656364357,0.323372622,33.518255821
399333332.183946,240509_234215341.jpg,486383.516,7039311.625,405.944,0.851506792,2.955696517,1.6101414,-31.543560711,-176.639648629,0.174636285,31.580012023
399333332.669346,240509_234215827.jpg,486375.131,7039316.97,406.173,0.866758991,3.008673855,2.113887903,-29.801082107,-176.339749209,-0.337060418,29.867393946
399333333.154747,240509_234216313.jpg,486366.676,7039322.027,406.486,0.879464195,2.935168357,2.310271652,-28.28608388,-176.321464763,-0.640930447,28.365882384
399333333.650947,240509_234216811.jpg,486358.024,7039326.886,406.751,0.889100241,3.153726448,2.395879201,-27.089590817,-176.102230893,-0.69372651,27.179177757
399333334.157647,240509_234217318.jpg,486349.284,7039331.616,407.164,0.895726498,2.654217576,3.108241996,-26.172935545,-176.246751696,-1.614298962,26.297870853
399333334.675248,240509_234217837.jpg,486340.487,7039336.169,407.662,0.902414492,2.80745177,2.893152889,-25.312403676,-176.225206176,-1.410804027,25.429822604
399333335.214948,240509_234218378.jpg,486331.608,7039340.625,408.075,0.906706238,2.459456807,2.594421563,-24.761046386,-176.680001866,-1.32279701,24.855111664
399333335.788948,240509_234218953.jpg,486322.654,7039345.052,408.528,0.908702355,1.806149816,2.68182364,-24.477292614,-177.244388523,-1.69004922,24.560263011
399333336.421949,240509_234219587.jpg,486313.467,7039349.504,409.02,0.910566614,1.842588059,2.47429331,-24.238549531,-177.303612192,-1.497663286,24.313631572
399333337.128649,240509_234220295.jpg,486304.263,7039353.908,409.506,0.91463148,1.866854947,2.387606113,-23.672426749,-177.33117693,-1.43520807,23.744804972
399333337.96975,240509_234221138.jpg,486294.786,7039358.278,409.973,0.926456044,1.503574075,2.197888688,-21.94034196,-177.783486395,-1.475552575,21.997776956
399333339.11825,240509_234222289.jpg,486284.488,7039362.331,410.47,0.971006627,0.071222051,2.766670691,-13.444398709,-179.286167629,-2.672968377,13.462858678
399333340.503051,240509_234223676.jpg,486274.342,7039363.768,411.027,0.982354223,-0.991288019,4.98162002,9.411383126,178.204810265,-4.747747675,-9.528680305
399333341.930652,240509_234225107.jpg,486265.592,7039360.416,411.715,0.736299317,0.634794308,3.622704614,42.428613342,178.026370872,-3.100388792,-42.461825803
399333343.163453,240509_234226342.jpg,486259.915,7039353.324,411.99,0.411612174,0.59803579,2.244078916,65.661855768,178.204759237,-1.469724971,-65.673106342
399333344.230854,240509_234227411.jpg,486256.472,7039344.645,412.097,0.280466888,1.041740208,0.922015292,73.701902464,179.409494255,-1.259166765,-73.700002996
399333345.191854,240509_234228374.jpg,486253.834,7039335.47,412.057,0.205595465,1.122179534,0.324098297,78.12979607,179.915283419,-1.165525699,-78.127495139
399333346.073155,240509_234229257.jpg,486251.838,7039325.991,411.941,0.168207884,1.842350828,-0.090862702,80.311757472,-179.599109704,-1.801195216,-80.306944426
399333346.892344,240509_234230078.jpg,486249.974,7039316.418,411.78,0.167157414,1.925721267,0.198925939,80.372793987,-179.872505457,-1.932193619,-80.367324924
399333347.653444,240509_234230841.jpg,486248.077,7039306.931,411.669,0.176995067,1.747859092,0.146643101,79.80034824,-179.833314902,-1.746621503,-79.79559356
399333348.389845,240509_234231579.jpg,486245.968,7039297.298,411.53,0.196909861,0.5616563,0.124819393,78.6382553,179.98976007,-0.576214683,-78.637705182
399333349.096645,240509_234232287.jpg,486243.634,7039287.708,411.423,0.232790323,-0.18878651,0.49959616,76.531635427,179.472073202,0.06600209,-76.532141161
399333349.793246,240509_234232985.jpg,486240.85,7039278.115,411.4,0.282266168,-0.960508268,1.053778795,73.593735637,178.720364254,0.622381652,-73.595565033
399333350.478446,240509_234233671.jpg,486237.525,7039268.682,411.478,0.335223418,-2.483261384,1.814656045,70.394087949,177.460871548,1.728808327,-70.39496517
399333351.153046,240509_234234347.jpg,486233.711,7039259.548,411.715,0.400325374,-3.028181261,2.959821687,66.356316913,176.079695245,1.586611633,-66.380014911
399333351.827647,240509_234235023.jpg,486229.305,7039250.687,412.087,0.460386077,-2.448166264,3.285683451,62.525122255,175.961071927,0.656871552,-62.571937672
399333352.512347,240509_234235709.jpg,486224.318,7039242.043,412.538,0.52156038,-1.040165764,3.245351593,58.49033187,176.693607681,-0.808344104,-58.542947403
399333353.197048,240509_234236395.jpg,486218.789,7039233.845,412.993,0.577923965,0.077721782,3.259964526,54.61052459,177.390303607,-1.950132295,-54.652602013
399333353.892848,240509_234237093.jpg,486212.627,7039225.997,413.453,0.616044895,-0.590143238,2.918012788,51.892891176,177.342947418,-1.335492434,-51.938749965
399334080.044812,240509_235444681.jpg,486331.717,7039344.851,408.226,-0.906952013,0.424878952,-1.429714004,155.183983875,-179.784562512,-1.475971895,-155.18646464
399334080.641813,240509_235445279.jpg,486340.594,7039340.454,407.845,-0.906244842,0.230583266,-1.601297016,155.097316697,-179.533914141,-1.549352186,-155.094188085
399334081.217313,240509_235445856.jpg,486349.494,7039335.985,407.393,-0.906846406,-0.838443401,-1.588747349,155.178603881,-178.571417756,-1.089824323,-155.153346782
399334081.780713,240509_235446420.jpg,486358.493,7039331.495,407.008,-0.902336852,-1.143847508,-0.301396687,154.524905885,-178.836928978,0.218681066,-154.52408107
399334082.331614,240509_235446972.jpg,486367.502,7039326.769,406.791,-0.887999445,-1.681787444,-0.421596013,152.677843041,-178.311805941,0.396147938,-152.677449088
399334082.861514,240509_235447503.jpg,486376.209,7039321.804,406.506,-0.868338216,-2.115220153,-0.533183,150.317515477,-177.898018013,0.582995227,-150.318321268
399334083.380314,240509_235448023.jpg,486384.697,7039316.49,406.297,-0.847684884,-2.440730249,-0.152009709,148.004004367,-177.848888021,1.162384473,-148.022533797
399334083.888015,240509_235448531.jpg,486392.957,7039310.879,406.145,-0.825523857,-2.33843977,0.194056296,145.681398785,-178.176969945,1.476304193,-145.708787874
399334084.395715,240509_235449040.jpg,486401.074,7039304.84,406.048,-0.801332209,-2.532703574,1.336792301,143.31433299,-178.764837168,2.581371068,-143.371624509
399334084.892515,240509_235449538.jpg,486408.927,7039298.524,406.055,-0.779309569,-2.529643391,1.052408454,141.242787258,-178.683775641,2.400856163,-141.293519131
399334085.390116,240509_235450036.jpg,486416.65,7039291.904,406.068,-0.756251758,-1.483394953,1.960561864,139.204644816,179.84455582,2.450177347,-139.226635055
399334085.876916,240509_235450524.jpg,486424.003,7039285.024,406.287,-0.730449568,-2.164592582,2.022819399,136.990976087,-179.793800819,2.951935629,-137.034405792
399334086.363716,240509_235451012.jpg,486431.15,7039277.848,406.504,-0.701986622,-1.805568974,2.433135831,134.663987134,179.541660663,2.990887271,-134.690268984
399334086.850516,240509_235451500.jpg,486438.032,7039270.334,406.815,-0.677749672,-2.203783245,2.769605157,132.754506492,179.465970752,3.494216251,-132.791367697
399334087.337317,240509_235451988.jpg,486444.681,7039262.584,407.209,-0.648988753,-2.187235462,3.45504091,130.577266682,178.802023764,3.904176125,-130.602255493
399334087.824117,240509_235452475.jpg,486451.03,7039254.551,407.67,-0.619027248,-2.596426569,3.851125605,128.368471705,178.59620773,4.421161846,-128.401390652
399334088.310917,240509_235452963.jpg,486457.094,7039246.305,408.217,-0.591734197,-2.391004251,4.243821832,126.415485202,178.007480323,4.438305815,-126.426664393
399334088.797718,240509_235453451.jpg,486462.86,7039237.88,408.86,-0.563878975,-2.213725939,4.669340626,124.473068248,177.406121376,4.462523569,-124.462040141
399334089.284518,240509_235453939.jpg,486468.316,7039229.291,409.533,-0.53344102,-2.164409134,4.635450787,122.373733292,177.246407314,4.304739037,-122.35762121
399334089.771318,240509_235454426.jpg,486473.41,7039220.558,410.215,-0.503096263,-2.249680566,4.757882767,120.33598755,177.03228091,4.339366504,-120.316767145
399334090.258119,240509_235454914.jpg,486478.182,7039211.696,410.885,-0.472376388,-2.102386665,4.793959984,118.310816415,176.778923463,4.119198975,-118.282733055
399334090.744919,240509_235455402.jpg,486482.61,7039202.706,411.571,-0.441816239,-2.202139926,4.869157177,116.335207143,176.615616151,4.128370041,-116.306582522
399334091.231719,240509_235455890.jpg,486486.72,7039193.606,412.249,-0.409097895,-2.037497952,4.957412783,114.256626361,176.319856548,3.888999687,-114.219602678
399334091.718519,240509_235456378.jpg,486490.467,7039184.372,412.921,-0.373669249,-2.103286494,4.699371819,112.030719497,176.435707652,3.707645264,-112.001383567
399334092.20532,240509_235456865.jpg,486493.863,7039175.037,413.571,-0.338437892,-1.787031257,4.772632048,109.86304755,176.121704537,3.297662346,-109.825609013
399334092.70212,240509_235457363.jpg,486496.969,7039165.414,414.247,-0.308152695,-1.356104184,4.871069567,108.023870792,175.79116573,2.792212319,-107.978719895
399334093.19892,240509_235457861.jpg,486499.78,7039155.691,414.901,-0.289812474,-1.396433896,4.625452579,106.91151784,175.984571658,2.677405223,-106.873833418
399334093.695721,240509_235458359.jpg,486502.451,7039145.941,415.559,-0.283166136,-1.174814332,4.741826803,106.515256546,175.791714843,2.470127252,-106.47293314
399334094.192521,240509_235458856.jpg,486505.076,7039136.167,416.235,-0.276063128,-0.58729744,4.794849277,106.090856835,175.560194406,1.889178738,-106.042048426
399334094.689321,240509_235459354.jpg,486507.615,7039126.358,416.915,-0.272145774,-0.451234227,4.682219762,105.853819392,175.623693516,1.709299733,-105.806805684
399334095.186122,240509_235459852.jpg,486510.126,7039116.535,417.583,-0.276418982,-0.576036967,4.730507817,106.110619622,175.619539997,1.862107614,-106.063034307
399334095.682922,240509_235500350.jpg,486512.728,7039106.733,418.252,-0.282673937,0.095050549,4.959965678,106.491209118,175.22214196,1.312652306,-106.432217816
399334096.179722,240509_235500847.jpg,486515.379,7039096.929,418.937,-0.289693675,0.194459354,4.666696817,106.905405031,175.483421352,1.167108243,-106.85135952
399334096.676522,240509_235501345.jpg,486518.116,7039087.17,419.623,-0.292852966,0.881504496,4.732783822,107.097078997,175.222953852,0.544968902,-107.037873339
399334097.173323,240509_235501843.jpg,486520.859,7039077.422,420.32,-0.292818603,1.265947848,4.892268351,107.099137618,174.958064019,0.22441667,-107.03515701
399334097.670123,240509_235502341.jpg,486523.612,7039067.685,421.02,-0.292241753,1.892789562,4.949632287,107.065934733,174.719952601,-0.360920785,-107.000791663
399334098.166923,240509_235502839.jpg,486526.334,7039057.954,421.733,-0.29283794,1.990670771,4.856297739,107.099362865,174.780194178,-0.478689017,-107.036798309
399334098.663724,240509_235503336.jpg,486529.071,7039048.26,422.431,-0.3009746,2.13389615,5.061514575,107.595396652,174.537770281,-0.508334829,-107.525370398
399334099.160524,240509_235503834.jpg,486531.913,7039038.62,423.146,-0.315026774,2.546395154,4.591736338,108.432570006,174.846155265,-0.967638713,-108.374095306
399334099.657324,240509_235504332.jpg,486534.898,7039029.074,423.843,-0.334525061,2.819652727,4.970804024,109.629964352,174.379186996,-0.990547619,-109.556289396
399334100.154125,240509_235504830.jpg,486538.067,7039019.621,424.552,-0.369031054,2.409308562,4.516324398,111.737393435,174.919755141,-0.569696262,-111.667729545
399334061.750047,240509_235426350.jpg,486247.668,7039340.439,411.937,-0.214016607,3.04967975,0.384422674,-102.36402001,179.723248297,3.0584623,102.381632012
399334065.713004,240509_235430320.jpg,486248.766,7039343.974,411.941,-0.443267846,4.090490607,1.422946886,-116.334620936,179.458379566,4.292892498,116.405610196
399334068.141406,240509_235432754.jpg,486253.036,7039351.228,412.047,-0.452622525,2.297893327,0.327260703,-116.926202246,179.252295565,2.194487178,116.947058108
399334070.765507,240509_235435383.jpg,486257.654,7039360.962,411.988,-0.345833911,1.052203319,-0.758715028,-110.244473903,178.926321266,0.723202642,110.244319952
399334072.864808,240509_235437486.jpg,486261.99,7039368.326,411.783,-0.769208171,0.588104718,-1.976995749,-140.356333435,178.288323992,-1.146837219,140.329143335
399334074.359609,240509_235438984.jpg,486270.156,7039371.669,411.294,-0.996498107,3.242669335,-2.903459471,-176.606892609,176.590520599,-2.70031782,176.444501433
399334075.49331,240509_235440120.jpg,486279.169,7039370.664,410.749,-0.968360782,3.944020989,-1.844402193,165.770204723,176.629158379,-2.752187207,-165.914617417
399334076.44361,240509_235441072.jpg,486288.085,7039367.456,410.31,-0.921894198,3.090757254,-1.473664383,157.313984108,177.716562089,-2.549262261,-157.404500668
399334077.276711,240509_235441907.jpg,486296.74,7039363.266,409.934,-0.899370508,2.617923422,-1.467793906,154.169655008,178.283316211,-2.460118922,-154.240006886
399334078.041411,240509_235442673.jpg,486305.41,7039358.692,409.533,-0.893451597,1.783484047,-1.584251599,153.407506153,179.114977003,-2.214134513,-153.449216225
399334078.747212,240509_235443380.jpg,486314.063,7039354.031,409.093,-0.89138786,1.503783615,-1.791212333,153.156380456,179.467687068,-2.276394405,-153.190406236
399334079.413412,240509_235444048.jpg,486322.823,7039349.366,408.631,-0.901012849,0.934739647,-1.383524505,154.38224672,179.756373576,-1.651497185,-154.396999812
399334100.661125,240509_235505338.jpg,486541.677,7039010.217,425.261,-0.413673576,2.610106882,5.000863193,114.547501811,174.374742879,-0.302668575,-114.448488051
399334101.168125,240509_235505846.jpg,486545.752,7039001.071,425.975,-0.467470404,2.83699711,4.698423033,117.986604974,174.527573721,-0.306726649,-117.884994636
399334101.685325,240509_235506364.jpg,486550.419,7038992.09,426.707,-0.520111687,2.79653797,4.830613965,121.480531775,174.427564411,0.130107858,-121.356373223
399334102.202526,240509_235506882.jpg,486555.579,7038983.479,427.438,-0.577958993,2.41292956,4.979852826,125.480016127,174.550429983,0.916893638,-125.331583
399334102.719726,240509_235507400.jpg,486561.29,7038975.319,428.151,-0.634280217,2.168504389,5.068117428,129.573393546,174.716555369,1.547805324,-129.406139674
399334103.247526,240509_235507929.jpg,486567.666,7038967.484,428.903,-0.686007789,1.98792911,4.937953987,133.541842018,175.054496875,1.951340834,-133.371988598
399334103.775327,240509_235508458.jpg,486574.562,7038960.174,429.604,-0.734578231,2.735342901,5.032854626,137.541351512,174.588224789,1.854723236,-137.333677171
399334104.303127,240509_235508987.jpg,486581.892,7038953.354,430.344,-0.779828548,2.301414074,4.747219676,141.524833482,175.246829958,2.274293345,-141.335222393
399334104.830927,240509_235509516.jpg,486589.645,7038947.106,431.033,-0.820667053,2.409600506,4.732016925,145.472890408,175.334017146,2.521847907,-145.270781203
399334105.358728,240509_235510045.jpg,486597.782,7038941.428,431.675,-0.860616528,2.139249284,4.219222524,149.695828244,176.025157602,2.55436812,-149.528563408
399334105.897928,240509_235510585.jpg,486606.477,7038936.298,432.26,-0.892707971,2.792129521,3.636108906,153.499176885,175.880936629,1.999308076,-153.338854565
399334106.437128,240509_235511125.jpg,486615.442,7038931.747,432.767,-0.921338317,2.589057542,3.379470359,157.424791323,176.313652471,2.118701549,-157.280425236
399334106.976329,240509_235511665.jpg,486624.671,7038927.823,433.219,-0.945922258,2.228405482,3.02766875,161.385845529,176.923247089,2.151553141,-161.269342194
399334107.515529,240509_235512206.jpg,486634.149,7038924.568,433.581,-0.965910304,2.365121141,2.630459671,165.326297174,177.047374535,1.939648589,-165.222173042
399334108.054729,240509_235512746.jpg,486643.818,7038921.968,433.904,-0.981230843,2.351667833,2.173224366,169.234458163,177.285678436,1.690692099,-169.149947677
399334108.59393,240509_235513286.jpg,486653.595,7038920.057,434.155,-0.992208622,2.480051357,1.869498386,173.316982634,177.32117192,1.563507513,-173.240102999
399334109.13313,240509_235513826.jpg,486663.44,7038918.851,434.35,-0.998179284,2.498846988,1.266126076,177.305623912,177.446662973,1.143655152,-177.252635475
399334109.67233,240509_235514367.jpg,486673.267,7038918.335,434.468,-0.999117003,2.505694478,0.895432821,-178.622906942,177.518902898,0.952374652,178.663021993
399334110.222231,240509_235514918.jpg,486683.17,7038918.529,434.517,-0.994765176,2.476476807,0.623136693,-174.439401533,177.597934962,0.857559483,174.470774969
399334110.772131,240509_235515469.jpg,486693.017,7038919.452,434.499,-0.985999728,2.752564801,0.162573106,-170.564231474,177.313995728,0.609641537,170.582385343
399334111.322031,240509_235516020.jpg,486702.805,7038921.028,434.426,-0.973301544,2.825795484,-0.092222198,-166.846319434,177.230140482,0.5516021,166.857355886
399334111.871932,240509_235516571.jpg,486712.546,7038923.252,434.287,-0.956593057,2.928046426,-0.476103472,-163.15231766,177.062668294,0.391941598,163.150205729
399334112.410932,240509_235517111.jpg,486722.028,7038926.04,434.094,-0.937112137,2.654713273,-0.725553346,-159.657381052,177.261675825,0.241904179,159.64637973
399334112.949932,240509_235517651.jpg,486731.412,7038929.442,433.847,-0.914839381,2.605673559,-0.639110347,-156.25249944,177.360547074,0.463356128,156.248661844
399334113.478233,240509_235518180.jpg,486740.524,7038933.341,433.604,-0.890542237,2.251316494,-0.675569201,-153.002377975,177.690179566,0.419059702,152.997577297
399334113.996533,240509_235518700.jpg,486749.36,7038937.727,433.353,-0.86531679,2.051907962,-0.735717067,-149.97388178,177.858105342,0.388817547,149.968004936
399334114.504633,240509_235519209.jpg,486757.939,7038942.522,433.108,-0.843631207,1.680880452,-0.596801499,-147.573065511,178.263728413,0.396440555,147.570336434
399334115.001233,240509_235519706.jpg,486766.268,7038947.653,432.865,-0.825865796,2.001452234,-0.239987639,-145.716808554,178.213419584,0.927389575,145.727070181
399334115.497834,240509_235520204.jpg,486774.624,7038953.103,432.668,-0.814490285,1.689921906,-0.361648441,-144.576649902,178.415628888,0.683325044,144.580766802
399334115.982434,240509_235520689.jpg,486782.791,7038958.661,432.514,-0.801738452,1.41381287,0.448996484,-143.335150722,179.135644072,1.202252013,143.349704865
399334116.456134,240509_235521164.jpg,486790.795,7038964.347,432.438,-0.789406702,0.944069949,0.634798286,-142.169475833,179.645099393,1.078324624,142.177982191
399334116.929835,240509_235521639.jpg,486798.771,7038970.276,432.415,-0.780464467,0.987388223,1.126840393,-141.35079245,179.933718785,1.494254098,141.361271616
399334117.392835,240509_235522102.jpg,486806.604,7038976.23,432.453,-0.776270265,0.789826509,1.375089228,-140.974046372,-179.746790849,1.563020649,140.979962973
399334117.855835,240509_235522566.jpg,486814.486,7038982.275,432.546,-0.772906961,0.37454411,1.811419361,-140.683580604,-179.14131164,1.635958264,140.677116374
399334118.318835,240509_235523030.jpg,486822.395,7038988.418,432.718,-0.771925406,0.295059212,2.025921494,-140.603559096,-178.941519361,1.749907352,140.592475149
399334118.771236,240509_235523484.jpg,486830.175,7038994.455,432.933,-0.772768495,-0.026320655,2.168336632,-140.686177864,-178.605249808,1.657895584,140.665363956
399334119.223636,240509_235523937.jpg,486838.006,7039000.51,433.155,-0.774561119,-0.230159601,2.311690077,-140.855649619,-178.361645423,1.644357703,140.827356905
399334119.676036,240509_235524390.jpg,486845.906,7039006.568,433.39,-0.77787157,-0.5287845,1.957587527,-141.141108827,-178.359607626,1.189744457,141.114930603
399334120.128437,240509_235524843.jpg,486853.861,7039012.603,433.606,-0.782584082,-0.680086095,2.050096527,-141.578030159,-178.1927961,1.180539751,141.547130337
399334120.580837,240509_235525297.jpg,486861.881,7039018.583,433.848,-0.787624309,-0.996713659,2.397582635,-142.062943002,-177.739691178,1.274666649,142.016822387
399334121.033237,240509_235525750.jpg,486869.956,7039024.501,434.117,-0.797126654,-0.907276425,2.633842603,-142.972471926,-177.689235068,1.552537433,142.920173459
399334121.485637,240509_235526203.jpg,486878.126,7039030.263,434.45,-0.811003101,-0.890884649,2.925866593,-144.335486457,-177.569742862,1.85340888,144.27327873
399334121.938038,240509_235526657.jpg,486886.423,7039035.796,434.836,-0.825654585,-1.204975953,3.193479607,-145.825294553,-177.208580238,1.960205111,145.743804451
399334122.390438,240509_235527110.jpg,486894.818,7039041.117,435.268,-0.841490162,-0.777502942,3.390229376,-147.496935572,-177.52132923,2.436420557,147.421049154
399334122.842838,240509_235527563.jpg,486903.339,7039046.141,435.749,-0.857441806,-0.935794676,3.91296479,-149.299726256,-177.195561625,2.880720818,149.197057684
399334123.295238,240509_235528017.jpg,486911.994,7039050.885,436.273,-0.87253437,-1.008678589,4.188251361,-151.078394741,-177.088911755,3.171383132,150.960731869
399334123.747639,240509_235528470.jpg,486920.78,7039055.346,436.861,-0.885767009,-1.213957288,4.285948028,-152.706428909,-176.952771327,3.244875142,152.574506041
399334124.200039,240509_235528923.jpg,486929.65,7039059.561,437.489,-0.895681255,-1.320377378,4.691776403,-154.041946767,-176.754867555,3.632156609,153.884762711
399334124.652439,240509_235529376.jpg,486938.6,7039063.56,438.143,-0.905629901,-1.431764223,4.803586095,-155.401739707,-176.693804172,3.762843085,155.232885675
399334125.10484,240509_235529830.jpg,486947.618,7039067.336,438.807,-0.915274367,-1.532100321,4.727463012,-156.755647998,-176.721698028,3.730215967,156.585468031
399334125.55724,240509_235530283.jpg,486956.698,7039070.887,439.458,-0.924418676,-1.660185666,4.636016565,-158.108076818,-176.726145101,3.673748161,157.935710366
399334126.00964,240509_235530736.jpg,486965.817,7039074.238,440.107,-0.932459854,-1.171043725,4.919682554,-159.446894334,-177.170828649,4.187106879,159.292969366
399334126.46204,240509_235531190.jpg,486975.009,7039077.348,440.757,-0.941192172,-1.309429399,4.667327193,-160.868226795,-177.228212726,3.972330856,160.718567744
399334126.924841,240509_235531653.jpg,486984.478,7039080.293,441.372,-0.951378512,-0.99573185,3.921785754,-162.565613665,-177.871893251,3.437188302,162.467520236
399334127.387641,240509_235532117.jpg,486993.963,7039082.919,441.933,-0.959567876,-1.284076738,3.784852494,-164.179067558,-177.729562173,3.285090704,164.07140614
399334127.850441,240509_235532581.jpg,487003.466,7039085.278,442.427,-0.967363246,-1.112349179,3.311053981,-165.798277184,-178.106977248,2.931659291,165.717573784
399334128.313242,240509_235533044.jpg,487012.974,7039087.349,442.878,-0.973821804,-1.118750037,3.219819689,-167.375096247,-178.202248472,2.89228166,167.298162999
399334128.786042,240509_235533518.jpg,487022.7,7039089.187,443.275,-0.979246499,-1.273241744,2.906165466,-168.804579614,-178.184704955,2.598755926,168.731021772
399334129.258842,240509_235533992.jpg,487032.429,7039090.771,443.642,-0.984051318,-1.41459662,2.369880453,-170.18372411,-178.200536069,2.089716318,170.121584771
399334129.731642,240509_235534466.jpg,487042.139,7039092.117,443.938,-0.988878573,-1.249511168,2.160420084,-171.91080811,-178.457480283,1.959229296,171.860816584
399334130.204443,240509_235534939.jpg,487051.837,7039093.157,444.185,-0.992867641,-1.220019096,1.733861156,-173.612822492,-178.593446329,1.584055481,173.57487585
399334130.688243,240509_235535424.jpg,487061.718,7039093.912,444.384,-0.99594653,-1.290471504,1.204092496,-175.30090261,-178.614218609,1.091608839,175.274119306
399334131.172043,240509_235535909.jpg,487071.463,7039094.374,444.529,-0.997850286,-1.295811862,1.210961176,-176.910201692,-178.639749975,1.136610692,176.88299634
399334131.667344,240509_235536405.jpg,487081.386,7039094.578,444.613,-0.999077681,-1.007825432,0.903504691,-178.540878914,-178.968414011,0.875249367,178.525038813
399334132.162644,240509_235536902.jpg,487091.262,7039094.496,444.657,-0.999516724,-0.930604367,0.234853971,179.942083349,-179.068607372,0.234226359,-179.945889861
399334132.657944,240509_235537398.jpg,487101.054,7039094.173,444.624,-0.999257986,-0.759839958,0.825679933,178.961383189,-179.254058095,0.837141818,-178.972321301
399334133.153244,240509_235537894.jpg,487110.846,7039093.713,444.565,-0.999094433,-0.525870399,-0.303281282,178.344912695,-179.464382122,-0.288988047,-178.342153228
399334133.659845,240509_235538402.jpg,487120.764,7039093.17,444.445,-0.998875941,0.03195511,-0.419159728,177.977384755,179.984317144,-0.420943842,-177.977542245
399334134.166445,240509_235538909.jpg,487130.621,7039092.561,444.264,-0.998604967,0.391978607,-0.692962619,177.64060033,179.638469033,-0.709148459,-177.645182093
399334134.673045,240509_235539417.jpg,487140.44,7039091.906,444.037,-0.998354536,0.768787233,-1.163326914,177.482151377,179.284673724,-1.196076871,-177.497376817
399334135.179646,240509_235539924.jpg,487150.212,7039091.244,443.75,-0.998338445,1.220008261,-1.18391807,177.470716667,178.835135761,-1.236513812,-177.495844306
399334135.696346,240509_235540442.jpg,487160.172,7039090.557,443.416,-0.997926127,1.512776703,-1.931650106,177.396266042,178.577743036,-1.997194202,-177.44647207
399334136.213046,240509_235540960.jpg,487170.098,7039089.881,443.015,-0.998011618,2.138813199,-1.762813802,177.384433072,177.94515683,-1.856984534,-177.450560282
399334136.729747,240509_235541478.jpg,487180.05,7039089.188,442.585,-0.99744585,2.425772296,-2.61212887,177.383081108,177.69587393,-2.716704401,-177.492891599
399334137.246447,240509_235541995.jpg,487189.97,7039088.507,442.126,-0.997742325,2.739835395,-2.284717978,177.450221749,177.364825523,-2.400892697,-177.559965574
399334137.763147,240509_235542513.jpg,487199.901,7039087.803,441.675,-0.99772581,2.690053247,-2.136633712,177.304673902,177.413991924,-2.257705355,-177.405693657
399334138.279848,240509_235543031.jpg,487209.843,7039087.084,441.207,-0.997454377,2.806707274,-2.371035067,177.172581037,177.313732459,-2.502841163,-177.289230624
399334138.796548,240509_235543549.jpg,487219.776,7039086.337,440.766,-0.997742625,2.662027275,-1.938631643,177.17838489,177.437565577,-2.064695229,-177.269511026
399334139.313248,240509_235544066.jpg,487229.731,7039085.589,440.311,-0.997558483,2.546549307,-2.213440306,177.165829258,177.566510097,-2.333693464,-177.264484261
399334139.829949,240509_235544584.jpg,487239.689,7039084.847,439.857,-0.997532902,2.668089772,-2.218123983,177.139850167,177.446348051,-2.345314208,-177.243669096
399334140.346649,240509_235545102.jpg,487249.661,7039084.093,439.387,-0.997557415,2.546425794,-2.199545484,177.153642234,177.566462424,-2.320355129,-177.251704705
399334140.863349,240509_235545619.jpg,487259.665,7039083.327,438.886,-0.997430657,2.306355834,-2.339477266,177.118833086,177.814544537,-2.449683775,-177.212539137
399334141.368549,240509_235546126.jpg,487269.496,7039082.608,438.44,-0.997656818,2.686524108,-2.067068137,177.169122157,177.419543615,-2.194312252,-177.266912016
399334141.87375,240509_235546632.jpg,487279.381,7039081.913,438.014,-0.997702647,3.373232131,-2.23299492,177.354276331,176.733525185,-2.381640928,-177.487818805
399334142.37895,240509_235547138.jpg,487289.265,7039081.24,437.637,-0.998550276,3.663115762,-1.112845643,177.725285836,176.386200695,-1.255229434,-177.800424513
399334142.88415,240509_235547644.jpg,487299.193,7039080.611,437.36,-0.998804431,3.645052858,-0.850509211,177.995104683,176.38954293,-0.97618532,-178.052908746
399334143.389351,240509_235548150.jpg,487309.134,7039080.017,437.127,-0.998892616,3.404466485,-0.902341677,178.169837301,176.628585399,-1.009393854,-178.226328969
399334143.894551,240509_235548657.jpg,487319.067,7039079.473,436.873,-0.998490096,4.218708881,-1.083610515,177.626242397,175.832177334,-1.254581511,-177.71176063
399334144.399751,240509_235549163.jpg,487328.954,7039078.802,436.65,-0.99869198,3.865320524,-0.525057852,177.718088453,176.161625751,-0.67800266,-177.75852602
399334144.904952,240509_235549669.jpg,487338.839,7039078.181,436.45,-0.998840304,3.769268227,-0.961795288,178.107116761,176.267074955,-1.083987833,-178.17405444
399334145.410152,240509_235550175.jpg,487348.654,7039077.675,436.234,-0.999282727,4.203348814,-0.613362098,178.892924157,175.812385934,-0.693455431,-178.940780603
399334145.926052,240509_235550692.jpg,487358.629,7039077.302,436.103,-0.999521359,4.491643099,-0.008987823,179.811475611,175.511959472,-0.025034756,-179.81286031
399334146.441953,240509_235551209.jpg,487368.583,7039077.072,436.013,-0.999394991,4.262724162,-0.112890398,-179.07654095,175.739453103,-0.045179232,179.07061999
399334146.957853,240509_235551726.jpg,487378.49,7039077.063,435.923,-0.99841166,4.020571678,-0.026617709,-177.293402627,175.985975062,0.161786989,177.298093816
399334147.473753,240509_235552243.jpg,487388.349,7039077.34,435.835,-0.995884163,2.999573582,0.057825161,-175.10725768,177.019094855,0.31175091,175.116843319
399334147.999653,240509_235552770.jpg,487398.332,7039078.055,435.765,-0.991238656,2.75813982,-0.058321372,-172.616604349,177.259948477,0.295092948,172.622228948
399334148.525554,240509_235553297.jpg,487408.222,7039079.227,435.706,-0.981872849,2.490673201,-0.214398885,-169.217553567,177.515821087,0.254041798,169.218385823
399334149.051454,240509_235553824.jpg,487417.967,7039081.041,435.581,-0.971231796,3.717513763,-0.472343672,-166.3425409,176.279359371,0.417824477,166.340784072
399334149.577354,240509_235554351.jpg,487427.563,7039083.257,435.494,-0.961251942,3.791095997,0.402133588,-164.097750397,176.466297003,1.421848724,164.154842834
399334150.103255,240509_235554878.jpg,487437.093,7039085.803,435.453,-0.95079366,3.144080034,0.041208293,-162.034794538,177.024431117,1.00663511,162.062031118
399334150.629155,240509_235555405.jpg,487446.503,7039088.681,435.382,-0.941939859,3.01434609,0.122015889,-160.45651552,177.202465968,1.120880108,160.487050945
399334151.155055,240509_235555932.jpg,487455.857,7039091.779,435.306,-0.935636203,2.706867355,0.109692519,-159.403465913,177.507016361,1.052623745,159.428920382
399334151.680956,240509_235556458.jpg,487465.158,7039095.046,435.276,-0.928554937,2.224281861,0.269302012,-158.280195036,178.035312242,1.071020571,158.30373821
399334152.206856,240509_235556985.jpg,487474.398,7039098.536,435.22,-0.922109837,2.544312837,0.082548896,-157.301367535,177.686822889,1.055751953,157.324477648
399334152.732756,240509_235557512.jpg,487483.621,7039102.12,435.138,-0.91939606,1.891781625,-0.214988417,-156.902380963,178.177824102,0.542864388,156.907452064
399334153.258657,240509_235558039.jpg,487492.813,7039105.758,435.042,-0.916901392,1.431112422,0.424749415,-156.543210366,178.857956761,0.95719239,156.558002244
399334153.784557,240509_235558566.jpg,487502.022,7039109.497,434.988,-0.914459524,1.483483818,0.565946695,-156.196766234,178.87274992,1.114239822,156.214991937
399334154.310457,240509_235559093.jpg,487511.292,7039113.325,434.94,-0.913233429,1.639001374,0.348206614,-156.019314721,178.645804962,0.982151592,156.035852777
399334154.836358,240509_235559620.jpg,487520.624,7039117.217,434.877,-0.914239638,2.190474759,0.199200386,-156.160024233,178.078954965,1.065334443,156.181649639
399334155.352158,240509_235600137.jpg,487529.851,7039121.034,434.793,-0.91265946,2.402643408,0.402664276,-155.939283163,177.972087917,1.344601477,155.971463802
399334155.867958,240509_235600654.jpg,487539.177,7039124.914,434.737,-0.91077878,1.909413459,0.232613073,-155.674126905,178.357865907,0.996363808,155.692238172
399334156.373158,240509_235601160.jpg,487548.382,7039128.812,434.683,-0.909566155,2.083788729,0.154373511,-155.505346507,178.169784141,1.00231333,155.524124059
399334156.878359,240509_235601666.jpg,487557.674,7039132.747,434.622,-0.909327377,1.574963085,0.292543869,-155.473530121,178.690407176,0.91787933,155.487995822
399334157.383559,240509_235602172.jpg,487567.044,7039136.729,434.554,-0.909444801,1.580928428,0.732047502,-155.498350813,178.866512882,1.319238415,155.521425614
399334157.877659,240509_235602667.jpg,487576.319,7039140.662,434.525,-0.910702856,1.470358602,0.37166055,-155.665176756,178.815171188,0.942429273,155.679640639
399334158.37176,240509_235603163.jpg,487585.68,7039144.605,434.445,-0.913144111,1.69141063,0.221118541,-156.005299106,178.546575938,0.887802133,156.019782396
399334158.85486,240509_235603647.jpg,487594.94,7039148.399,434.363,-0.913865903,1.092922599,0.640093994,-156.114339484,179.261360433,1.025601756,156.126993104
399334159.33796,240509_235604131.jpg,487604.274,7039152.277,434.265,-0.914400569,1.678900045,0.267068898,-156.183472648,178.573778577,0.920209669,156.198794592
399334159.821061,240509_235604615.jpg,487613.676,7039156.143,434.177,-0.914434818,1.689075781,0.368590442,-156.189605907,178.605278553,1.016924012,156.207365323
399334160.293761,240509_235605088.jpg,487622.926,7039159.964,434.092,-0.91361311,2.010992935,0.347667798,-156.072902247,178.304673518,1.131060401,156.095685355
399334160.766461,240509_235605562.jpg,487632.201,7039163.82,434.021,-0.913272405,2.332981052,0.495552224,-156.027232027,178.071298232,1.397963125,156.060786202
399334161.239161,240509_235606036.jpg,487641.53,7039167.632,434.011,-0.914217233,1.321553191,0.554832782,-156.162115169,179.017006609,1.039379668,156.177370424
399334192.35268,240509_235637211.jpg,488305.155,7039144.943,443.061,-0.975776013,3.313019994,1.15332129,-167.53726739,177.015041367,1.836242609,167.618331157
399334192.81808,240509_235637677.jpg,488314.92,7039146.836,443.12,-0.975505624,3.072105137,0.977112842,-167.4509382,177.215044705,1.617097546,167.516334136
399334193.283481,240509_235638143.jpg,488324.69,7039148.772,443.161,-0.9746528,3.222696407,0.798837077,-167.215705144,177.03565053,1.488188452,167.276579254
399334193.748881,240509_235638610.jpg,488334.467,7039150.714,443.204,-0.97396329,2.576926347,0.687203107,-167.032009732,177.64484209,1.244826222,167.0729695
399334194.214281,240509_235639076.jpg,488344.231,7039152.711,443.259,-0.97302789,2.57072545,1.071073805,-166.820254163,177.742562667,1.625218878,166.876195845
399334194.679682,240509_235639542.jpg,488354.005,7039154.765,443.295,-0.972236674,2.841947023,0.707523787,-166.599100172,177.401204524,1.34351072,166.647034417
399334195.145082,240509_235640008.jpg,488363.748,7039156.872,443.33,-0.970628793,3.314852697,1.061954226,-166.229282013,177.034357801,1.815786592,166.306887609
399334195.610482,240509_235640475.jpg,488373.484,7039159.001,443.412,-0.968989682,3.013438319,1.033678963,-165.83784627,177.332310729,1.735305256,165.905322486
399334196.075882,240509_235640941.jpg,488383.196,7039161.236,443.442,-0.967473373,3.664272557,0.841235782,-165.474661038,176.665204785,1.728680476,165.551776413
399334196.541283,240509_235641407.jpg,488392.894,7039163.488,443.496,-0.965373805,3.053095278,0.640829626,-164.992612427,177.218755348,1.406028899,165.043732915
399334197.006683,240509_235641874.jpg,488402.54,7039165.877,443.542,-0.962317571,3.671452638,0.808746809,-164.337829131,176.684514299,1.765216407,164.41472452
399334197.472083,240509_235642340.jpg,488412.143,7039168.347,443.579,-0.957991906,3.50637191,1.260085361,-163.471461212,176.997373153,2.200062913,163.567546583
399334197.937484,240509_235642806.jpg,488421.703,7039170.964,443.681,-0.953543276,3.448327697,1.431591451,-162.610162954,177.137089407,2.391004472,162.712847781
399334198.402884,240509_235643273.jpg,488431.217,7039173.686,443.804,-0.948408109,2.683622929,1.425717486,-161.650119365,177.902155856,2.193555832,161.723535949
399334198.879884,240509_235643751.jpg,488440.888,7039176.64,443.947,-0.94213753,2.159641072,1.694821908,-160.561070083,178.527885923,2.312732727,160.622580209
399334199.356884,240509_235644229.jpg,488450.458,7039179.822,444.115,-0.936172307,2.749219891,1.761023681,-159.563336554,178.038439271,2.60504043,159.650025326
399334199.833885,240509_235644707.jpg,488459.919,7039183.136,444.395,-0.931133114,3.12559044,3.019654552,-158.886515285,178.168318208,3.935243768,159.031556875
399334200.310885,240509_235645185.jpg,488469.367,7039186.516,444.754,-0.927096891,2.577144064,2.338300228,-158.172746497,178.475876784,3.123342745,158.266687756
399334200.787885,240509_235645662.jpg,488478.704,7039190.028,445.122,-0.921505251,2.521901842,2.304453893,-157.322287502,178.560518002,3.093237265,157.411672891
399334201.264885,240509_235646140.jpg,488487.933,7039193.61,445.556,-0.917229651,1.98696335,3.610958069,-156.851419345,179.590899317,4.09552668,156.928398698
399334201.741886,240509_235646618.jpg,488497.099,7039197.259,446.096,-0.914092634,1.701100377,4.053697234,-156.465205112,-179.942075032,4.389939777,156.522888005
399334202.234086,240509_235647112.jpg,488506.49,7039201.079,446.73,-0.91247065,1.671948504,3.70251747,-156.17894207,179.964934642,4.056894325,156.233949626
399334202.726286,240509_235647605.jpg,488515.723,7039204.975,447.344,-0.906995399,3.130902705,5.033590597,-155.634941263,179.216781977,5.867450789,155.812262256
399334203.228887,240509_235648108.jpg,488525.085,7039208.915,447.988,-0.906046738,2.446736509,4.717672847,-155.443970488,179.731182765,5.300331902,155.556817531
399334203.731487,240509_235648612.jpg,488534.283,7039212.835,448.689,-0.909535647,2.603595948,4.501084595,-155.892383597,179.457484965,5.164282842,156.018796397
399334204.245187,240509_235649127.jpg,488543.565,7039216.669,449.391,-0.91833736,2.729878253,4.347084481,-157.134807449,179.168803523,5.05828714,157.274766006
399334204.769888,240509_235649652.jpg,488552.961,7039220.244,450.075,-0.929945455,2.145922438,4.925480466,-159.040263725,179.754556376,5.359796599,159.143670635
399334205.305688,240509_235650189.jpg,488562.571,7039223.445,450.755,-0.943448764,0.399633841,4.300618204,-161.184034459,-178.98960255,4.194130908,161.161810618
399334205.840188,240509_235650725.jpg,488572.131,7039226.304,451.348,-0.958105678,0.054327567,3.641112188,-163.841973385,-179.037373272,3.507440877,163.814053074
399334206.385189,240509_235651271.jpg,488581.926,7039228.835,451.691,-0.974567852,3.228626846,2.200685093,-167.356328555,177.330216254,2.847047619,167.484491812
399334206.930189,240509_235651817.jpg,488591.728,7039230.579,452.073,-0.982203948,1.533532833,3.441655943,-169.880787667,179.094170972,3.651939159,169.955513242
399334207.475189,240509_235652363.jpg,488601.546,7039231.849,452.556,-0.99018234,-0.160404376,3.249933394,-172.860750624,-179.435426204,3.200196767,172.840307461
399334208.03229,240509_235652921.jpg,488611.552,7039232.56,452.986,-0.996528558,-1.932846548,2.632193366,-176.425201265,-177.904627757,2.501034296,176.335035396
399334208.58939,240509_235653480.jpg,488621.565,7039232.682,453.23,-0.999311747,-3.28642101,1.128240017,-179.6475589,-176.706372411,1.103603947,179.583512187
399334209.14649,240509_235654038.jpg,488631.523,7039232.27,453.296,-0.997783533,-3.33150962,0.77400536,176.707777278,-176.718235026,0.960344881,-176.757741712
399334209.703591,240509_235654596.jpg,488641.468,7039231.303,453.285,-0.99185836,-1.998332177,-0.126343565,172.90070979,-178.001049516,0.120133513,-172.900566996
399334210.260691,240509_235655154.jpg,488651.289,7039229.568,453.198,-0.979994902,-2.205184714,-0.024921209,168.655445027,-177.832714368,0.407583006,-168.662632734
399334210.817791,240509_235655712.jpg,488661.003,7039227.173,453.066,-0.960234887,-0.514891067,-0.246597078,163.883957252,-179.435909026,-0.09530999,-163.882355516
399334211.374892,240509_235656271.jpg,488670.517,7039223.885,452.86,-0.936619834,-0.980580225,-0.717317023,159.576655002,-178.830129818,-0.330969519,-159.567102007
399334211.921892,240509_235656819.jpg,488679.722,7039219.942,452.561,-0.915601231,-1.625550156,-1.414541726,156.393486548,-177.943904736,-0.645230454,-156.361802735
399334212.458192,240509_235657356.jpg,488688.706,7039215.618,452.201,-0.903381665,-1.347724958,-1.491786881,154.704885902,-178.143858925,-0.772932604,-154.674782079
399334212.994493,240509_235657893.jpg,488697.745,7039210.944,451.78,-0.897227909,-1.969560872,-1.36926224,153.884976691,-177.628966834,-0.36259521,-153.853899788
399334213.514993,240509_235658415.jpg,488706.689,7039206.285,451.352,-0.895776351,-1.150040556,-1.922357437,153.728693398,-178.1175322,-1.214313031,-153.689412654
399334214.023493,240509_235658924.jpg,488715.521,7039201.623,450.909,-0.896054871,-1.305220605,-1.802749836,153.756908193,-178.031939056,-1.039444329,-153.718483691
399334214.531994,240509_235659434.jpg,488724.479,7039196.912,450.488,-0.891703525,-0.672566138,-1.727092732,153.193430128,-178.620306109,-1.238115293,-153.168347423
399334215.025794,240509_235659929.jpg,488733.242,7039192.181,450.071,-0.888891398,-0.585953458,-2.139436358,152.865140984,-178.502175626,-1.636214333,-152.832771582
399334215.519594,240509_235700423.jpg,488742.092,7039187.411,449.619,-0.889717899,0.680727784,-2.134064302,152.968875961,-179.635847766,-2.209823659,-152.974480353
399334216.013394,240509_235700918.jpg,488751.046,7039182.602,449.133,-0.891365125,1.479802031,-2.244051237,153.185838058,179.691760762,-2.669285294,-153.221941058
399334216.497095,240509_235701403.jpg,488759.891,7039177.825,448.633,-0.889500161,1.280709021,-1.898541528,152.925163091,179.724270917,-2.272839208,-152.95180381
399334216.980795,240509_235701887.jpg,488768.834,7039173.008,448.192,-0.89005603,2.378633492,-1.659153136,152.980699668,178.634656774,-2.55729885,-153.045575142
399334217.454295,240509_235702362.jpg,488777.68,7039168.26,447.788,-0.890735734,3.063793444,-2.087486718,153.094214582,178.210755892,-3.245045175,-153.200660296
399334217.927796,240509_235702836.jpg,488786.577,7039163.486,447.36,-0.892273377,3.339553971,-1.934401518,153.279093229,177.884959781,-3.226183315,-153.394991001
399334218.401296,240509_235703311.jpg,488795.528,7039158.702,446.94,-0.893975194,3.175706522,-1.528472775,153.472391222,177.840536667,-2.783560237,-153.567191062
399334218.874796,240509_235703785.jpg,488804.549,7039153.896,446.538,-0.891597604,3.065056698,-1.798741918,153.184258968,178.074845838,-2.985485682,-153.282501534
399334219.337996,240509_235704249.jpg,488813.351,7039149.155,446.132,-0.889122615,3.119170928,-1.599776941,152.859776548,177.953179813,-2.844155688,-152.954106221
399334219.801197,240509_235704713.jpg,488822.073,7039144.32,445.762,-0.886189811,1.860739181,-1.674568854,152.497475752,179.123167147,-2.343790327,-152.542563165
399334220.264397,240509_235705178.jpg,488830.74,7039139.473,445.412,-0.883675638,1.346889633,-1.618626966,152.183811903,179.564694269,-2.059750889,-152.210622792
399334220.727597,240509_235705642.jpg,488839.343,7039134.586,445.053,-0.878930548,0.659810496,-1.496376289,151.600031417,-179.867876324,-1.630192116,-151.606731722
399334221.190798,240509_235706106.jpg,488847.85,7039129.605,444.697,-0.870302247,-0.217879233,-1.338936005,150.569712474,-179.151661956,-1.05949203,-150.559289635
399334221.664798,240509_235706581.jpg,488856.414,7039124.304,444.322,-0.852005033,-1.303471104,-1.770424764,148.519460841,-177.963819598,-0.829019885,-148.484559227
399334222.138798,240509_235707056.jpg,488864.761,7039118.742,443.931,-0.833733932,-1.583736973,-1.704598846,146.56380388,-177.739346636,-0.549774924,-146.529369332
399334161.711862,240509_235606509.jpg,487650.88,7039171.453,433.927,-0.917542886,1.235667462,0.056095443,-156.632180435,178.889803682,0.539913129,156.637988565
399334162.184562,240509_235606983.jpg,487660.262,7039175.16,433.864,-0.921318492,0.551888514,0.425309603,-157.187676315,179.657630478,0.604164762,157.191486909
399334162.657262,240509_235607456.jpg,487669.704,7039178.785,433.815,-0.925231616,-0.057940855,-0.019958827,-157.769531071,-179.952547565,-0.041736193,157.769543626
399334163.129963,240509_235607930.jpg,487679.169,7039182.293,433.731,-0.92964591,-0.846804615,0.594308186,-158.455977549,-178.993306475,0.240024135,158.449445454
399334163.602663,240509_235608404.jpg,487688.691,7039185.701,433.711,-0.934153562,-1.257608922,0.422338328,-159.166983178,-178.673737212,-0.054131287,159.162954916
399334164.075363,240509_235608877.jpg,487698.239,7039189.004,433.663,-0.94052903,-1.168460677,0.511849679,-160.222121912,-178.726578394,0.084560115,160.215940372
399334164.548063,240509_235609351.jpg,487707.868,7039192.078,433.611,-0.948432445,-1.841896434,0.485845611,-161.607114234,-178.098517766,-0.121826358,161.601315022
399334165.020764,240509_235609825.jpg,487717.576,7039194.931,433.558,-0.958110486,-1.928934991,0.030474088,-163.448482217,-178.14176763,-0.521358887,163.456426799
399334165.493464,240509_235610298.jpg,487727.367,7039197.445,433.445,-0.967944799,-2.141408047,0.101393638,-165.55884396,-177.900563556,-0.437008534,165.56496193
399334165.966164,240509_235610772.jpg,487737.279,7039199.619,433.321,-0.975318929,-2.132511026,-0.631672293,-167.379810975,-178.056164728,-1.082424874,167.409951338
399334166.438865,240509_235611246.jpg,487747.241,7039201.508,433.118,-0.981716494,-1.661378997,-0.530891611,-169.180446672,-178.46695615,-0.833816112,169.199318988
399334166.911565,240509_235611719.jpg,487757.296,7039203.027,432.948,-0.988159597,-2.113679829,-0.634889382,-171.373812531,-178.004714857,-0.944895711,171.402003311
399334167.384265,240509_235612193.jpg,487767.409,7039204.164,432.754,-0.993505684,-2.270365749,-0.247913964,-173.712590569,-177.770034746,-0.49583711,173.727175592
399334167.856965,240509_235612666.jpg,487777.589,7039204.901,432.58,-0.997113323,-2.221271052,-0.396595733,-176.037097153,-177.811002694,-0.549761271,176.055315112
399334168.319566,240509_235613130.jpg,487787.583,7039205.181,432.416,-0.999296367,-2.66344285,-0.272818047,-178.79939601,-177.342700465,-0.329345048,178.813408439
399334168.782166,240509_235613593.jpg,487797.596,7039204.998,432.207,-0.99919639,-2.743408279,-0.440051512,178.593282573,-177.246497968,-0.373084577,-178.573743479
399334169.244766,240509_235614057.jpg,487807.61,7039204.372,432.014,-0.997269843,-2.941741023,-0.444256501,176.174311626,-177.035200746,-0.247541208,-176.156458804
399334169.707367,240509_235614520.jpg,487817.623,7039203.34,431.797,-0.993540099,-2.528253822,-0.780501304,173.774321577,-177.401829297,-0.501814367,-173.745679701
399334170.169967,240509_235614984.jpg,487827.597,7039201.878,431.546,-0.988560083,-2.379350697,-0.676193843,171.53138769,-177.546830451,-0.318844355,-171.510478646
399334170.632567,240509_235615448.jpg,487837.563,7039200.066,431.279,-0.983435692,-1.800251335,-1.072671638,169.760571071,-178.037245552,-0.7355968,-169.731076348
399334171.095167,240509_235615911.jpg,487847.48,7039197.941,430.987,-0.978867322,-1.64815621,-0.536242393,168.342580578,-178.276988836,-0.193021264,-168.331928355
399334171.557768,240509_235616375.jpg,487857.417,7039195.574,430.685,-0.974593268,-1.26973227,-1.076944957,167.220005784,-178.522819303,-0.769640475,-167.198109799
399334172.010068,240509_235616828.jpg,487867.115,7039193.107,430.428,-0.971080962,-0.286719442,-0.854067802,166.324010686,-179.518403779,-0.762678502,-166.318634338
399334172.462368,240509_235617281.jpg,487876.787,7039190.437,430.202,-0.968120679,-0.41151262,-0.220777898,165.600561832,-179.545388898,-0.112734293,-165.599300048
399334172.914668,240509_235617734.jpg,487886.491,7039187.645,429.994,-0.966143429,-0.196428658,-0.492669737,165.158036913,-179.682765048,-0.426872182,-165.155985158
399334173.366969,240509_235618187.jpg,487896.234,7039184.817,429.766,-0.96461112,0.843500504,-0.86729951,164.835319453,179.414170481,-1.058175079,-164.847084064
399334173.819269,240509_235618641.jpg,487905.978,7039181.903,429.522,-0.962557571,1.302962023,-0.688586023,164.382909636,178.93211758,-1.014363342,-164.40017253
399334174.271569,240509_235619094.jpg,487915.746,7039178.857,429.262,-0.96081149,0.754419135,-0.799160526,164.020314466,179.49614881,-0.976484148,-164.029841977
399334174.71347,240509_235619537.jpg,487925.345,7039175.834,428.965,-0.959488515,1.217220272,-0.949726815,163.75497313,179.098484575,-1.252514795,-163.774885387
399334175.15537,240509_235619979.jpg,487934.991,7039172.775,428.7,-0.959580964,1.801624236,-0.406064571,163.751799369,178.385836841,-0.894480184,-163.770781007
399334175.59727,240509_235620422.jpg,487944.713,7039169.676,428.519,-0.958361704,2.189939966,-0.178159909,163.499894886,177.95298614,-0.793488824,-163.517487718
399334176.03917,240509_235620865.jpg,487954.463,7039166.51,428.404,-0.958653886,2.113524132,0.390483895,163.562474948,177.864804269,-0.225123587,-163.559505981
399334176.470971,240509_235621297.jpg,487964.04,7039163.388,428.313,-0.959531379,1.51604287,0.431047987,163.742172848,178.42607769,-0.012301617,-163.736667431
399334176.902771,240509_235621730.jpg,487973.619,7039160.367,428.411,-0.959050667,2.517788682,2.144165755,163.775504639,176.985721535,1.350192167,-163.692997103
399334177.334571,240509_235622163.jpg,487983.254,7039157.316,428.573,-0.958649584,2.987655647,1.680042211,163.640589779,176.663068465,0.765989573,-163.574595821
399334177.766371,240509_235622595.jpg,487992.866,7039154.27,428.821,-0.959207461,3.701263259,1.871809248,163.77494977,175.926522393,0.757169955,-163.687710198
399334178.198172,240509_235623028.jpg,488002.443,7039151.215,429.096,-0.958932907,3.629217841,2.836720118,163.854900814,175.727205796,1.706551718,-163.701580432
399334178.629972,240509_235623461.jpg,488012.04,7039148.176,429.496,-0.95798775,3.848175432,2.908839632,163.673299681,175.491463651,1.699846415,-163.508891174
399334179.061772,240509_235623893.jpg,488021.589,7039145.077,429.926,-0.958093449,3.229783719,3.253690295,163.758405178,175.990065933,2.211010831,-163.589481057
399334179.493572,240509_235624326.jpg,488031.124,7039142.03,430.416,-0.958858794,2.949955292,3.536226151,163.974438292,176.18854908,2.574806108,-163.797912879
399334179.925373,240509_235624759.jpg,488040.619,7039139.089,430.946,-0.959587961,3.824702561,4.501427619,164.366927309,175.100603548,3.287778217,-164.076221299
399334180.357173,240509_235625191.jpg,488050.096,7039136.236,431.648,-0.961114385,4.481417307,4.585538373,164.720449368,174.465088368,3.22220133,-164.385552508
399334180.801873,240509_235625637.jpg,488059.759,7039133.288,432.422,-0.96200406,3.288536331,4.810931919,164.984641351,175.572557655,3.779482921,-164.700655716
399334181.246573,240509_235626082.jpg,488069.377,7039130.512,433.201,-0.963272182,4.205519194,5.037851538,165.34333175,174.650312235,3.788737362,-164.981606039
399334181.691274,240509_235626528.jpg,488078.908,7039127.77,433.98,-0.967087369,3.603194341,5.309692084,166.338520346,175.236575055,4.289681206,-165.993298526
399334182.145974,240509_235626984.jpg,488088.651,7039125.205,434.751,-0.974732774,3.387040812,4.854485137,168.153009278,175.682359471,4.040026835,-167.857409698
399334182.600674,240509_235627439.jpg,488098.4,7039122.999,435.475,-0.982266615,3.565092177,4.524644793,170.332526389,175.720320878,3.846461406,-170.048234374
399334183.055375,240509_235627895.jpg,488108.161,7039121.184,436.119,-0.989069034,3.46653023,4.32736469,172.913873257,176.020967386,3.852715189,-172.649336129
399334183.510075,240509_235628350.jpg,488117.947,7039119.868,436.717,-0.993994653,4.317692549,4.165255563,175.631520215,175.371243057,3.806850399,-175.32093059
399334183.975475,240509_235628817.jpg,488127.96,7039118.983,437.309,-0.996211035,4.801910852,4.32566039,178.235261215,175.057963665,4.15494229,-177.87488415
399334184.440875,240509_235629283.jpg,488137.965,7039118.551,437.908,-0.996438588,4.838163987,4.427840106,-179.152039784,175.216734777,4.477729985,179.525823518
399334184.906276,240509_235629749.jpg,488147.961,7039118.534,438.555,-0.994901917,3.95296737,4.050634267,-176.252896303,176.312571836,4.285843715,176.530369437
399334185.371676,240509_235630216.jpg,488157.917,7039118.986,439.124,-0.991259595,2.617740769,3.932941962,-173.75556887,177.821534586,4.185621293,173.924767361
399334185.837076,240509_235630682.jpg,488167.824,7039119.938,439.639,-0.987475838,3.419732024,3.526530089,-171.81573919,177.112244298,3.967004391,172.020744177
399334186.302476,240509_235631148.jpg,488177.701,7039121.176,440.09,-0.983139698,3.282144025,3.347169927,-170.158402746,177.334125542,3.849462358,170.343617154
399334186.767877,240509_235631615.jpg,488187.532,7039122.7,440.534,-0.979654415,3.67927056,3.595173291,-169.127319099,177.058727642,4.213345893,169.35069075
399334187.233277,240509_235632081.jpg,488197.368,7039124.349,440.974,-0.977536275,3.302304374,3.375631547,-168.43478913,177.437029475,3.959719855,168.620417263
399334187.698677,240509_235632547.jpg,488207.221,7039126.104,441.342,-0.976750346,2.88334226,2.506114218,-168.000017119,177.699393774,3.044125253,168.124005604
399334188.164078,240509_235633014.jpg,488217.04,7039127.952,441.649,-0.97573909,3.321192471,2.726593946,-167.770406891,177.329143668,3.360053178,167.927551879
399334188.629478,240509_235633480.jpg,488226.86,7039129.828,441.92,-0.975009616,3.378236763,2.666188852,-167.561455588,177.272775502,3.323032469,167.718951639
399334189.094878,240509_235633946.jpg,488236.693,7039131.708,442.219,-0.97523541,2.869658673,2.155996786,-167.524415709,177.663262765,2.718938404,167.633682637
399334189.560278,240509_235634413.jpg,488246.518,7039133.551,442.463,-0.975864137,1.567774611,1.977512124,-167.663051105,178.891621623,2.262855055,167.711855347
399334190.025679,240509_235634879.jpg,488256.336,7039135.423,442.662,-0.976951569,1.725529236,1.409463772,-167.880118504,178.610028885,1.736886631,167.9223003
399334190.491079,240509_235635345.jpg,488266.124,7039137.292,442.782,-0.97618017,2.34079208,1.325515179,-167.662076714,177.997636464,1.791149659,167.720336143
399334190.956479,240509_235635812.jpg,488275.89,7039139.207,442.895,-0.976034525,3.046243086,1.379416063,-167.628850902,177.320831122,1.995085203,167.712040613
399334191.42188,240509_235636278.jpg,488285.658,7039141.145,442.976,-0.975921323,3.814416339,0.848445551,-167.551824144,176.45967794,1.645884671,167.630824532
399334191.88728,240509_235636744.jpg,488295.414,7039143.033,443.022,-0.975460399,3.327894629,0.888053735,-167.43251477,176.94662467,1.5866057,167.500485865
399334247.860014,240509_235732828.jpg,489095.781,7038611.004,439.596,-0.702291609,3.125077218,3.037197023,134.717444495,175.648468193,-0.089149541,-134.638100137
399334248.324314,240509_235733293.jpg,489102.642,7038603.717,439.988,-0.705162009,2.90916782,2.383335861,134.918965021,176.262847715,-0.380979328,-134.870970922
399334248.788614,240509_235733758.jpg,489109.503,7038596.501,440.353,-0.709942562,2.949199022,2.454883864,135.310667638,176.181675025,-0.332887855,-135.258670013
399334249.252914,240509_235734223.jpg,489116.398,7038589.365,440.72,-0.716235961,3.113106623,2.430500056,135.825401779,176.078426201,-0.430289546,-135.774195698
399334249.717215,240509_235734689.jpg,489123.281,7038582.291,441.11,-0.716928449,2.557457811,3.244848497,135.92404059,175.910228382,0.54635916,-135.832198354
399334250.181515,240509_235735154.jpg,489130.185,7038575.225,441.495,-0.717258267,2.172562274,2.885679947,135.931429166,176.436092307,0.557609396,-135.859437971
399334250.645815,240509_235735619.jpg,489137.096,7038568.185,441.849,-0.7188883,2.217651575,2.699757354,136.056713499,176.533876343,0.400593603,-135.992412171
399334251.110116,240509_235736084.jpg,489144.034,7038561.187,442.171,-0.719765966,2.803890986,2.543050105,136.121894191,176.220933025,-0.1146913,-136.063538415
399334251.574416,240509_235736549.jpg,489150.981,7038554.187,442.463,-0.719115424,3.298743522,2.103674101,136.049604563,176.169741263,-0.778360437,-136.015164546
399334252.038716,240509_235737015.jpg,489157.904,7038547.168,442.705,-0.71899598,3.238459516,1.929081492,136.033374794,176.334290049,-0.862864284,-136.006555785
399334252.503017,240509_235737480.jpg,489164.818,7038540.197,442.97,-0.718658457,3.710270668,2.667813427,136.036170463,175.483173919,-0.660456405,-135.975949818
399334252.967317,240509_235737945.jpg,489171.693,7038533.148,443.243,-0.719052528,2.578398189,1.758675776,136.032375687,176.927081075,-0.526995279,-136.007003383
399334253.443317,240509_235738422.jpg,489178.762,7038526.007,443.434,-0.72006129,3.125062101,1.481756641,136.107646041,176.724357357,-1.10097033,-136.098790478
399334253.919317,240509_235738899.jpg,489185.806,7038518.881,443.592,-0.718841477,3.025101733,1.230307363,136.000701393,176.97259764,-1.218105918,-136.000475888
399334254.395318,240509_235739376.jpg,489192.812,7038511.764,443.695,-0.714769083,3.320415123,1.00306731,135.661060597,176.927104608,-1.604443752,-135.675097521
399334254.871318,240509_235739853.jpg,489199.731,7038504.629,443.793,-0.713255969,2.938145348,1.001673131,135.537051379,177.204390951,-1.344499642,-135.544232124
399334255.347318,240509_235740330.jpg,489206.607,7038497.538,443.851,-0.713715512,3.173525207,0.460100542,135.567656155,177.413820822,-1.893585935,-135.59770596
399334255.833519,240509_235740817.jpg,489213.556,7038490.39,443.85,-0.714286287,3.155706388,0.465461705,135.614457427,177.42127825,-1.875196935,-135.643893564
399334256.319719,240509_235741304.jpg,489220.41,7038483.272,443.825,-0.713962066,2.344539069,0.264170473,135.58659293,178.142393061,-1.452816659,-135.604765902
399334256.816219,240509_235741802.jpg,489227.357,7038476.144,443.795,-0.717071865,2.611819605,-0.247394234,135.841841242,178.299810609,-1.997023424,-135.877130059
399334257.324319,240509_235742311.jpg,489234.296,7038469.095,443.704,-0.717385713,2.993408063,-0.245316437,135.867662251,178.023343088,-2.260156088,-135.913087404
399334257.84322,240509_235742831.jpg,489241.172,7038462.025,443.591,-0.719954995,2.131890575,-0.647011073,136.082838636,178.914056272,-1.944820327,-136.113307509
399334258.38402,240509_235743372.jpg,489248.243,7038454.953,443.44,-0.730566102,2.439128882,-0.951145354,136.97150254,178.86642809,-2.35919943,-137.015084472
399334258.93632,240509_235743926.jpg,489255.329,7038448.041,443.248,-0.740938713,2.147313563,-1.176695913,137.854875994,179.197869941,-2.312910095,-137.89310466
399334259.509521,240509_235744500.jpg,489262.586,7038441.216,442.993,-0.751943545,2.524326161,-1.419486883,138.810208884,179.034984926,-2.729640898,-138.864452516
399334260.105321,240509_235745097.jpg,489270.021,7038434.534,442.689,-0.76990751,3.09441625,-1.784865036,140.412090594,178.751188118,-3.345405233,-140.496732595
399334260.731321,240509_235745724.jpg,489277.695,7038428.038,442.368,-0.791417732,3.467352427,-2.017113915,142.399581077,178.480879476,-3.710744633,-142.509795918
399334261.398122,240509_235746393.jpg,489285.683,7038421.829,442.037,-0.816606325,4.549739004,-1.836821116,144.826833847,177.333708112,-4.116939182,-144.995599331
399334262.111622,240509_235747107.jpg,489293.947,7038416,441.716,-0.844474453,5.816984221,-2.197809651,147.725337192,176.243264512,-4.953467511,-147.999466426
399334262.912923,240509_235747910.jpg,489302.596,7038410.589,441.389,-0.880565769,5.710913991,-1.880432473,151.818885803,175.845162834,-4.344384546,-152.070269649
399334263.853224,240509_235748852.jpg,489311.903,7038405.701,441.038,-0.910478178,6.393590247,-2.097295061,155.716485087,175.02262671,-4.526495882,-156.030363874
399334265.102824,240509_235750105.jpg,489322.219,7038401.156,440.698,-0.937658896,6.615565623,-1.89313573,159.820564059,174.43391852,-4.043922077,-160.126551495
399334271.656329,240509_235756671.jpg,489335.701,7038396.438,440.23,-0.957885136,5.848094952,-1.202544254,163.445948292,174.734740046,-2.810700032,-163.6366026
399334222.612798,240509_235707531.jpg,488872.94,7039112.948,443.517,-0.814754546,-1.022811724,-2.03605409,144.652392324,-177.987766243,-1.068681648,-144.615425822
399334223.086799,240509_235708006.jpg,488880.897,7039106.878,443.057,-0.790168007,-0.578949612,-2.332567901,142.297748153,-178.115232225,-1.490960465,-142.261414614
399334223.560799,240509_235708481.jpg,488888.549,7039100.468,442.57,-0.759220565,-0.647859342,-2.038607162,139.469732873,-178.182736486,-1.128353131,-139.440293067
399334224.034799,240509_235708955.jpg,488895.873,7039093.679,442.128,-0.732746456,-1.078294258,-2.305789295,137.196555994,-177.642461635,-0.958630904,-137.155124706
399334224.5088,240509_235709430.jpg,488902.88,7039086.573,441.644,-0.705078397,-2.90469579,-2.580110203,134.920869601,-176.124264565,0.236191414,-134.863466858
399334224.9828,240509_235709905.jpg,488909.625,7039079.233,441.141,-0.675054108,-3.699584669,-2.812111214,132.546576956,-175.430059482,0.825929526,-132.488756534
399334225.4568,240509_235710380.jpg,488916.096,7039071.669,440.602,-0.641371171,-2.717611508,-2.557936888,129.964741969,-176.296165109,0.4405588,-129.918342826
399334225.9308,240509_235710855.jpg,488922.226,7039063.785,440.024,-0.613699353,-2.378091069,-3.373215258,127.956029184,-175.880230773,-0.197621059,-127.87896138
399334226.404801,240509_235711330.jpg,488928.106,7039055.732,439.423,-0.584145574,-1.217495836,-3.065409769,125.821398225,-176.803125128,-0.805980378,-125.766371937
399334226.878801,240509_235711805.jpg,488933.645,7039047.42,438.82,-0.547898968,-1.073308885,-2.723952405,123.283311415,-177.134965604,-0.597354589,-123.242892054
399334227.352801,240509_235712280.jpg,488938.832,7039038.832,438.21,-0.505556632,-0.704460016,-3.223466054,120.43750422,-176.865060044,-1.024965389,-120.389686554
399334227.826802,240509_235712755.jpg,488943.565,7039029.969,437.565,-0.462945545,-0.823557692,-3.399700478,117.644348325,-176.607780921,-0.847184864,-117.594890472
399334228.300802,240509_235713230.jpg,488947.906,7039020.866,436.918,-0.424488646,-0.513200017,-3.390314597,115.178179728,-176.714847615,-0.977435789,-115.13503143
399334228.774802,240509_235713705.jpg,488951.884,7039011.518,436.244,-0.393042853,-0.543422947,-3.254370009,113.195175683,-176.79609247,-0.782101941,-113.157938178
399334229.238303,240509_235714169.jpg,488955.501,7039002.177,435.578,-0.368254733,-0.768963173,-3.165578052,111.653493959,-176.775683695,-0.45344473,-111.619564101
399334229.701803,240509_235714634.jpg,488958.876,7038992.653,434.914,-0.34696122,-1.512441649,-3.174939144,110.34422061,-176.499478964,0.313949283,-110.311999692
399334230.165303,240509_235715098.jpg,488962.138,7038983.003,434.276,-0.327823348,-0.662339228,-2.885332221,109.171396023,-177.058587661,-0.322383425,-109.146514305
399334230.618103,240509_235715552.jpg,488965.134,7038973.437,433.658,-0.311332176,-0.563291895,-2.533285555,108.16680763,-177.418457371,-0.255354229,-108.148664025
399334231.070904,240509_235716006.jpg,488967.991,7038963.755,433.15,-0.297936302,-0.39501752,-1.944414156,107.352483928,-178.026801875,-0.203896611,-107.342314036
399334231.523704,240509_235716459.jpg,488970.793,7038953.983,432.677,-0.28833515,0.963421925,-1.643365022,106.773594392,-178.704601167,-1.397274511,-106.771643515
399334231.976504,240509_235716913.jpg,488973.443,7038944.112,432.251,-0.283776686,0.354169241,-1.310406863,106.498216073,-178.843951705,-0.712694134,-106.495100213
399334232.417504,240509_235717355.jpg,488976.052,7038934.428,431.9,-0.278957999,1.064348083,-1.39096482,106.210823138,-178.961292516,-1.410982614,-106.210977572
399334232.858505,240509_235717797.jpg,488978.601,7038924.701,431.573,-0.278839996,1.131724752,-0.847947534,106.200691079,-179.500847141,-1.324122948,-106.20331434
399334233.299505,240509_235718238.jpg,488981.224,7038914.902,431.31,-0.27453722,2.416574156,-0.794141416,105.943760963,-179.899760474,-2.541900347,-105.958308828
399334233.740505,240509_235718680.jpg,488983.769,7038905.043,431.132,-0.268997475,2.682151766,0.041959054,105.612200662,179.238936062,-2.572127817,-105.628331244
399334234.171205,240509_235719112.jpg,488986.218,7038895.346,431.046,-0.264237554,3.083845957,0.154340338,105.329141553,179.037005376,-2.933370539,-105.349678027
399334234.601906,240509_235719543.jpg,488988.626,7038885.611,431.01,-0.263110126,3.248077682,0.154548663,105.262140564,178.996906546,-3.092789089,-105.28487564
399334235.032606,240509_235719975.jpg,488990.988,7038875.855,430.989,-0.261430475,2.533837144,0.618241534,105.163204525,178.742382268,-2.284375676,-105.174632468
399334235.463306,240509_235720407.jpg,488993.325,7038866.07,430.988,-0.257460125,1.920361874,0.78211725,104.928052294,178.751739288,-1.654888355,-104.932984387
399334235.894006,240509_235720838.jpg,488995.703,7038856.316,431.109,-0.258085667,2.981643423,1.561888325,104.969424392,177.723871431,-2.47760683,-104.978042267
399334236.324707,240509_235721270.jpg,488998.061,7038846.544,431.27,-0.26092153,3.094546195,1.646883669,105.138466656,177.605133437,-2.557649756,-105.147495651
399334236.755407,240509_235721701.jpg,489000.44,7038836.791,431.453,-0.263371665,3.122173527,2.199910814,105.289142157,177.058473761,-2.432447098,-105.291698063
399334237.186107,240509_235722133.jpg,489002.829,7038827.032,431.698,-0.269063462,2.878397258,2.241650627,105.628360961,177.069706299,-2.169117435,-105.627565606
399334237.616807,240509_235722564.jpg,489005.297,7038817.317,431.988,-0.270478253,3.190558454,2.430501467,105.714820717,176.800357013,-2.41401662,-105.714612961
399334238.047508,240509_235722996.jpg,489007.765,7038807.629,432.32,-0.269136417,3.580948578,2.60601269,105.637017782,176.529611852,-2.746938827,-105.638852198
399334238.478208,240509_235723427.jpg,489010.218,7038797.971,432.673,-0.265634079,3.894533279,2.420824848,105.426189134,176.634414672,-3.110948558,-105.435379455
399334238.908908,240509_235723859.jpg,489012.606,7038788.366,433.039,-0.266849093,3.988879984,3.016522322,105.50635195,176.031886209,-3.038327291,-105.506667561
399334239.339609,240509_235724291.jpg,489015.003,7038778.786,433.411,-0.262966483,4.180845337,2.673007706,105.270538252,176.324512281,-3.329907777,-105.279934623
399334239.781309,240509_235724733.jpg,489017.381,7038768.991,433.735,-0.260724952,3.64900895,2.625976787,105.136654895,176.516674429,-2.837599186,-105.139375159
399334240.223009,240509_235725176.jpg,489019.723,7038759.224,434.077,-0.265490887,2.757573834,2.583637907,105.419629394,176.780557898,-1.972638816,-105.412915999
399334240.664709,240509_235725618.jpg,489022.112,7038749.499,434.402,-0.269092271,2.147107886,2.528353268,105.633419632,176.990810949,-1.387843437,-105.622501548
399334241.10641,240509_235726061.jpg,489024.614,7038739.821,434.69,-0.28298061,2.862375131,2.044545797,106.456938075,177.231993668,-2.166866186,-106.458253819
399334241.54811,240509_235726503.jpg,489027.227,7038730.212,434.984,-0.305292625,2.581259813,2.397619307,107.800544693,176.932277271,-1.726133543,-107.792781104
399334241.98981,240509_235726946.jpg,489030.105,7038720.67,435.257,-0.32879794,3.136553362,1.975587831,109.217128628,177.105743227,-2.31247331,-109.221520232
399334242.43151,240509_235727388.jpg,489033.228,7038711.259,435.531,-0.361164302,3.780011215,2.480289318,111.203012193,176.324964192,-2.628338683,-111.20558777
399334242.873211,240509_235727831.jpg,489036.716,7038702.012,435.864,-0.390999172,5.404837766,2.265854086,113.047237893,175.801836459,-4.086629362,-113.090288688
399334243.316111,240509_235728275.jpg,489040.433,7038692.857,436.236,-0.423988433,5.240031012,1.825671703,115.112964566,176.124952742,-3.969800896,-115.163908952
399334243.759011,240509_235728719.jpg,489044.484,7038683.9,436.539,-0.464885574,5.100352272,1.890864604,117.733440809,175.955424978,-3.634817382,-117.777753813
399334244.212211,240509_235729173.jpg,489049.012,7038674.966,436.814,-0.500862932,4.960657742,2.315447894,120.099879552,175.513195532,-3.131932124,-120.122455811
399334244.665412,240509_235729627.jpg,489053.887,7038666.257,437.115,-0.53226163,4.975834952,2.665294511,122.21443398,175.097952476,-2.791530809,-122.218307052
399334245.118612,240509_235730081.jpg,489059.032,7038657.735,437.465,-0.562527346,4.281551138,2.738291981,124.293758384,175.331332863,-1.997668476,-124.272980633
399334245.571812,240509_235730535.jpg,489064.474,7038649.445,437.815,-0.587933374,4.238571252,2.846565983,126.081634407,175.209543271,-1.752945106,-126.049770436
399334246.025013,240509_235730989.jpg,489070.2,7038641.362,438.107,-0.615987541,5.109176343,2.128704465,128.075856591,175.177934686,-2.711164417,-128.095226793
399334246.478213,240509_235731443.jpg,489076.148,7038633.521,438.422,-0.650368824,4.47166633,2.792926125,130.650972413,174.974524429,-1.577776995,-130.61133892
399334246.931413,240509_235731897.jpg,489082.374,7038625.938,438.82,-0.672646715,3.298063096,3.345342873,132.385246784,175.311907408,-0.187031084,-132.296717306
399334247.395713,240509_235732362.jpg,489089.005,7038618.378,439.222,-0.690981049,3.287410972,2.835176277,133.800879486,175.683876877,-0.415249279,-133.735289093
399334311.50199,240509_235836595.jpg,489252.942,7038308.649,439.058,-0.557296092,-2.067093705,3.149048321,-123.945439614,-176.235595149,0.03965814,123.887202158
399334313.769592,240509_235838868.jpg,489260.16,7038312.216,439.004,-0.991310239,1.410611586,1.578624531,-172.818968956,178.799031479,1.73912517,172.856520782
399334315.458092,240509_235840559.jpg,489268.571,7038313.887,439.274,-0.908908962,0.203382038,2.836940378,-155.56822591,-179.01081991,2.662966882,155.55010793
399334316.856093,240509_235841960.jpg,489276.596,7038318.373,439.546,-0.80474515,0.22414988,2.751489524,-143.712290667,-178.551604716,2.346670608,143.687835869
399334318.115794,240509_235843222.jpg,489284.434,7038323.903,439.812,-0.798038909,0.38147025,2.199948743,-143.035277054,-178.981361621,1.983840139,143.024817682
399334319.367895,240509_235844477.jpg,489292.634,7038329.755,440.015,-0.803939647,0.967835435,1.167983372,-143.560855722,179.916053516,1.511808726,143.571729285
399334320.696396,240509_235845808.jpg,489300.968,7038335.584,440.132,-0.799708061,0.74077444,0.929122734,-143.148513262,179.965509101,1.185341893,143.154795673
399334322.111696,240509_235847226.jpg,489309.27,7038341.532,440.203,-0.791569342,0.732461291,0.660821259,-142.372596944,179.82452396,0.968352448,142.378239245
399334323.783298,240509_235848901.jpg,489317.909,7038347.975,440.245,-0.780020442,1.381686555,0.341421318,-141.297636302,179.13669836,1.128155728,141.310202891
399334325.874999,240509_235850997.jpg,489326.401,7038354.652,440.267,-0.737851163,1.560141114,1.101790944,-137.590017916,179.591954442,1.862805767,137.611549771
399334327.7932,240509_235852919.jpg,489332.931,7038361.487,440.341,-0.535726167,1.6263397,0.832582014,-122.414278794,179.831891799,1.816616484,122.428685463
399334330.243701,240509_235855374.jpg,489337.582,7038372.537,440.422,-0.077876788,-0.519672458,2.046098223,-94.471517471,-177.920258127,-0.359994957,94.468691299
399334336.797206,240509_235901941.jpg,489337.434,7038379.67,440.623,0.226226082,-0.213775851,1.907058943,-76.911307524,-178.191250479,-0.640999245,76.917823639
399334284.763337,240509_235809804.jpg,489336.784,7038396.092,440.19,-0.957471185,5.916762053,-0.964421717,163.347774449,174.606482806,-2.612231489,-163.520666935
399334290.02484,240509_235815076.jpg,489338.809,7038395.459,440.132,-0.941118269,6.181108626,-0.36831301,160.319399259,174.304022607,-2.423290242,-160.4599056
399334292.117341,240509_235817173.jpg,489344.417,7038390.879,440.237,-0.389197113,6.655863641,3.714145383,112.966942491,173.989089261,-4.681170739,-112.997117465
399334293.705542,240509_235818764.jpg,489345.744,7038382.013,440.529,0.092145278,4.158560265,0.007456727,84.710445537,-179.622235924,-4.141017284,-84.696564824
399334294.947042,240509_235820008.jpg,489343.531,7038373.126,440.46,0.309256996,1.74420963,-0.264524469,71.976489341,-179.207834036,-1.577521891,-71.969642686
399334296.078243,240509_235821141.jpg,489339.759,7038364.124,440.363,0.498351149,3.901921074,0.646925467,60.091287033,-178.611420812,-3.703611293,-60.024385937
399334297.116644,240509_235822182.jpg,489333.872,7038356.323,440.307,0.694298858,4.004542673,0.368615549,46.001230249,-177.480216862,-3.135200968,-45.919394134
399334298.063344,240509_235823130.jpg,489326.543,7038350.056,440.219,0.78294309,2.651214727,0.669025599,38.429989437,-178.337085718,-2.171531471,-38.382992076
399334298.962426,240509_235824031.jpg,489318.614,7038344.282,440.174,0.801952829,2.66546184,0.291381321,36.645478529,-178.034020656,-1.82467907,-36.607397098
399334299.836527,240509_235824907.jpg,489310.518,7038338.574,440.122,0.799847383,2.653844646,0.220180998,36.84763758,-178.007167706,-1.767751277,-36.811798918
399334300.710628,240509_235825783.jpg,489302.393,7038332.722,440.068,0.79487095,3.348049499,-0.145649766,37.32104194,-177.248247068,-1.914047234,-37.279335738
399334301.595628,240509_235826670.jpg,489294.33,7038326.837,439.946,0.789950503,3.5240275,-0.476656886,37.781505703,-176.922360092,-1.782723546,-37.748289761
399334302.538329,240509_235827614.jpg,489286.102,7038320.769,439.729,0.785185211,2.979491604,-1.616213591,38.198770407,-176.660256708,-0.575225258,-38.224073634
399334303.632829,240509_235828711.jpg,489277.611,7038314.375,439.424,0.785341653,3.300160771,-2.068099597,38.165799008,-176.129256243,-0.417275409,-38.211316341
399334305.18043,240509_235830261.jpg,489268.212,7038307.363,438.971,0.792747734,4.232909693,-3.03326625,37.416904121,-174.798799075,-0.170716236,-37.521279532
399334308.521288,240509_235833609.jpg,489256.172,7038301.462,438.424,0.929239898,7.576198931,2.003971437,-21.526153743,-172.221786223,0.923293894,21.596072262
399334371.431614,240509_235936644.jpg,489102.526,7038597.963,440.237,0.715282924,0.006726406,-1.627548625,-44.282143034,178.870709274,1.167199413,44.293578586
399334371.910014,240509_235937123.jpg,489095.568,7038605.169,439.87,0.709092128,-0.425948962,-1.51031197,-44.791568791,178.636025752,0.769240469,44.806352396
399334372.388415,240509_235937602.jpg,489088.728,7038612.469,439.552,0.693748886,-1.253977483,-1.427430122,-46.029106606,178.104836111,0.086301914,46.04614113
399334372.866815,240509_235938082.jpg,489082.061,7038619.901,439.212,0.671456487,-1.645626273,-1.245719465,-47.783542778,177.97450493,-0.383687574,47.794628022
399334373.345215,240509_235938561.jpg,489075.675,7038627.552,438.869,0.651422049,-3.010278346,-1.460095228,-49.311810117,176.933872486,-1.332505575,49.314440137
399334373.823615,240509_235939040.jpg,489069.502,7038635.329,438.568,0.622095483,-3.282434728,-1.017603521,-51.501919813,177.163035391,-1.936399464,51.483057527
399334374.302016,240509_235939520.jpg,489063.639,7038643.35,438.274,0.58608937,-3.451766592,-1.589324975,-54.084435207,176.691671472,-1.864744757,54.078384573
399334374.790716,240509_235940009.jpg,489058.031,7038651.757,437.937,0.554801304,-3.362990893,-1.40069997,-56.273452169,176.971004115,-2.020419073,56.261074886
399334375.279416,240509_235940499.jpg,489052.755,7038660.355,437.6,0.526470355,-3.622862053,-1.180286043,-58.208382232,177.090736321,-2.458131206,58.18320618
399334375.768117,240509_235940989.jpg,489047.766,7038669.112,437.296,0.497191111,-3.473446422,-1.137550514,-60.163634929,177.287615726,-2.447666547,60.140104549
399334376.256817,240509_235941478.jpg,489043.139,7038678.041,437.002,0.463276941,-4.254093574,-1.472724397,-62.377155539,176.725218351,-3.08673118,62.343499323
399334376.745517,240509_235941968.jpg,489038.792,7038687.057,436.711,0.427475555,-2.833125205,-0.7882338,-64.677137809,178.077863437,-2.224297957,64.659273114
399334377.234218,240509_235942458.jpg,489034.871,7038696.294,436.383,0.387184081,-3.132203422,-1.940848358,-67.195408669,177.000590499,-2.136284465,67.192477701
399334377.722918,240509_235942947.jpg,489031.362,7038705.646,435.998,0.356340215,-3.269754412,-1.70659061,-69.104358092,177.242686699,-2.446822756,69.09411238
399334378.211618,240509_235943437.jpg,489028.083,7038715.068,435.625,0.33025213,-2.057237906,-1.363390996,-70.700753669,178.036198097,-1.492122001,70.699642428
399334378.700318,240509_235943927.jpg,489025.078,7038724.579,435.318,0.311627837,-1.582572212,-1.264099749,-71.829171059,178.308146328,-1.110663731,71.830229769
399334379.189019,240509_235944416.jpg,489022.262,7038734.131,435.013,0.293160092,-1.21685515,-1.244498296,-72.94029687,178.455928248,-0.799563703,72.942748981
399334379.677719,240509_235944906.jpg,489019.588,7038743.732,434.675,0.277113961,-0.081242695,-1.282346144,-73.900006898,178.747892253,0.27572581,73.903974877
399334380.166419,240509_235945396.jpg,489017.066,7038753.428,434.362,0.271435088,0.450760092,-1.82287044,-74.234496447,178.370995269,0.926840046,74.240582628
399334380.65512,240509_235945885.jpg,489014.531,7038763.13,433.986,0.272316225,1.819444037,-1.419135268,-74.185210698,179.132900994,2.134601053,74.178940195
399334381.14382,240509_235946375.jpg,489012.001,7038772.901,433.637,0.270753413,2.351877688,-1.433507951,-74.278227474,179.260018991,2.649329455,74.266040462
399334381.63252,240509_235946865.jpg,489009.511,7038782.741,433.274,0.26554117,2.412901333,-1.755069671,-74.58602093,178.952254312,2.789484408,74.574717084
399334382.12122,240509_235947354.jpg,489007.083,7038792.641,432.889,0.264238415,1.931271726,-1.399244525,-74.666189101,179.163749583,2.229772851,74.65899125
399334382.598921,240509_235947833.jpg,489004.639,7038802.383,432.52,0.263256345,2.739919968,-1.657127006,-74.722697111,179.126321557,3.076488048,74.706681563
399334383.076621,240509_235948312.jpg,489002.251,7038812.19,432.141,0.263557851,2.216506561,-1.301534038,-74.707279453,179.331623842,2.47841972,74.696675288
399334383.554321,240509_235948790.jpg,488999.825,7038822.057,431.825,0.262851361,2.190932019,-1.091997981,-74.75046218,179.525009577,2.398194122,74.739627076
399334384.032022,240509_235949269.jpg,488997.379,7038831.955,431.572,0.263619343,2.529253294,-0.519376974,-74.707015537,-179.831979772,2.573833005,74.69185469
399334384.499722,240509_235949738.jpg,488994.983,7038841.696,431.373,0.264315605,2.367590813,-0.346969477,-74.665989078,-179.706840199,2.37233937,74.652815123
399334384.967422,240509_235950206.jpg,488992.583,7038851.484,431.206,0.265405377,1.908058005,-0.380926845,-74.601144305,-179.858995701,1.938210608,74.592474844
399334385.435122,240509_235950675.jpg,488990.187,7038861.299,431.068,0.267129421,1.061971247,0.209895608,-74.498849607,-179.51292618,0.965301148,74.496709921
399334385.902823,240509_235951144.jpg,488987.735,7038871.141,431.026,0.268148422,1.108195431,0.564764141,-74.437553014,-179.157977676,0.914177818,74.436300993
399334386.370523,240509_235951612.jpg,488985.223,7038881.009,431.04,0.270894982,1.900013829,0.761871764,-74.273403799,-178.751219263,1.620205898,74.268378603
399334386.838223,240509_235952081.jpg,488982.684,7038890.895,431.079,0.271088121,2.294018442,0.70512775,-74.262105532,-178.698537267,2.014375289,74.253346791
399334387.305924,240509_235952549.jpg,488980.199,7038900.804,431.136,0.271163799,1.753455531,0.983232691,-74.256441653,-178.577694055,1.418854664,74.253863309
399334387.773624,240509_235953018.jpg,488977.663,7038910.708,431.26,0.272110982,2.346001809,1.368285945,-74.197776232,-178.044795845,1.882561227,74.193633627
399334388.231324,240509_235953477.jpg,488975.153,7038920.386,431.453,0.272595764,2.986735979,1.812481096,-74.165387025,-177.442051499,2.376576888,74.15951113
399334388.689024,240509_235953935.jpg,488972.698,7038930.065,431.749,0.273611734,2.509338874,2.473773858,-74.097763793,-176.935004177,1.733841842,74.105462042
399334389.146725,240509_235954394.jpg,488970.157,7038939.722,432.041,0.273032294,3.744199371,2.761381249,-74.12859248,-176.321994562,2.844295281,74.1273842
399334389.604425,240509_235954852.jpg,488967.67,7038949.398,432.416,0.279249551,3.555480537,2.46373881,-73.761254779,-176.641916549,2.722573295,73.757796988
399334390.062125,240509_235955311.jpg,488965.098,7038958.992,432.825,0.294696879,3.472880264,3.362255894,-72.821779909,-175.765292641,2.323788651,72.837638107
399334390.519826,240509_235955770.jpg,488962.328,7038968.529,433.284,0.306008088,4.519113379,3.14853729,-72.144588812,-175.620254274,3.334335063,72.141131732
399334390.977526,240509_235956228.jpg,488959.494,7038977.985,433.812,0.325193593,4.552714889,4.385893235,-70.955459639,-174.374493955,2.872787779,70.988432876
399334391.445326,240509_235956697.jpg,488956.397,7038987.592,434.423,0.346758758,4.529755675,4.171894485,-69.644456435,-174.518540366,2.796063737,69.675393534
399334352.392667,240509_235917567.jpg,489336.199,7038383.981,440.73,0.515776661,-1.694120837,2.759381348,-58.894137924,-178.51287722,-2.875349024,58.890666161
399334353.857622,240509_235919035.jpg,489330.96,7038390.543,440.88,0.806154232,-4.699927018,1.656467677,-36.208301495,177.180896338,-4.107553836,36.039250724
399334354.967322,240509_235920147.jpg,489323.465,7038395.415,441.008,0.8900045,-4.560463493,2.38129437,-26.975923391,177.009375629,-4.183614854,26.771941396
399334355.882023,240509_235921063.jpg,489315.065,7038399.781,441.211,0.902740706,-4.887504904,3.447719226,-25.202663491,177.033541805,-5.189644532,24.921209661
399334356.690523,240509_235921873.jpg,489306.303,7038404.255,441.496,0.889434727,-4.699426602,2.97078047,-26.993876536,177.151516592,-4.771200876,26.753407784
399334357.429624,240509_235922614.jpg,489297.658,7038409.133,441.786,0.860822644,-3.761307076,3.098294412,-30.402382301,178.317827508,-4.57022098,30.233627258
399334358.121724,240509_235923307.jpg,489289.242,7038414.604,442.045,0.826716217,-2.999495044,3.225846847,-34.063026524,179.318482051,-4.348888467,33.952782954
399334358.775907,240509_235923963.jpg,489281.16,7038420.605,442.335,0.798562157,-2.868344542,2.779892106,-36.881041105,179.371572278,-3.942339192,36.789885356
399334359.388607,240509_235924577.jpg,489273.458,7038426.815,442.6,0.777934153,-2.141166358,2.630279876,-38.819460262,179.979777988,-3.389966924,38.769763387
399334359.978107,240509_235925167.jpg,489265.937,7038433.281,442.872,0.758355133,-1.241028133,2.722679724,-40.573396469,-179.17160845,-2.874284978,40.56473322
399334360.546007,240509_235925736.jpg,489258.617,7038439.982,443.144,0.743013266,-1.006621126,2.272752239,-41.930830859,-179.229828075,-2.362968658,41.926781051
399334361.103208,240509_235926295.jpg,489251.369,7038446.915,443.366,0.734428734,-1.119730591,2.010749646,-42.673262484,-179.459987941,-2.236994561,42.664185539
399334361.650308,240509_235926843.jpg,489244.159,7038453.936,443.542,0.727973892,-0.555300117,1.985127884,-43.217647875,-179.044894895,-1.826810311,43.223280068
399334362.185308,240509_235927379.jpg,489237.03,7038461.02,443.679,0.722881028,-0.281293105,1.71288164,-43.651774381,-179.020710141,-1.433690366,43.659844297
399334362.709009,240509_235927904.jpg,489229.911,7038468.096,443.778,0.720427089,1.304300757,1.361677947,-43.865082295,-178.116134842,-0.078619772,43.88189661
399334363.221109,240509_235928417.jpg,489222.877,7038475.201,443.847,0.721345861,1.3532949,1.388301492,-43.788338465,-178.062491531,-0.066433555,43.805880029
399334363.733209,240509_235928930.jpg,489215.728,7038482.475,443.897,0.718750061,0.779114035,0.914686276,-44.01287378,-178.803691846,-0.117534526,44.020346323
399334364.23521,240509_235929433.jpg,489208.576,7038489.669,443.908,0.717358058,2.064457939,0.921652241,-44.127495399,-177.876516042,0.774465187,44.129782137
399334364.72381,240509_235929923.jpg,489201.532,7038496.798,443.89,0.717893652,2.755357133,0.647766123,-44.087255902,-177.57002554,1.449776486,44.07213283
399334365.21241,240509_235930412.jpg,489194.413,7038504.044,443.808,0.718007635,2.584948696,0.078000311,-44.081607755,-178.087898888,1.739696429,44.054399424
399334365.690811,240509_235930891.jpg,489187.355,7038511.21,443.687,0.718223918,2.926516019,0.081815093,-44.063779115,-177.839129902,1.973665209,44.028714539
399334366.169211,240509_235931371.jpg,489180.233,7038518.474,443.555,0.719178061,2.672526023,-0.122408481,-43.985011943,-178.160812757,1.94121443,43.951068812
399334366.647611,240509_235931850.jpg,489173.072,7038525.749,443.393,0.71958435,2.623788253,-0.689518059,-43.947323423,-178.587426423,2.313975767,43.903095976
399334367.126011,240509_235932330.jpg,489165.934,7038532.994,443.18,0.720029108,2.481950612,-0.84331727,-43.908444586,-178.794609701,2.325446735,43.865804528
399334367.604412,240509_235932809.jpg,489158.796,7038540.228,442.901,0.719747568,2.423926142,-1.197126157,-43.925194097,-179.08214243,2.540142171,43.879621156
399334368.082812,240509_235933288.jpg,489151.653,7038547.422,442.635,0.721459659,2.921935616,-1.192334543,-43.783615405,-178.712453251,2.878503742,43.720973615
399334368.561212,240509_235933768.jpg,489144.55,7038554.623,442.359,0.715127061,2.658146348,-1.296650361,-44.303558243,-179.000485418,2.780656968,44.249329611
399334369.039613,240509_235934247.jpg,489137.535,7038561.895,442.046,0.714041194,1.881604026,-1.634321121,-44.383825816,-179.795934161,2.480641453,44.352665841
399334369.518013,240509_235934726.jpg,489130.546,7038569.145,441.693,0.714555543,0.896998638,-1.118484433,-44.354293228,179.861288717,1.424259375,44.347315856
399334369.996413,240509_235935206.jpg,489123.588,7038576.434,441.36,0.715066945,-0.63814054,-1.653639196,-44.299104819,178.390897003,0.735223524,44.31864261
399334370.474813,240509_235935685.jpg,489116.581,7038583.631,440.984,0.717185754,-0.670643711,-1.458219273,-44.130318893,178.505744906,0.577255147,44.146384389
399334370.953214,240509_235936164.jpg,489109.582,7038590.827,440.61,0.718119863,-1.033626233,-1.319760304,-44.05680456,178.342025029,0.227441381,44.071992153
399334391.913126,240509_235957166.jpg,488953.113,7038997.069,435.099,0.369276531,4.001122279,4.811618063,-68.237632916,-174.054767487,1.934214816,68.305074671
399334392.380927,240509_235957634.jpg,488949.589,7039006.444,435.779,0.395213358,3.756278025,4.493705726,-66.632965001,-174.391166944,1.667860471,66.698450762
399334392.848727,240509_235958103.jpg,488945.776,7039015.644,436.413,0.429711893,4.119118285,4.321170743,-64.459998891,-174.331455561,1.85576662,64.523355539
399334393.316527,240509_235958572.jpg,488941.616,7039024.613,437.058,0.465980504,4.661816999,4.490393913,-62.118996145,-173.858291515,2.024289299,62.193005715
399334393.795028,240509_235959051.jpg,488937.025,7039033.578,437.714,0.499671979,5.112714394,4.315406131,-59.911953755,-173.710592711,2.264168947,59.980055111
399334394.273528,240509_235959531.jpg,488932.11,7039042.314,438.335,0.54159539,5.201207625,4.01656028,-57.099175613,-173.809612392,2.189039572,57.163086201
399334394.752028,240510_000000010.jpg,488926.762,7039050.723,438.955,0.586029947,5.686963351,4.13406926,-53.996296408,-173.320958849,2.17611425,54.074498956
399334395.230528,240510_000000490.jpg,488921.023,7039058.832,439.534,0.620117459,5.694670925,4.03473406,-51.541084981,-173.307037004,1.956060949,51.627243772
399334395.709029,240510_000000969.jpg,488914.939,7039066.66,440.081,0.648845469,6.527349552,3.70821489,-49.419513239,-172.945452478,2.551090491,49.473568894
399334396.187529,240510_000001449.jpg,488908.646,7039074.267,440.651,0.678256052,5.786511928,3.7731172,-47.152271557,-173.306406674,1.683402652,47.244409088
399334396.676529,240510_000001939.jpg,488901.954,7039081.785,441.232,0.708394543,4.37230319,3.940434124,-44.731681693,-174.126363079,0.284882149,44.867416052
399334397.16553,240510_000002428.jpg,488894.9,7039088.976,441.756,0.735853677,4.521696744,3.290233087,-42.48798184,-174.448250121,0.632891224,42.587137509
399334397.65453,240510_000002918.jpg,488887.61,7039095.882,442.232,0.765656427,3.784793047,3.504533187,-39.874054422,-174.852240671,-0.257482552,40.001380912
399334398.14353,240510_000003408.jpg,488879.98,7039102.387,442.696,0.796392703,4.416513982,3.476038725,-37.037649604,-174.385176655,-0.107320331,37.176908418
399334398.63253,240510_000003898.jpg,488872.05,7039108.492,443.16,0.825970048,4.814817139,3.248096099,-34.137577032,-174.196548961,0.021054614,34.273030142
399334399.121531,240510_000004388.jpg,488863.873,7039114.232,443.595,0.849567715,4.092487186,3.23068785,-31.643951002,-174.823864439,-0.596584827,31.786327958
399334399.610531,240510_000004878.jpg,488855.476,7039119.616,444.027,0.864308772,3.796346365,3.191990434,-29.995632595,-175.118415117,-0.860269289,30.13808072
399334400.099531,240510_000005368.jpg,488846.964,7039124.793,444.47,0.871523552,3.283012381,3.154784553,-29.160105042,-175.597093293,-1.150003828,29.294723481
399334400.588532,240510_000005858.jpg,488838.401,7039129.866,444.892,0.877519616,2.59025489,2.862976032,-28.473903989,-176.358616812,-1.278352437,28.579282753
399334401.077532,240510_000006348.jpg,488829.777,7039134.782,445.282,0.881658724,3.097486888,3.02530139,-27.955823278,-175.846593694,-1.215528478,28.081704615
399334401.566532,240510_000006838.jpg,488821.13,7039139.638,445.664,0.883879676,3.194260051,2.815355532,-27.703035531,-175.864186887,-1.003453963,27.817776145
399334402.055533,240510_000007328.jpg,488812.5,7039144.433,446.066,0.886284511,3.237644716,3.199820271,-27.365679773,-175.654586662,-1.347920647,27.507257198
399334402.544533,240510_000007818.jpg,488803.874,7039149.205,446.483,0.887475298,2.719741424,3.033239531,-27.234191711,-176.193963999,-1.448223904,27.354332551
399334403.043933,240510_000008318.jpg,488795.095,7039154.052,446.912,0.887125351,2.102675894,3.093090381,-27.271838045,-176.713392257,-1.782476185,27.379765274
399334403.543333,240510_000008819.jpg,488786.349,7039158.866,447.318,0.888789459,1.701082925,3.151352078,-27.056385087,-177.050873813,-2.029800801,27.155455459
399334404.042734,240510_000009319.jpg,488777.613,7039163.626,447.732,0.891126067,1.296028142,3.016808724,-26.774333756,-177.483049902,-2.107360383,26.85479157
399334404.542134,240510_000009820.jpg,488768.878,7039168.287,448.113,0.893399395,1.83374035,3.170563768,-26.466498732,-176.944639441,-2.017880586,26.571090224
399334405.052934,240510_000010331.jpg,488759.947,7039172.956,448.527,0.896431759,2.662102163,3.133383671,-26.077335932,-176.231456815,-1.639792413,26.204109269
399334405.563735,240510_000010843.jpg,488751.062,7039177.54,448.976,0.898986193,3.19181038,3.277551656,-25.724967957,-175.702198429,-1.561381632,25.874884216
399334406.074535,240510_000011355.jpg,488742.226,7039182.06,449.423,0.900330979,3.195848027,3.197468112,-25.555964958,-175.737827828,-1.500306281,25.701004221
399334406.585335,240510_000011867.jpg,488733.465,7039186.578,449.851,0.900277565,2.213684061,2.840452811,-25.602381607,-176.77603967,-1.601992466,25.702372111
399334407.106336,240510_000012389.jpg,488724.596,7039191.127,450.246,0.902282209,1.853527105,2.703828468,-25.348782936,-177.166976792,-1.647695915,25.43329936
399334407.627336,240510_000012911.jpg,488715.728,7039195.537,450.622,0.905981844,2.728584364,2.610411037,-24.857607423,-176.427264024,-1.218392192,24.957799201
399334408.148336,240510_000013433.jpg,488706.898,7039199.889,450.998,0.910151868,2.30740677,2.950118269,-24.245528016,-176.684248716,-1.73892239,24.355300527
399334408.681137,240510_000013967.jpg,488697.859,7039204.203,451.387,0.917562701,2.22621116,2.470378142,-23.24086105,-176.979524295,-1.389165784,23.325517379
399334409.224337,240510_000014511.jpg,488688.718,7039208.279,451.758,0.929483337,3.05132367,2.646348071,-21.421423901,-176.193154286,-1.345091677,21.536633272
399334409.777837,240510_000015066.jpg,488679.428,7039212.075,452.118,0.943995793,3.052361277,2.316099207,-19.052800741,-176.359011879,-1.189558667,19.152347441
399334410.331338,240510_000015620.jpg,488670.124,7039215.425,452.401,0.958223247,3.019268475,1.421952848,-16.468540894,-176.701964367,-0.506672148,16.520640841
399334410.895138,240510_000016185.jpg,488660.665,7039218.339,452.573,0.970639377,3.098520496,1.036733192,-13.76948147,-176.744212101,-0.269169366,13.805214705
399334411.471438,240510_000016763.jpg,488650.998,7039220.73,452.677,0.983663503,4.157725709,1.089942195,-10.162717816,-175.716087964,-0.337820514,10.21496017
399334412.058639,240510_000017351.jpg,488641.129,7039222.507,452.749,0.993668629,4.622737748,0.77500522,-6.15617064,-175.321803145,-0.27380812,6.198685992
399334412.645839,240510_000017939.jpg,488631.26,7039223.644,452.747,0.998672051,4.084959659,0.075788112,-2.364272226,-175.916059644,0.091336729,2.363774412
399334413.233039,240510_000018528.jpg,488621.403,7039224.073,452.648,0.999096465,4.285480968,-0.690903056,1.527296304,-175.698191123,0.572508013,-1.574582813
399334413.83114,240510_000019127.jpg,488611.399,7039223.813,452.425,0.994922102,4.657573977,-1.222279812,5.363403745,-175.249212273,0.775527013,-5.445206759
399334414.42924,240510_000019726.jpg,488601.428,7039222.886,452.07,0.9878387,5.382756399,-1.751494856,8.594753742,-174.416900536,0.917971111,-8.721753738
399334415.02734,240510_000020326.jpg,488591.48,7039221.541,451.687,0.979239088,3.680958294,-1.970546148,11.396308191,-176.002293907,1.197604295,-11.501394241
399334415.625441,240510_000020925.jpg,488581.598,7039219.649,451.273,0.968793806,3.674781332,-1.7515668,14.138705193,-176.009277257,0.795078439,-14.222568644
399334416.223541,240510_000021524.jpg,488571.729,7039217.345,450.875,0.95630317,2.114714039,-2.416253394,16.742642062,-177.278130434,1.699364489,-16.827654712
399334416.811642,240510_000022113.jpg,488562.115,7039214.581,450.366,0.9451603,2.200945415,-2.69460855,18.79894049,-177.047307419,1.835714257,-18.898068734
399334417.399742,240510_000022703.jpg,488552.5,7039211.518,449.804,0.937436107,1.5305786,-3.352056868,20.034375627,-177.411812113,2.61870244,-20.138420909
399334417.987842,240510_000023292.jpg,488542.854,7039208.32,449.139,0.934424609,0.260313664,-3.298811147,20.54145203,-178.597251791,2.992990985,-20.585748544
399334418.564643,240510_000023870.jpg,488533.338,7039205.03,448.476,0.931502288,-0.042440283,-3.302254708,21.013945947,-178.854163301,3.093245379,-21.043829743
399334419.141443,240510_000024448.jpg,488523.77,7039201.566,447.816,0.928549528,0.920616918,-3.423650761,21.46367468,-177.888638288,2.843899782,-21.543730911
399334419.707143,240510_000025015.jpg,488514.314,7039198.11,447.157,0.92900657,1.433019837,-3.127949271,21.434952911,-177.521574527,2.382310846,-21.525714311
399334420.272844,240510_000025581.jpg,488504.756,7039194.663,446.522,0.929293335,0.926013381,-2.964173829,21.4120837,-178.054455391,2.416735317,-21.477194807
399334420.827844,240510_000026138.jpg,488495.32,7039191.276,445.961,0.929882553,0.435489915,-2.262927966,21.401005625,-178.767927375,1.944363769,-21.430618949
399334421.382844,240510_000026694.jpg,488485.838,7039187.871,445.498,0.930810183,0.149005922,-1.650837226,21.308316843,-179.260444441,1.480880969,-21.320108898
399334421.937845,240510_000027250.jpg,488476.286,7039184.447,445.087,0.932064706,0.185108139,-1.437026133,21.124362072,-179.308582293,1.270995797,-21.134429514
399334422.482545,240510_000027796.jpg,488466.822,7039181.051,444.717,0.93556131,1.086272808,-1.301958839,20.569450746,-178.525028677,0.834587987,-20.592585086
399334423.027245,240510_000028341.jpg,488457.224,7039177.811,444.421,0.939690877,0.307038805,-0.774968377,19.910950662,-179.446452432,0.621952146,-19.916076098
399334423.561646,240510_000028877.jpg,488447.688,7039174.752,444.186,0.943681221,-1.006446821,-0.187976062,19.242083752,179.113389711,0.507334258,-19.236541051
399334424.096046,240510_000029412.jpg,488438.058,7039171.754,444.052,0.948965706,-1.540651751,0.100923151,18.301363332,178.50759586,0.386351063,-18.297708844
399334424.630446,240510_000029948.jpg,488428.328,7039168.892,443.927,0.954291611,-1.621100115,0.195567235,17.30197848,178.396181081,0.29391313,-17.300646337
399334425.164847,240510_000030483.jpg,488418.521,7039166.192,443.827,0.958999893,-1.944099973,0.467108037,16.364768261,178.00539305,0.098436784,-16.370978655
399334425.688647,240510_000031008.jpg,488408.83,7039163.72,443.774,0.961663885,-2.857733947,0.465104133,15.8137823,177.126447163,0.330108443,-15.817105611
399334426.212447,240510_000031533.jpg,488399.115,7039161.264,443.715,0.964003719,-2.578909717,0.297402919,15.317958433,177.436700301,0.393010538,-15.315873195
399334426.736248,240510_000032058.jpg,488389.388,7039158.883,443.655,0.965737457,-1.723497778,0.066530637,14.939893779,178.319703816,0.378411263,-14.935368664
399334427.260048,240510_000032582.jpg,488379.672,7039156.603,443.6,0.967442527,-1.863217519,0.014437463,14.556095378,178.19509027,0.452577267,-14.549229053
399334427.783848,240510_000033107.jpg,488369.973,7039154.387,443.534,0.968542997,-1.69021339,0.523967105,14.293526538,178.234970236,-0.091447303,-14.302658005
399334428.307648,240510_000033632.jpg,488360.274,7039152.164,443.47,0.969473443,-0.678188133,0.321337983,14.081834926,179.265704836,-0.14788261,-14.08468527
399334428.831449,240510_000034157.jpg,488350.579,7039149.913,443.401,0.971154964,1.451493894,-0.012676298,13.683766491,-178.58605131,-0.332315436,-13.679823558
399334429.355249,240510_000034682.jpg,488340.852,7039147.864,443.345,0.973056168,1.145534786,0.271059065,13.212456936,-178.945857356,-0.526714889,-13.204893409
399334429.879049,240510_000035207.jpg,488331.11,7039145.873,443.306,0.974451569,0.960120478,0.2670337,12.857898141,-179.12242259,-0.475048372,-12.852015187
399334430.40285,240510_000035731.jpg,488321.366,7039143.918,443.264,0.975620519,1.298252964,0.390792583,12.550035678,-178.816810576,-0.664389388,-12.538734821
399334430.92665,240510_000036256.jpg,488311.6,7039142.044,443.224,0.976250452,0.745143369,0.245983289,12.38643079,-179.323927276,-0.401206772,-12.382458481
399334431.45045,240510_000036781.jpg,488301.841,7039140.207,443.166,0.976001712,0.093770019,0.446206803,12.447241941,179.996758226,-0.456944425,-12.446880437
399334431.985651,240510_000037317.jpg,488291.88,7039138.223,443.132,0.97580135,1.015914133,-0.332859657,12.503959977,-178.935336141,0.103330237,-12.507880966
399334432.520851,240510_000037854.jpg,488281.943,7039136.273,443.03,0.975587734,1.194897149,-0.028743864,12.564673633,-178.826699444,-0.233210377,-12.562584542
399334433.044251,240510_000038378.jpg,488272.2,7039134.431,442.937,0.976267527,-0.087153403,-0.115664717,12.383785314,179.941019015,0.130114433,-12.383646013
399334433.573252,240510_000038908.jpg,488262.36,7039132.484,442.796,0.976015383,0.892154789,-0.778590561,12.427634789,-178.960393569,0.566188744,-12.438858923
399334434.102252,240510_000039438.jpg,488252.503,7039130.604,442.626,0.975327874,0.245272605,-0.602450478,12.618938312,-179.627936067,0.532342806,-12.621987339
399334434.631252,240510_000039968.jpg,488242.627,7039128.648,442.435,0.975084035,0.455917823,-0.801620959,12.671949795,-179.37834837,0.679924184,-12.678862767
399334435.160253,240510_000040498.jpg,488232.731,7039126.737,442.204,0.975431158,-0.332777654,-0.393907206,12.59991543,179.762556017,0.455181549,-12.597859782
399334435.689253,240510_000041028.jpg,488222.765,7039124.814,441.958,0.975500113,-0.690866934,-1.530963589,12.496083189,179.657904102,1.641204674,-12.482046751
399334436.207353,240510_000041547.jpg,488213.084,7039122.878,441.65,0.977113501,0.733184726,-0.675696336,12.137749328,-179.140245501,0.5043924,-12.145881851
399334436.740254,240510_000042081.jpg,488203.07,7039121.11,441.348,0.978480137,-1.226305768,-0.946718156,11.740938925,178.993489495,1.173838418,-11.720571395
399334437.262554,240510_000042605.jpg,488193.237,7039119.469,441.006,0.98194129,-2.733742518,-1.602116742,10.645031319,177.609956448,2.074656801,-10.563674941
399334437.784854,240510_000043128.jpg,488183.378,7039117.965,440.585,0.985218013,-2.784835844,-2.011274557,9.497872202,177.585257917,2.437536084,-9.397785935
399334438.307155,240510_000043651.jpg,488173.483,7039116.644,440.122,0.989366567,-2.197157797,-2.032837284,7.921489185,178.104443303,2.31143672,-7.844425031
399334438.829455,240510_000044175.jpg,488163.506,7039115.643,439.663,0.993401404,-2.43303337,-2.283472624,5.923414269,177.815680295,2.516782109,-5.827118401
399334439.351755,240510_000044698.jpg,488153.414,7039115.039,439.156,0.99638736,-3.234968773,-2.737226526,3.627672112,176.943328135,2.928131936,-3.472474089
399334439.863855,240510_000045211.jpg,488143.415,7039114.776,438.582,0.997874742,-2.559974216,-3.05424598,1.241356939,177.50558628,3.101689897,-1.105791573
399334440.375956,240510_000045724.jpg,488133.348,7039114.995,437.98,0.998238814,-2.854694725,-2.480901967,-1.522575433,177.080601111,2.397349159,1.645292944
399334440.888056,240510_000046237.jpg,488123.2,7039115.726,437.339,0.996583515,-4.049152076,-2.159859841,-3.833150287,175.816683058,1.875708622,3.977794159
399334441.385756,240510_000046736.jpg,488113.252,7039116.749,436.776,0.992403568,-3.186726552,-2.757687846,-6.267778376,176.53145203,2.385049816,6.416495682
399334441.883457,240510_000047235.jpg,488103.274,7039118.246,436.126,0.986406846,-2.963428963,-3.420263154,-8.647622911,176.554927579,2.926390404,8.82388432
399334442.381157,240510_000047733.jpg,488093.309,7039120.109,435.43,0.98109172,-2.413317735,-2.934821255,-10.628799934,177.087278511,2.432481781,10.752287213
399334442.868557,240510_000048222.jpg,488083.519,7039122.319,434.69,0.974107129,-2.281077075,-3.609679036,-12.445352717,176.993876394,3.025206195,12.596418051
399334443.355958,240510_000048710.jpg,488073.734,7039124.838,433.89,0.966821099,-2.117339359,-3.881784088,-14.187492473,176.994704812,3.236147152,14.343947056
399334443.831958,240510_000049187.jpg,488064.181,7039127.579,433.087,0.961646405,-1.752495756,-3.728312403,-15.390770363,177.320389706,3.122345399,15.52067228
399334444.307958,240510_000049664.jpg,488054.594,7039130.547,432.291,0.958223498,-1.448455054,-3.982891717,-16.055634974,177.505680673,3.419907801,16.180301935
399334444.783959,240510_000050141.jpg,488044.95,7039133.573,431.518,0.956718767,-0.296713534,-4.28254952,-16.291574172,178.513750771,4.021569142,16.354743137
399334445.259959,240510_000050618.jpg,488035.293,7039136.646,430.81,0.958286639,0.544771778,-3.103085585,-16.230572536,179.657597389,3.12736242,16.225131354
399334445.735959,240510_000051095.jpg,488025.568,7039139.694,430.246,0.959806865,1.626378764,-2.391645634,-16.034445551,-179.094945507,2.743447684,15.978848835
399334446.201359,240510_000051561.jpg,488016.021,7039142.676,429.78,0.959979842,2.261020104,-2.186336781,-16.027039358,-178.427574305,2.720645152,15.946602454
399334446.66676,240510_000052028.jpg,488006.475,7039145.697,429.371,0.959189985,2.063909603,-1.960632798,-16.218423624,-178.563396395,2.454648035,16.152370379
399334447.13216,240510_000052494.jpg,487996.944,7039148.689,428.987,0.95899566,3.208959206,-1.18130705,-16.331262525,-177.250760377,2.03117377,16.249505816
399334447.59756,240510_000052960.jpg,487987.429,7039151.722,428.726,0.958892992,3.387522752,-0.940786191,-16.367328441,-177.013302412,1.852694058,16.291285448
399334448.06296,240510_000053427.jpg,487977.966,7039154.777,428.521,0.959347042,3.111344463,-0.38653854,-16.296602913,-177.121506772,1.241037559,16.254987949
399334448.528361,240510_000053893.jpg,487968.498,7039157.769,428.328,0.958991668,3.82230291,-0.701415994,-16.358910315,-176.528728742,1.745002938,16.282710593
399334448.993761,240510_000054359.jpg,487959.152,7039160.732,428.315,0.960506347,4.169778358,0.918328559,-16.03691452,-175.739823689,0.269587152,16.060368797
399334449.469461,240510_000054836.jpg,487949.611,7039163.763,428.447,0.959368599,3.396426349,1.113234512,-16.259501009,-176.42836427,-0.117201365,16.296204783
399334449.945161,240510_000055312.jpg,487940.159,7039166.849,428.576,0.958082968,2.352801984,1.403330196,-16.49921093,-177.345494153,-0.676724131,16.543749283
399334450.420862,240510_000055789.jpg,487930.783,7039169.913,428.754,0.957555195,1.918179502,1.841562946,-16.563747271,-177.635958397,-1.217195609,16.619736096
399334450.907062,240510_000056276.jpg,487921.246,7039172.973,429.009,0.958209134,2.720028633,2.036979982,-16.409219233,-176.815177537,-1.183288791,16.490514525
399334451.393262,240510_000056763.jpg,487911.766,7039175.998,429.252,0.958154345,3.355587702,1.912385036,-16.434901855,-176.240855605,-0.882071256,16.519899627
399334451.879463,240510_000057251.jpg,487902.369,7039179.021,429.493,0.962041032,2.804188498,2.205356501,-15.589987784,-176.705949537,-1.367699009,15.683332631
399334483.050982,240510_000128484.jpg,487328.162,7039074.598,436.763,0.998034515,0.018359854,2.060917669,-2.357425066,-179.895487773,-2.057803373,2.359708645
399334483.544382,240510_000128978.jpg,487318.24,7039075.272,436.975,0.997480559,0.577214041,2.474109842,-2.706863346,-179.304938088,-2.442944964,2.734228827
399334484.037782,240510_000129473.jpg,487308.214,7039075.934,437.162,0.997718455,2.132863987,2.239671101,-2.620480014,-177.765106861,-2.137474107,2.703924027
399334484.531182,240510_000129967.jpg,487298.128,7039076.676,437.41,0.997654596,1.620153988,2.228701395,-2.708429448,-178.274583165,-2.147976997,2.77235224
399334485.014083,240510_000130451.jpg,487288.226,7039077.379,437.694,0.996750114,2.199355762,3.274354567,-2.744810306,-177.642605796,-3.161003506,2.87279214
399334485.496983,240510_000130935.jpg,487278.248,7039078.089,438.065,0.997093851,2.6949973,2.958035953,-2.691176024,-177.165667846,-2.82344054,2.830679296
399334485.979883,240510_000131418.jpg,487268.262,7039078.804,438.476,0.996578982,2.890730778,3.536716753,-2.621635218,-176.9453351,-3.394147813,2.801465306
399334486.462784,240510_000131902.jpg,487258.255,7039079.56,438.947,0.9962844,2.083636754,3.786345343,-2.642715156,-177.739158909,-3.681345745,2.784328241
399334486.945684,240510_000132386.jpg,487248.21,7039080.281,439.469,0.996816221,2.232105964,3.250411803,-2.693202849,-177.613884667,-3.137634921,2.821959109
399334487.428584,240510_000132870.jpg,487238.167,7039081.004,439.938,0.99671292,2.362535805,3.385382645,-2.652797512,-177.479115188,-3.267548183,2.794592037
399334487.911485,240510_000133354.jpg,487228.1,7039081.722,440.384,0.996824613,2.452732534,3.317787487,-2.598993589,-177.395221632,-3.198204051,2.74281976
399334488.394385,240510_000133838.jpg,487218.019,7039082.457,440.85,0.996691605,2.005229281,3.488557137,-2.543141875,-177.83790369,-3.39192807,2.668304113
399334488.877285,240510_000134322.jpg,487207.912,7039083.151,441.314,0.996918323,2.302769711,3.307569224,-2.49094251,-177.551690694,-3.199793742,2.6258864
399334489.360185,240510_000134805.jpg,487197.808,7039083.846,441.771,0.996940349,2.361853031,3.300445539,-2.471120118,-177.494035005,-3.190848586,2.609037221
399334489.843086,240510_000135289.jpg,487187.712,7039084.558,442.231,0.996821797,2.078401166,3.301230591,-2.623182554,-177.768969738,-3.198583729,2.74544256
399334490.325986,240510_000135773.jpg,487177.635,7039085.272,442.686,0.996683795,2.475921206,3.271792354,-2.825313814,-177.361811067,-3.14084652,2.968427642
399334490.808886,240510_000136257.jpg,487167.576,7039086.044,443.104,0.997082769,2.109822725,2.933296113,-2.730592187,-177.749834274,-2.825951124,2.84018464
399334491.291787,240510_000136741.jpg,487157.543,7039086.775,443.476,0.997535337,2.152426343,2.510817955,-2.603385086,-177.733461698,-2.407609678,2.6982467
399334491.774687,240510_000137225.jpg,487147.538,7039087.483,443.786,0.997744916,2.14687579,2.291600738,-2.539936841,-177.751725085,-2.191745578,2.625943978
399334492.257587,240510_000137709.jpg,487137.558,7039088.188,444.05,0.998161722,2.041354476,1.652852603,-2.49577483,-177.887420514,-1.561126206,2.554055026
399334492.740487,240510_000138192.jpg,487127.625,7039088.863,444.251,0.998259253,2.217003453,1.629113685,-2.380227737,-177.716107707,-1.534224627,2.442379958
399334493.223388,240510_000138676.jpg,487117.725,7039089.532,444.401,0.998714113,1.938934907,1.107550363,-2.025557599,-178.022315859,-1.037998271,2.062255974
399334493.718188,240510_000139172.jpg,487107.686,7039090.123,444.487,0.999247047,1.489539845,0.93065524,-0.98070362,-178.493834481,-0.905161444,1.004736273
399334494.212988,240510_000139668.jpg,487097.721,7039090.484,444.514,0.999477346,1.91675623,0.559785316,0.045934342,-178.08306017,-0.561798507,-0.027140772
399334494.707789,240510_000140164.jpg,487087.791,7039090.667,444.509,0.999207223,1.944845219,0.015236319,1.445979854,-178.055629085,-0.065574537,-1.444587544
399334495.202589,240510_000140659.jpg,487077.905,7039090.596,444.443,0.998165846,2.026968581,-0.071433393,2.988100088,-177.971576964,-0.035687983,-2.988713199
399334495.697389,240510_000141155.jpg,487068.036,7039090.263,444.317,0.996152875,1.836604689,-0.41709528,4.689826238,-178.134872741,0.263700952,-4.700796416
399334496.19219,240510_000141651.jpg,487058.212,7039089.632,444.155,0.993255673,1.843532732,-0.593377404,6.393725088,-178.101295509,0.382331591,-6.409605665
399334496.69809,240510_000142158.jpg,487048.226,7039088.67,443.921,0.988870065,2.067004918,-1.069676492,8.305754619,-177.799636845,0.757022665,-8.339595465
399334497.20399,240510_000142665.jpg,487038.31,7039087.408,443.651,0.984446394,2.009113375,-1.453739161,9.859735979,-177.770969811,1.084822593,-9.906350058
399334497.709891,240510_000143172.jpg,487028.454,7039085.876,443.307,0.980258838,2.229223632,-1.60967433,11.154153238,-177.500907501,1.144199733,-11.210447575
399334498.215791,240510_000143679.jpg,487018.629,7039084.128,442.926,0.975338626,2.416932568,-2.135589075,12.451647504,-177.17857738,1.559195345,-12.535123834
399334498.721691,240510_000144185.jpg,487008.841,7039082.173,442.492,0.969491543,2.102060832,-2.642954987,13.836390727,-177.325385365,2.057971233,-13.932980085
399334499.227591,240510_000144692.jpg,486999.111,7039079.943,441.998,0.961653944,2.24221556,-2.635803786,15.607498074,-177.130055491,1.929608082,-15.707474042
399334499.733492,240510_000145199.jpg,486989.408,7039077.424,441.463,0.952867549,1.889798068,-3.238266145,17.284381207,-177.231300478,2.524170747,-17.398889902
399334500.239392,240510_000145706.jpg,486979.771,7039074.607,440.85,0.94474401,2.003431013,-3.170293201,18.801892329,-177.079908277,2.349007009,-18.917292058
399334500.745292,240510_000146213.jpg,486970.148,7039071.524,440.185,0.935827855,2.058279317,-3.523483284,20.274666888,-176.846052464,2.584663886,-20.409232488
399334501.251193,240510_000146720.jpg,486960.559,7039068.178,439.486,0.926652931,2.043980073,-3.423401231,21.759640054,-176.830715914,2.414753322,-21.887624132
399334501.746993,240510_000147217.jpg,486951.185,7039064.634,438.814,0.916569515,2.037515458,-3.495588898,23.261663411,-176.745831041,2.399649345,-23.39210593
399334502.242793,240510_000147714.jpg,486941.856,7039060.824,438.123,0.90475161,1.866363844,-3.316324035,24.947232411,-176.907663315,2.213340935,-25.061112369
399334502.738594,240510_000148210.jpg,486932.578,7039056.706,437.444,0.89163901,1.840702629,-3.547778665,26.648861737,-176.762078654,2.338532606,-26.772085279
399334503.224094,240510_000148697.jpg,486923.577,7039052.393,436.798,0.879282041,1.746345522,-3.169439629,28.231395857,-176.961301279,1.960574306,-28.33182399
399334503.709594,240510_000149183.jpg,486914.638,7039047.798,436.186,0.866976505,1.784669021,-2.506001547,29.747990449,-177.206949269,1.28578109,-29.818461129
399334504.195094,240510_000149670.jpg,486905.729,7039042.91,435.626,0.852724293,1.906243258,-2.497661535,31.3573745,-177.072566786,1.13643733,-31.428056485
399334504.670395,240510_000150146.jpg,486897.076,7039037.86,435.134,0.838001598,1.705170978,-1.820536206,32.984164278,-177.57865242,0.595700317,-33.023919854
399334505.145695,240510_000150622.jpg,486888.487,7039032.518,434.695,0.823067011,1.586014738,-2.128306846,34.510308994,-177.487381442,0.851745835,-34.558536761
399334505.620995,240510_000151098.jpg,486880.023,7039026.916,434.312,0.807460638,1.698028969,-1.436096057,36.089659374,-177.781960125,0.157865642,-36.114061758
399334506.096296,240510_000151575.jpg,486871.69,7039021.101,433.991,0.79245432,1.343453185,-1.140579593,37.534543986,-178.239504918,0.083973871,-37.549268047
399334506.571596,240510_000152051.jpg,486863.525,7039015.109,433.739,0.785248352,1.441142489,-0.590186187,38.218103974,-178.502049415,-0.429269983,-38.219956291
399334507.046896,240510_000152527.jpg,486855.42,7039009.055,433.52,0.780434491,1.089973167,-0.849137739,38.657926904,-178.617867731,-0.019500403,-38.665823049
399334507.522196,240510_000153003.jpg,486847.398,7039002.965,433.311,0.776455425,0.911503355,-0.691682543,39.024277584,-178.855627572,-0.038168637,-39.029448531
399334507.997497,240510_000153480.jpg,486839.439,7038996.85,433.1,0.773308915,0.604208051,-0.723139758,39.309405924,-179.073548143,0.175061976,-39.314688751
399334508.472797,240510_000153956.jpg,486831.542,7038990.727,432.887,0.772685605,0.464546451,-0.620370727,39.367246282,-179.246409976,0.183314492,-39.371017951
399334508.948097,240510_000154432.jpg,486823.674,7038984.637,432.705,0.772024903,0.013446339,-0.544595111,39.427859935,-179.642563364,0.410423874,-39.429254872
399334509.423398,240510_000154908.jpg,486815.866,7038978.568,432.557,0.773309623,-0.050030341,-0.236599198,39.314319717,-179.887425032,0.213264447,-39.314461002
399334509.898698,240510_000155385.jpg,486808.087,7038972.571,432.5,0.776164695,-0.354779889,0.238351371,39.055279502,179.576099356,0.037221661,-39.055889069
399334510.384498,240510_000155871.jpg,486800.171,7038966.526,432.475,0.780940707,-0.488677794,0.519399047,38.616382397,179.296011948,-0.101883994,-38.61921582
399334510.870298,240510_000156358.jpg,486792.283,7038960.606,432.527,0.787399236,-0.688092098,0.946796543,38.012255648,178.877107848,-0.322929709,-38.021070926
399334511.367699,240510_000156856.jpg,486784.213,7038954.719,432.645,0.800247198,-0.84699422,1.210030353,36.793048161,178.599492135,-0.462176539,-36.807588717
399334511.865099,240510_000157355.jpg,486776.125,7038949.087,432.811,0.815853114,-0.870385969,1.457811699,35.263752563,178.450229769,-0.687977987,-35.284062823
399334512.373999,240510_000157865.jpg,486767.808,7038943.661,433.036,0.834141113,-1.18144671,2.049712998,33.376925075,177.888525281,-1.061053172,-33.417501927
399334512.895,240510_000158387.jpg,486759.235,7038938.469,433.296,0.852251031,-1.461844583,2.096652504,31.435819864,177.662070449,-1.025626541,-31.483377889
399334513.416,240510_000158909.jpg,486750.621,7038933.661,433.571,0.872114881,-1.897803678,1.954573531,29.186734544,177.393054428,-0.779983066,-29.236738884
399334452.375863,240510_000057748.jpg,487892.782,7039181.937,429.727,0.965858875,2.500183701,1.843964143,-14.801553402,-177.111432551,-1.142334511,14.870635301
399334452.872263,240510_000058245.jpg,487883.208,7039184.703,429.934,0.968610985,2.290182877,1.681647567,-14.190318015,-177.367133202,-1.067706062,14.248510503
399334453.368664,240510_000058743.jpg,487873.659,7039187.374,430.145,0.971308575,1.804460215,1.753299387,-13.535940182,-177.834655407,-1.281303149,13.587812704
399334453.865064,240510_000059240.jpg,487864.095,7039189.85,430.363,0.97404059,2.975958005,1.715493254,-12.854435301,-176.716917858,-1.008394541,12.927935428
399334454.371464,240510_000059748.jpg,487854.396,7039192.321,430.602,0.976924104,2.192824613,2.09908747,-12.028892826,-177.417002573,-1.594024322,12.105050776
399334454.877865,240510_000100255.jpg,487844.704,7039194.59,430.901,0.980823785,2.521455402,2.208799662,-10.882168829,-177.105912498,-1.690383057,10.973526282
399334455.384265,240510_000100762.jpg,487835.008,7039196.596,431.197,0.986419156,2.975775277,1.660276041,-9.140978805,-176.797924396,-1.164364822,9.216688656
399334455.900865,240510_000101280.jpg,487825.127,7039198.362,431.421,0.991073648,2.768432402,1.244785802,-7.352905201,-177.094796629,-0.8792693,7.405321251
399334456.417466,240510_000101798.jpg,487815.266,7039199.727,431.604,0.99534122,3.927156377,1.754690904,-4.943995147,-175.935677406,-1.405637467,5.05406375
399334456.934066,240510_000102315.jpg,487805.4,7039200.685,431.797,0.998265558,4.106857095,1.799402647,-2.247584604,-175.824699621,-1.632168601,2.371630986
399334457.450666,240510_000102833.jpg,487795.549,7039201.196,431.997,0.998972046,3.969297706,1.865628404,0.406550849,-176.042388793,-1.88887174,-0.276606147
399334457.978666,240510_000103362.jpg,487785.499,7039201.293,432.198,0.997920596,3.298857459,1.555592877,2.852531185,-176.781318508,-1.715074022,-2.759513348
399334458.506667,240510_000103891.jpg,487775.479,7039200.904,432.392,0.99466939,3.513978238,1.678601271,5.396742947,-176.657564521,-1.998121487,-5.28691753
399334459.034667,240510_000104420.jpg,487765.479,7039200.098,432.582,0.989237393,3.242592726,1.633900934,8.065600692,-177.016692611,-2.069732966,-7.965421091
399334459.562667,240510_000104949.jpg,487755.528,7039198.787,432.777,0.982126698,3.73826823,1.431026172,10.611617719,-176.587041984,-2.091521411,-10.502574807
399334460.090668,240510_000105478.jpg,487745.647,7039197.052,432.932,0.973836673,4.081475184,1.499191379,12.933335027,-176.354710827,-2.370261892,-12.80445896
399334460.618668,240510_000106007.jpg,487735.81,7039194.98,433.118,0.966453923,3.356371779,1.264417617,14.727284824,-177.0732916,-2.073716753,-14.637236713
399334461.146668,240510_000106536.jpg,487726.039,7039192.595,433.242,0.960505968,3.581427697,1.259955632,16.014286189,-176.902836031,-2.196291565,-15.915492761
399334461.674669,240510_000107065.jpg,487716.328,7039189.951,433.347,0.951287779,4.012845151,1.239172019,17.831604804,-176.556528986,-2.404856679,-17.715880364
399334462.202669,240510_000107594.jpg,487706.681,7039187.021,433.42,0.942607427,3.919810633,0.956347213,19.406507084,-176.618404817,-2.201721628,-19.308768421
399334462.730669,240510_000108123.jpg,487697.112,7039183.829,433.495,0.93772935,4.518863571,0.838311445,20.236378944,-176.047434927,-2.346067589,-20.122328183
399334463.25867,240510_000108652.jpg,487687.561,7039180.554,433.557,0.93318022,3.966188319,1.053599718,20.968108904,-176.670747319,-2.40005211,-20.861858208
399334463.78667,240510_000109181.jpg,487678.026,7039177.174,433.642,0.928694594,3.260639152,1.457695587,21.653107898,-177.504306366,-2.555343467,-21.555930085
399334464.31467,240510_000109710.jpg,487668.493,7039173.631,433.759,0.925138016,3.359899198,0.870411048,22.228472195,-177.217147661,-2.075093397,-22.152523705
399334464.842671,240510_000110239.jpg,487658.98,7039170.023,433.849,0.920953526,2.613920934,1.1011869,22.844837172,-178.016721809,-2.028512431,-22.784581077
399334465.360271,240510_000110758.jpg,487649.683,7039166.354,433.941,0.917321076,2.666163466,1.194303337,23.37112445,-178.024227524,-2.152633279,-23.306190389
399334465.877871,240510_000111277.jpg,487640.403,7039162.606,434.026,0.915025572,2.468873836,0.745201715,23.718021008,-178.038001016,-1.674858693,-23.673270914
399334466.395471,240510_000111795.jpg,487631.161,7039158.815,434.073,0.912727896,2.320212697,0.779528159,24.042366782,-178.197246302,-1.656794263,-24.000500623
399334466.913072,240510_000112314.jpg,487621.971,7039154.94,434.12,0.912038071,3.301544209,1.02288006,24.13070807,-177.402784966,-2.281331677,-24.049496831
399334467.430672,240510_000112833.jpg,487612.776,7039151.089,434.2,0.911212273,3.232636446,1.030190556,24.245964797,-177.473248903,-2.26500228,-24.166926655
399334467.948272,240510_000113351.jpg,487603.59,7039147.262,434.296,0.910687814,2.499639314,0.995474367,24.320437628,-178.13037974,-1.935731913,-24.267116393
399334468.465873,240510_000113870.jpg,487594.43,7039143.408,434.397,0.911205505,2.48482996,0.916353616,24.251198569,-178.109162309,-1.855372925,-24.200691266
399334468.983473,240510_000114388.jpg,487585.278,7039139.564,434.485,0.911837094,2.575903674,0.908675747,24.163162267,-178.020049861,-1.882659603,-24.110184438
399334469.501073,240510_000114907.jpg,487576.107,7039135.774,434.56,0.913362325,1.938392797,0.970218136,23.946375634,-178.620692093,-1.673150373,-23.909802508
399334470.018674,240510_000115426.jpg,487566.914,7039132.013,434.622,0.913209674,1.28649253,0.844192107,23.972415293,-179.166065737,-1.294295568,-23.953499878
399334470.536274,240510_000115944.jpg,487557.751,7039128.182,434.674,0.912879795,2.028841346,1.0297137,24.012110693,-178.564111384,-1.765739988,-23.971730314
399334471.053874,240510_000116463.jpg,487548.563,7039124.371,434.734,0.913648201,2.131495605,0.884015221,23.90910757,-178.408179557,-1.671652981,-23.869422944
399334471.571475,240510_000116982.jpg,487539.371,7039120.59,434.802,0.914275887,1.987373833,1.123697172,23.810648857,-178.633704043,-1.829853929,-23.769316315
399334472.089075,240510_000117500.jpg,487530.165,7039116.832,434.877,0.915409344,1.688735129,0.927459416,23.65718113,-178.823861115,-1.527050991,-23.627818919
399334472.606675,240510_000118019.jpg,487520.973,7039113.104,434.95,0.915175188,1.357167004,1.0544406,23.685607655,-179.179186883,-1.510795427,-23.662271862
399334473.124276,240510_000118537.jpg,487511.789,7039109.361,435.002,0.915307125,1.276801339,0.830648679,23.675167294,-179.162803868,-1.273674926,-23.656588227
399334473.641876,240510_000119056.jpg,487502.625,7039105.629,435.052,0.915638983,1.150206915,0.978598522,23.622403221,-179.336796738,-1.357649618,-23.604699143
399334474.159476,240510_000119575.jpg,487493.461,7039101.962,435.137,0.916868318,0.200714311,1.461140165,23.42219584,179.605181938,-1.420563197,-23.424480226
399334474.677076,240510_000120093.jpg,487484.301,7039098.326,435.264,0.918740879,-0.444248058,1.37860252,23.155363057,179.051412278,-1.092995759,-23.169701702
399334475.194677,240510_000120612.jpg,487475.146,7039094.725,435.378,0.921160034,-0.689788867,0.974085394,22.819768267,178.988436703,-0.630855922,-22.831166779
399334475.722577,240510_000121141.jpg,487465.809,7039091.131,435.447,0.925116193,-1.022787167,0.961474911,22.228191057,178.691666827,-0.503637445,-22.242488066
399334476.250477,240510_000121670.jpg,487456.458,7039087.659,435.514,0.935245958,-0.741962518,1.230173148,20.625232327,178.874296772,-0.890204372,-20.64189398
399334476.778378,240510_000122199.jpg,487447.008,7039084.515,435.622,0.947207046,-1.19285152,1.259127387,18.579146026,178.470335721,-0.813544248,-18.603059933
399334477.306278,240510_000122728.jpg,487437.471,7039081.744,435.717,0.959308665,-1.960137582,1.33359436,16.255504004,177.747437083,-0.73125361,-16.292629756
399334477.834178,240510_000123257.jpg,487427.84,7039079.323,435.803,0.969348098,-1.480467389,0.648127252,14.1006627,178.40848243,-0.268655204,-14.112750542
399334478.362079,240510_000123786.jpg,487418.16,7039077.248,435.839,0.977845323,-0.928570355,0.899652643,11.922193919,178.907562628,-0.688893349,-11.936019787
399334478.889979,240510_000124315.jpg,487408.394,7039075.545,435.877,0.985897961,-0.258864056,1.022140737,9.41762347,179.5790252,-0.966396192,-9.423445895
399334479.417879,240510_000124843.jpg,487398.532,7039074.324,435.946,0.992078171,-0.601753327,1.141346311,6.905870643,179.267100007,-1.060939865,-6.918605827
399334479.94578,240510_000125372.jpg,487388.572,7039073.523,436.05,0.996544993,-0.685330194,0.500186751,4.398363516,179.28009498,-0.447012794,-4.404149777
399334480.47368,240510_000125901.jpg,487378.583,7039073.136,436.13,0.998053787,-0.782074278,1.714297333,2.596087058,179.142596846,-1.676676161,-2.620261388
399334481.00158,240510_000126430.jpg,487368.445,7039073.025,436.227,0.9990536,-0.960624497,1.2346009,1.258000687,179.014194097,-1.213217686,-1.278738535
399334481.519381,240510_000126949.jpg,487358.402,7039073.141,436.31,0.999253027,-0.681472591,1.327279747,-0.185919637,179.324406166,-1.329472411,0.170240571
399334482.037181,240510_000127468.jpg,487348.276,7039073.494,436.418,0.998829126,-0.387719907,1.767946364,-1.206621741,179.651003629,-1.775342911,1.195302263
399334482.544081,240510_000127976.jpg,487338.269,7039073.972,436.59,0.998458451,0.262750962,1.960864302,-1.781260398,-179.674995808,-1.951208335,1.791361503
399334558.696927,240510_000244279.jpg,486246.585,7039300.458,411.584,0.174172087,0.942683468,0.10654488,79.964741408,-179.939194093,-0.947629944,-79.963376397
399334559.372228,240510_000244956.jpg,486244.475,7039290.863,411.451,0.207103166,-0.067766793,0.447589472,78.041292072,179.549921454,-0.027647812,-78.041655396
399334560.036228,240510_000245621.jpg,486241.957,7039281.202,411.408,0.250629125,-0.992543298,0.89521335,75.476485266,178.886854551,0.734845813,-75.477054529
399334560.688329,240510_000246275.jpg,486238.978,7039271.687,411.471,0.300364567,-2.149856469,1.499394045,72.505857158,177.926817742,1.597992812,-72.504966927
399334561.330429,240510_000246918.jpg,486235.496,7039262.427,411.654,0.371847022,-2.816349218,2.481803635,68.13812356,176.65257804,1.688643625,-68.149593243
399334561.972529,240510_000247561.jpg,486231.322,7039253.449,411.984,0.450295638,-2.298534627,3.003302285,63.184060798,176.287942758,0.696708434,-63.221526644
399334562.61463,240510_000248205.jpg,486226.459,7039244.896,412.391,0.518843131,-1.31097143,3.278362419,58.672002118,176.522354411,-0.583627872,-58.727040826
399334563.26703,240510_000248858.jpg,486220.964,7039236.658,412.836,0.570862224,-0.003577116,3.254166383,55.106583879,177.331833498,-1.857464352,-55.149808623
399334563.929831,240510_000249523.jpg,486214.949,7039228.761,413.292,0.601752315,-0.242119045,3.300558661,52.912491767,177.224090095,-1.795874647,-52.962831675
399334564.602931,240510_000250197.jpg,486208.676,7039221.067,413.714,0.62010526,-0.472181162,2.374955689,51.615973223,177.848180443,-1.104203713,-51.646387717
399334565.301131,240510_000250897.jpg,486202.262,7039213.377,414.047,0.630581935,1.005103428,1.41975362,50.870767431,179.535184737,-1.675668639,-50.865082735
399334566.037432,240510_000251634.jpg,486195.689,7039205.653,414.273,0.62534014,1.523263793,1.237508194,51.260561078,179.99017878,-1.962433373,-51.244265462
399334566.812732,240510_000252411.jpg,486189.294,7039197.937,414.481,0.610834864,2.294197973,1.395442369,52.316227252,-179.699120503,-2.66797104,-52.281277342
399334567.675033,240510_000253275.jpg,486182.878,7039189.891,414.649,0.601128997,3.166172045,0.956003765,53.022950785,-178.856029441,-3.103263444,-52.965563199
399334568.660633,240510_000254263.jpg,486176.4,7039181.607,414.773,0.584162845,2.957317719,0.558347722,54.234791919,-178.72213982,-2.725299618,-54.190006752
399334570.015434,240510_000255620.jpg,486169.675,7039172.307,414.88,0.543533685,4.062259584,0.381826842,57.057221903,-178.107583534,-3.615219929,-56.983992018
399334572.464236,240510_000258074.jpg,486162.794,7039161.58,414.966,0.634797906,6.25620058,1.363522031,50.559552138,-177.063802429,-5.6904853,-50.339149097
399334575.058266,240510_000300673.jpg,486154.388,7039159.361,415.386,0.732616161,1.132046295,3.659973352,-42.738512241,-176.68447967,-1.916980123,42.830180348
399334577.018568,240510_000302637.jpg,486153.258,7039167.127,415.461,-0.577986766,0.449289331,-0.697771547,-125.331149829,179.173056272,-0.038009926,125.328158653
399334578.38067,240510_000304002.jpg,486159.735,7039173.241,415.195,-0.762721123,0.156189243,0.382364688,-139.73794658,-179.870771019,0.391149424,139.737984762
399334579.491471,240510_000305115.jpg,486166.993,7039179.348,415.064,-0.711997756,-0.345265933,-0.083173258,-135.425061398,-179.811014952,-0.302652241,135.425792354
399334580.477171,240510_000306103.jpg,486173.896,7039186.203,414.885,-0.661205767,-0.387294871,0.092175132,-131.415698099,-179.673386627,-0.230644196,131.416016856
399334581.375772,240510_000307003.jpg,486180.453,7039193.487,414.71,-0.643221641,0.460667707,-0.420233826,-130.0563859,179.38380294,0.081002875,130.05513478
399334582.226172,240510_000307855.jpg,486187.044,7039201.006,414.449,-0.636686032,0.710857351,-0.345614643,-129.568238587,179.282694677,0.326520565,129.568139049
399334583.025673,240510_000308656.jpg,486193.514,7039208.518,414.235,-0.634182223,1.733346099,-0.750916704,-129.38547512,178.322293494,0.86183427,129.386771118
399334583.792273,240510_000309424.jpg,486199.965,7039216.047,413.976,-0.627284462,2.529190853,-1.649531873,-128.890867365,177.13193794,0.93228388,128.877909507
399334584.543974,240510_000310177.jpg,486206.409,7039223.751,413.57,-0.609634143,2.444951623,-2.13273641,-127.614292054,176.822606067,0.63500165,127.58654325
399334585.282174,240510_000310917.jpg,486212.676,7039231.752,413.093,-0.581561286,3.528560155,-2.355806078,-125.614306064,176.035200779,1.496744385,125.593751695
399334586.006775,240510_000311643.jpg,486218.593,7039239.955,412.581,-0.534819487,4.03395696,-2.661722974,-122.387853715,175.59728166,1.980805902,122.370506036
399334586.731375,240510_000312369.jpg,486224.049,7039248.521,412.052,-0.476770376,3.697375378,-2.591968431,-118.52108037,175.962450889,2.010588041,118.508525723
399334587.455975,240510_000313095.jpg,486228.849,7039257.454,411.587,-0.414777923,4.709308346,-1.176270372,-114.523091787,176.97639111,3.793122705,114.575004704
399334588.169876,240510_000313811.jpg,486233.035,7039266.52,411.326,-0.348596836,3.532811028,-0.480097407,-110.41226623,178.319208217,3.140684046,110.443597153
399334588.908476,240510_000314551.jpg,486236.594,7039276.058,411.269,-0.281919842,3.298313325,0.248737611,-106.382885367,179.308982175,3.231603953,106.409536571
399334589.680877,240510_000315325.jpg,486239.511,7039285.819,411.324,-0.217469776,2.537067282,0.86943053,-102.567931344,-179.702924231,2.662822907,102.580233025
399334590.524477,240510_000316170.jpg,486241.79,7039296.008,411.453,-0.15554188,2.834039042,1.09872046,-98.954123283,-179.355484418,2.96774741,98.964549758
399334591.477578,240510_000317125.jpg,486243.433,7039306.479,411.621,-0.098950324,3.373202234,0.669598698,-95.681794741,-179.667073881,3.42001041,95.691553754
399334592.696079,240510_000318346.jpg,486244.556,7039317.607,411.759,-0.057823627,4.101777293,0.464290664,-93.316566923,-179.773091617,4.118558627,93.325040281
399334594.499423,240510_000320153.jpg,486245.798,7039329.573,411.862,-0.121731368,3.042386716,1.119409069,-96.996679285,-179.259294555,3.153260903,97.005963958
399334601.052927,240510_000326719.jpg,486247.589,7039339.796,411.941,-0.211346292,2.884219508,0.295954353,-102.207245229,179.680311085,2.878889434,102.222725768
399334513.948,240510_000159442.jpg,486741.798,7038929.168,433.832,0.894921635,-1.593390486,2.075175301,26.371581236,177.653331754,-1.150366486,-26.423881929
399334514.490501,240510_000159986.jpg,486732.713,7038925.162,434.092,0.920508994,-1.817251344,2.002806219,22.852584145,177.550222009,-1.138626669,-22.90857876
399334515.043601,240510_000200540.jpg,486723.356,7038921.725,434.34,0.943659485,-2.034785429,1.835784613,19.162646458,177.477997243,-1.064930504,-19.218583462
399334515.596701,240510_000201094.jpg,486713.883,7038918.924,434.546,0.964133954,-1.943659863,1.311085764,15.237936438,177.782660838,-0.753765087,-15.274697206
399334516.160202,240510_000201658.jpg,486704.143,7038916.754,434.667,0.978675681,-2.001408175,1.155196782,11.667466032,177.808846243,-0.726331246,-11.701479144
399334516.723702,240510_000202223.jpg,486694.33,7038915.208,434.74,0.989895844,-2.041407489,0.800824847,7.9201795,177.870227865,-0.512106009,-7.943936308
399334517.287202,240510_000202788.jpg,486684.463,7038914.303,434.752,0.996779859,-2.080621576,0.399289199,4.230239444,177.898112738,-0.245481077,-4.241990755
399334517.850703,240510_000203352.jpg,486674.575,7038914.062,434.724,0.99951117,-2.418364816,0.00758771,0.324579094,177.584301379,0.004826442,-0.324664143
399334518.414203,240510_000203917.jpg,486664.681,7038914.449,434.601,0.997427399,-1.628986349,-0.497789796,-3.681337054,178.344704225,0.390271647,3.694006354
399334518.977703,240510_000204482.jpg,486654.833,7038915.572,434.429,0.991119915,-1.976213559,-0.57714067,-7.414435707,177.968334796,0.315287969,7.429926424
399334519.541204,240510_000205046.jpg,486645.03,7038917.336,434.199,0.980826647,-2.307363664,-1.00920867,-11.055426833,177.544626622,0.545285407,11.087352185
399334520.104704,240510_000205611.jpg,486635.3,7038919.707,433.898,0.965587142,-1.972417363,-1.332097155,-14.916047247,177.753738735,0.776489836,14.954113211
399334520.668204,240510_000206175.jpg,486625.695,7038922.766,433.56,0.944357097,-1.778826505,-1.777317305,-19.045966086,177.741077926,1.096031259,19.09507007
399334521.231705,240510_000206740.jpg,486616.328,7038926.543,433.146,0.917010575,-1.952839893,-2.007008002,-23.363742957,177.41413828,1.064124576,23.421861049
399334521.795205,240510_000207305.jpg,486607.231,7038931.039,432.676,0.886689028,-2.331833274,-2.587074382,-27.375616898,176.742796837,1.219893726,27.462817788
399334522.348405,240510_000207859.jpg,486598.583,7038936.069,432.112,0.851433627,-2.302410014,-2.903282904,-31.468378494,176.523898731,1.268699922,31.565083079
399334522.901606,240510_000208413.jpg,486590.244,7038941.72,431.489,0.811972983,-1.778682282,-3.27685131,-35.542525093,176.650777885,1.626714852,35.640844493
399334523.454806,240510_000208968.jpg,486582.286,7038948.013,430.807,0.769614349,-1.764182149,-3.557990327,-39.51464506,176.378308712,1.61635288,39.620430123
399334523.996206,240510_000209510.jpg,486574.887,7038954.745,430.102,0.72889579,-2.004740627,-3.568439345,-43.058761801,176.102827677,1.232576459,43.163031177
399334524.537607,240510_000210052.jpg,486567.838,7038961.967,429.378,0.689333654,-2.144833595,-3.694929158,-46.283314199,175.851675553,0.997239321,46.388498232
399334525.068607,240510_000210585.jpg,486561.273,7038969.473,428.675,0.644375168,-1.969849423,-3.47102464,-49.769677756,176.082437738,0.732858156,49.854337269
399334525.599607,240510_000211117.jpg,486555.131,7038977.437,427.972,0.591069402,-1.51678622,-3.438972755,-53.671567475,176.335285544,0.810933652,53.74298981
399334526.130608,240510_000211649.jpg,486549.541,7038985.888,427.258,0.531111714,-1.799129284,-3.488570664,-57.835839147,176.094145348,0.330001873,57.901822099
399334526.651208,240510_000212170.jpg,486544.626,7038994.607,426.556,0.470435924,-1.766957591,-3.620607447,-61.861966105,175.979354178,0.145489298,61.922873637
399334527.171808,240510_000212692.jpg,486540.304,7039003.715,425.843,0.414161351,-2.066993812,-3.673615796,-65.467567243,175.805637396,-0.358544719,65.520672593
399334527.682209,240510_000213203.jpg,486536.571,7039012.949,425.133,0.366497799,-2.164792349,-3.793688731,-68.440059694,175.68235344,-0.622438156,68.488240439
399334528.192609,240510_000213715.jpg,486533.25,7039022.414,424.415,0.328003742,-1.756743892,-3.624805714,-70.803134217,176.004696358,-0.469892063,70.842312309
399334528.703009,240510_000214226.jpg,486530.273,7039032.082,423.679,0.308721518,-2.07328557,-3.780202867,-71.968531959,175.769691437,-0.804005562,72.007221893
399334529.20121,240510_000214725.jpg,486527.475,7039041.623,422.943,0.296331984,-1.625576934,-3.489243403,-72.721222153,176.190736673,-0.518221438,72.753493444
399334529.69941,240510_000215224.jpg,486524.765,7039051.285,422.229,0.293146377,-1.372269761,-3.687253896,-72.908905686,176.077646075,-0.230633722,72.945185672
399334530.19761,240510_000215724.jpg,486522.051,7039061.025,421.502,0.289065845,-0.950418921,-3.914804692,-73.149396298,175.983018822,0.22228456,73.189706946
399334530.68481,240510_000216212.jpg,486519.418,7039070.615,420.781,0.285276809,-0.480974332,-3.454223897,-73.385573947,176.557021165,0.524157684,73.415886767
399334531.172011,240510_000216700.jpg,486516.804,7039080.302,420.058,0.284996562,-0.295157321,-3.702652298,-73.397745178,176.371976602,0.772224868,73.431814661
399334531.659211,240510_000217188.jpg,486514.156,7039090.045,419.356,0.287951296,0.041699108,-3.638076647,-73.221801735,176.533169783,1.087193598,73.253470565
399334532.136011,240510_000217666.jpg,486511.504,7039099.63,418.657,0.289046401,0.791131425,-3.467395654,-73.159297805,176.914371445,1.758715901,73.182854109
399334532.612812,240510_000218144.jpg,486508.852,7039109.286,417.98,0.288790535,0.805471615,-3.50959965,-73.173874257,176.877685829,1.783839886,73.19795019
399334533.089612,240510_000218621.jpg,486506.166,7039118.985,417.292,0.288628826,1.411303125,-3.354566701,-73.1863839,177.200715883,2.318138624,73.20186468
399334533.566412,240510_000219099.jpg,486503.471,7039128.754,416.591,0.290456502,1.683871366,-3.571092596,-73.072739139,177.077553726,2.647253486,73.087968899
399334534.032812,240510_000219567.jpg,486500.821,7039138.369,415.933,0.292705157,1.422720067,-3.843144153,-72.932291005,176.747418524,2.484509413,72.955287278
399334534.499213,240510_000220034.jpg,486498.081,7039147.995,415.207,0.302236112,2.175701546,-3.52854743,-72.365040242,177.300035027,3.138818787,72.372215782
399334534.965613,240510_000220501.jpg,486495.214,7039157.66,414.514,0.320186207,2.507512903,-3.574108761,-71.279021082,177.42348802,3.518151384,71.280146864
399334535.432013,240510_000220968.jpg,486492.143,7039167.323,413.807,0.341671938,2.577817506,-3.579963521,-69.970765113,177.523149578,3.644097394,69.969229325
399334535.887814,240510_000221425.jpg,486488.904,7039176.74,413.115,0.37179915,2.500040594,-3.3893243,-68.122443082,177.78996425,3.579057091,68.117738104
399334536.343614,240510_000221882.jpg,486485.312,7039186.089,412.418,0.401809916,3.00202579,-3.538820137,-66.248844632,177.974082375,4.168758897,66.230075358
399334536.799414,240510_000222339.jpg,486481.413,7039195.375,411.726,0.437082844,2.650219874,-3.677937929,-64.011619675,177.858944631,3.989531359,64.001322443
399334537.255214,240510_000222795.jpg,486477.134,7039204.536,411.029,0.470157318,2.558406715,-3.440514253,-61.886113306,178.174683935,3.873582327,61.871201776
399334537.700715,240510_000223242.jpg,486472.595,7039213.38,410.341,0.501759638,2.611067189,-3.699122655,-59.798594287,178.120167074,4.112932806,59.78198528
399334538.146215,240510_000223688.jpg,486467.723,7039222.09,409.657,0.53417283,2.396242355,-3.701520226,-57.619561258,178.160785336,4.001452692,57.606572845
399334538.591715,240510_000224135.jpg,486462.487,7039230.621,408.973,0.562640393,2.906220211,-3.456090112,-55.67212455,178.789230486,4.344257674,55.630565421
399334539.037216,240510_000224581.jpg,486456.964,7039239.014,408.305,0.588837691,2.889936124,-3.391341206,-53.832685314,178.972214339,4.329621505,53.786171515
399334539.482716,240510_000225027.jpg,486451.179,7039247.245,407.684,0.614729146,2.713521294,-2.70563466,-51.997041688,179.542926824,3.799739314,51.948275046
399334539.928216,240510_000225474.jpg,486445.101,7039255.288,407.19,0.64772922,2.523453504,-2.291467494,-49.567621456,179.896124977,3.402897912,49.520367914
399334540.373716,240510_000225920.jpg,486438.683,7039263.07,406.75,0.680315365,2.283036812,-2.200862181,-47.067571546,179.947070329,3.166783736,47.025294013
399334540.819217,240510_000226366.jpg,486431.934,7039270.521,406.389,0.708763556,2.816963867,-1.413151522,-44.82114177,-178.994681337,2.984126232,44.760320831
399334541.264717,240510_000226813.jpg,486424.93,7039277.705,406.105,0.735624595,2.830932497,-1.054329738,-42.600314277,-178.626997439,2.688605044,42.542140013
399334541.710217,240510_000227259.jpg,486417.682,7039284.59,405.904,0.760412772,2.832297176,-0.859383627,-40.460439622,-178.400228796,2.488271057,40.404540861
399334542.155717,240510_000227706.jpg,486410.257,7039291.146,405.748,0.782978979,2.809076641,0.454553157,-38.429766003,-177.516510832,1.388016955,38.410878805
399334542.601218,240510_000228152.jpg,486402.637,7039297.41,405.719,0.802828762,3.053690679,0.766215247,-36.555817841,-177.090765485,1.201878787,36.545770418
399334543.046718,240510_000228598.jpg,486394.894,7039303.382,405.729,0.822163412,2.857425915,1.002817687,-34.646530853,-177.079533138,0.798642667,34.651227009
399334543.503018,240510_000229055.jpg,486386.839,7039309.16,405.894,0.839541637,2.838810159,0.858105277,-32.856766171,-177.149993015,0.818322543,32.857718839
399334543.969318,240510_000229523.jpg,486378.557,7039314.716,406.071,0.856534603,2.769810499,1.824610455,-30.977323859,-176.687022473,-0.137692513,31.025449097
399334544.435619,240510_000229990.jpg,486370.21,7039319.928,406.345,0.871941314,2.797894012,2.423815116,-29.175401839,-176.376341908,-0.749720705,29.258337418
399334544.913019,240510_000230468.jpg,486361.593,7039324.945,406.643,0.886819836,2.827094567,1.404453288,-27.438938621,-176.844415309,0.056673642,27.472073366
399334545.402719,240510_000230959.jpg,486352.827,7039329.709,406.984,0.896630518,2.696776157,2.92328405,-26.074947647,-176.292836125,-1.43630541,26.190272338
399334545.89242,240510_000231449.jpg,486344.106,7039334.212,407.452,0.902859761,2.634358414,3.160183789,-25.222624305,-176.269712363,-1.731603073,25.351714005
399334546.40452,240510_000231963.jpg,486335.119,7039338.681,407.905,0.906290361,2.890887688,2.608875627,-24.816544508,-176.281459872,-1.150999585,24.919769758
399334546.92872,240510_000232488.jpg,486326.266,7039343.088,408.332,0.907994454,1.897039864,2.737590429,-24.569386915,-177.13583825,-1.698334287,24.657216607
399334547.488221,240510_000233049.jpg,486317.303,7039347.456,408.806,0.909086453,1.947604789,2.685539139,-24.423651611,-177.115727202,-1.637348994,24.51056655
399334548.105521,240510_000233667.jpg,486308.162,7039351.897,409.292,0.911179264,1.676782523,2.59877661,-24.140480252,-177.40637067,-1.683619057,24.216672471
399334548.810321,240510_000234373.jpg,486298.78,7039356.34,409.781,0.918302865,1.731242635,2.162615696,-23.163103084,-177.557254029,-1.305861999,23.22366537
399334549.671222,240510_000235236.jpg,486289.023,7039360.639,410.25,0.948249225,0.390000868,2.381472735,-18.283754712,-178.881427344,-2.137889474,18.312798504
399334550.872123,240510_000236439.jpg,486278.197,7039363.559,410.788,0.996488055,-1.34544889,4.386897248,-0.873149022,178.719678462,-4.402891349,0.772611081
399334552.261524,240510_000237831.jpg,486268.254,7039361.812,411.514,0.840906501,0.148527683,4.470655384,32.44928617,177.726890478,-3.849097409,-32.519690127
399334553.539824,240510_000239112.jpg,486261.632,7039355.665,411.947,0.495241348,0.670175029,2.029009763,60.278520296,178.572854678,-1.587919731,-60.286374847
399334554.632925,240510_000240207.jpg,486257.69,7039347.371,412.078,0.310295387,0.793237393,1.505076698,71.907739887,178.818242781,-1.221854796,-71.909891955
399334555.587126,240510_000241163.jpg,486254.801,7039338.409,412.086,0.250570654,1.407806047,0.623993715,75.480875396,179.750750274,-1.519746529,-75.476523202
399334556.456626,240510_000242035.jpg,486252.298,7039329.092,411.989,0.204728259,1.049678653,0.29064575,78.180626482,179.932116925,-1.087673228,-78.178619795
399334557.246827,240510_000242826.jpg,486250.248,7039319.688,411.852,0.165333493,1.233593281,0.054086814,80.478876513,-179.847895144,-1.226222346,-80.476685276
399334557.989727,240510_000243571.jpg,486248.454,7039310.121,411.71,0.158463691,1.430232729,0.245293931,80.877863466,179.98613993,-1.45158728,-80.874994081
399335225.853807,240510_001352756.jpg,486247.585,7039339.786,411.926,-0.211546628,2.88320934,0.331005059,-102.219036718,179.714154674,2.885247726,102.234559394
399335230.64541,240510_001357557.jpg,486248.276,7039342.728,411.905,-0.334682916,4.282968534,1.407232521,-109.568959121,179.889409853,4.50286285,109.625815968
399335233.143985,240510_001400060.jpg,486252.326,7039350.026,412.008,-0.498747296,1.761758545,0.917136243,-119.936868122,179.916328172,1.981904032,119.952344244
399335235.284286,240510_001402205.jpg,486256.849,7039358.726,411.994,-0.356836143,0.731497056,-0.734706258,-110.918092912,179.054734934,0.419645993,110.916894183
399335241.83779,240510_001408771.jpg,486259.803,7039366.049,411.82,-0.354189506,-0.661420844,-0.706097878,-110.755613723,179.576040921,-0.869460548,110.756478159
399335262.981803,240510_001429957.jpg,486460.709,7039241.296,408.563,-0.580022632,-2.090635239,4.669276548,125.60709318,177.423287272,4.412915013,-125.592843533
399335263.472103,240510_001430448.jpg,486466.289,7039232.876,409.244,-0.549227011,-2.041568723,4.72976504,123.460296305,177.18196144,4.305627207,-123.43845844
399335263.962403,240510_001430940.jpg,486471.51,7039224.285,409.9,-0.515410509,-2.192391936,4.980243908,121.17161666,176.875680261,4.44801383,-121.145372785
399335264.452703,240510_001431431.jpg,486476.374,7039215.539,410.589,-0.481737703,-2.041014955,4.651788206,118.917772358,176.917645086,4.030796148,-118.89196818
399335264.943004,240510_001431922.jpg,486480.833,7039206.691,411.264,-0.447149791,-2.161685191,4.736699253,116.672503689,176.74030348,4.052771809,-116.646315949
399335265.443704,240510_001432424.jpg,486485.005,7039197.567,411.939,-0.413294707,-2.071077946,4.716424741,114.512471154,176.570678966,3.836235262,-114.482650891
399335265.944404,240510_001432926.jpg,486488.779,7039188.366,412.616,-0.383576545,-2.576902013,4.643658604,112.644882943,176.709636235,4.161210108,-112.629535248
399335266.456305,240510_001433439.jpg,486492.356,7039178.944,413.281,-0.357258246,-2.056811409,4.582468566,111.012423207,176.462924016,3.558561011,-110.984572393
399335266.968205,240510_001433952.jpg,486495.622,7039169.518,413.936,-0.332096944,-1.772484525,4.677361692,109.472923061,176.184375074,3.225819048,-109.437606746
399335267.490205,240510_001434475.jpg,486498.68,7039159.918,414.625,-0.310770487,-1.28004399,4.237204294,108.165764211,176.376755553,2.533392128,-108.132793386
399335268.022206,240510_001435008.jpg,486501.533,7039150.208,415.267,-0.293314082,-1.007540913,4.482990987,107.118624616,176.016145332,2.278532399,-107.078629162
399335268.554206,240510_001435541.jpg,486504.176,7039140.556,415.928,-0.277809926,-0.86647739,4.547448575,106.189600615,175.878639902,2.096144177,-106.148403705
399335269.107206,240510_001436095.jpg,486506.762,7039130.677,416.614,-0.278140923,-0.642095589,4.384903104,106.205737311,175.972810508,1.836685096,-106.165589325
399335269.671807,240510_001436660.jpg,486509.344,7039120.891,417.281,-0.279237745,-0.315990769,4.561274146,106.275438562,175.714640817,1.577874048,-106.228852617
399335270.247507,240510_001437237.jpg,486511.933,7039111.105,417.955,-0.280200666,-0.012906878,4.359367782,106.328524127,175.824828765,1.234491131,-106.28390904
399335270.833907,240510_001437825.jpg,486514.532,7039101.338,418.629,-0.283497582,0.254295561,4.510658194,106.529605233,175.608426018,1.035909051,-106.479780552
399335271.441108,240510_001438433.jpg,486517.215,7039091.489,419.321,-0.286786719,0.766286151,4.363736378,106.723567028,175.605732194,0.51841039,-106.674431496
399335272.074208,240510_001439067.jpg,486519.931,7039081.594,420.019,-0.289777493,1.104842148,4.307565374,106.901891722,175.562966099,0.191942714,-106.852877057
399335272.729608,240510_001439724.jpg,486522.688,7039071.728,420.72,-0.291856461,1.776351366,4.529574156,107.032087062,175.155334374,-0.375164692,-106.977720197
399335273.397209,240510_001440393.jpg,486525.431,7039061.956,421.43,-0.29443386,2.086840144,4.67913897,107.1908786,174.920169831,-0.61432097,-107.132904132
399335274.085709,240510_001441083.jpg,486528.213,7039052.138,422.148,-0.297912778,2.319401108,4.489659464,107.395688864,175.029321128,-0.874443571,-107.342772306
399335274.78781,240510_001441786.jpg,486531.042,7039042.384,422.855,-0.308310156,2.627113715,4.481005931,108.023051389,174.933415419,-1.115250183,-107.969677815
399335275.51101,240510_001442511.jpg,486534.045,7039032.608,423.573,-0.326825726,3.1728768,4.401040902,109.144100237,174.809640933,-1.557617018,-109.09287995
399335276.245011,240510_001443246.jpg,486537.199,7039022.987,424.286,-0.349795195,3.22402609,4.475973918,110.550258807,174.68521335,-1.451641853,-110.491745389
399335277.010911,240510_001444014.jpg,486540.638,7039013.483,424.995,-0.388909063,3.332314836,4.584696249,112.975614779,174.486775598,-1.283196774,-112.904125652
399335277.809111,240510_001444814.jpg,486544.55,7039004.111,425.721,-0.437605236,3.571935609,4.723683612,116.059305842,174.196530125,-1.139772319,-115.969895827
399335278.617912,240510_001445624.jpg,486548.97,7038995.039,426.442,-0.498655879,3.593483472,5.007663317,120.052907601,173.875492748,-0.610791939,-119.928612149
399335279.437412,240510_001446445.jpg,486554.062,7038986.243,427.182,-0.562792163,3.424561074,4.836342797,124.406887051,174.083285294,-0.101493394,-124.267684623
399335280.267513,240510_001447277.jpg,486559.793,7038977.896,427.913,-0.617870592,3.504037994,4.76271426,128.338071705,174.098894433,0.19593466,-128.18244184
399335246.176993,240510_001413119.jpg,486260.679,7039368.142,411.759,-0.492003539,-0.791079068,-0.410708415,-119.488388367,-179.966511003,-0.891513587,119.491476411
399335248.162894,240510_001415109.jpg,486266.906,7039372.751,411.425,-0.98700618,2.59324233,-2.859220825,-171.378376287,177.007872956,-2.433762235,171.2502528
399335249.547895,240510_001416496.jpg,486275.79,7039372.066,410.864,-0.963830307,4.028440089,-1.89688781,164.755287323,176.610439534,-2.883933717,-164.907253934
399335250.611895,240510_001417563.jpg,486284.577,7039368.741,410.427,-0.92209438,3.24694803,-1.392978988,157.338929672,177.540227671,-2.533861611,-157.432767983
399335251.488296,240510_001418441.jpg,486293.144,7039364.681,410.028,-0.906633889,2.499268767,-0.999209969,155.120891264,178.154012319,-1.956993609,-155.174190837
399335252.272996,240510_001419227.jpg,486301.856,7039360.26,409.654,-0.900631994,1.739073635,-1.494318625,154.337595949,179.080351036,-2.099283728,-154.377076711
399335252.983397,240510_001419939.jpg,486310.544,7039355.809,409.225,-0.905042598,1.14676341,-1.725399855,154.941820992,179.692766752,-2.048122485,-154.964524665
399335253.642997,240510_001420600.jpg,486319.303,7039351.491,408.766,-0.908737013,1.4198999,-1.677835019,155.443722853,179.406572867,-2.115460902,-155.475414664
399335254.269797,240510_001421228.jpg,486328.185,7039347.114,408.334,-0.907793335,0.677872252,-1.109943774,155.28376691,179.849498672,-1.291849745,-155.291992592
399335254.873398,240510_001421833.jpg,486337.233,7039342.643,407.939,-0.905429019,0.718851364,-1.121193851,154.962000042,179.824384621,-1.320196203,-154.971019762
399335255.437998,240510_001422398.jpg,486346.079,7039338.157,407.523,-0.90146183,-0.146616445,-1.598678385,154.453551148,-179.177421786,-1.379039656,-154.44155911
399335255.991798,240510_001422953.jpg,486355.031,7039333.483,407.082,-0.89402065,-0.843688252,-0.924006366,153.451493529,-178.831585572,-0.450043517,-153.440063548
399335256.524499,240510_001423487.jpg,486363.833,7039328.676,406.819,-0.885337693,-1.735590273,-0.44582506,152.347609625,-178.255258256,0.409389377,-152.347047265
399335257.045999,240510_001424009.jpg,486372.59,7039323.684,406.556,-0.873333844,-2.096162724,-0.872400451,150.908538324,-177.74405809,0.256107979,-150.897577565
399335257.557199,240510_001424522.jpg,486381.14,7039318.483,406.307,-0.857443532,-2.621915323,-0.037996981,149.075529536,-177.730546181,1.312641175,-149.100600991
399335258.0684,240510_001425034.jpg,486389.671,7039312.943,406.136,-0.833720717,-1.992524211,0.163359184,146.523763347,-178.427108147,1.233202514,-146.543478893
399335258.5691,240510_001425536.jpg,486397.845,7039307.028,405.993,-0.809651935,-2.635988913,0.474038945,144.101673875,-178.141044629,1.926668687,-144.143767494
399335259.0594,240510_001426027.jpg,486405.713,7039300.863,406.002,-0.787010058,-2.633842077,0.725136194,141.947054182,-178.370936162,2.191261048,-141.994800301
399335259.5497,240510_001426518.jpg,486413.459,7039294.362,406.018,-0.764989286,-1.887009292,0.087472406,139.93801469,-178.611026679,1.279408008,-139.954910628
399335260.040001,240510_001427009.jpg,486420.926,7039287.568,406.152,-0.739469032,-2.11306194,2.148092673,137.759908622,-179.87648289,3.006983572,-137.802669318
399335260.530301,240510_001427501.jpg,486428.225,7039280.444,406.349,-0.713628642,-1.826150521,2.137113468,135.598853763,179.812290859,2.801079889,-135.628235965
399335261.020601,240510_001427992.jpg,486435.249,7039273.04,406.63,-0.689929964,-2.013803968,2.78617065,133.714739519,179.381178521,3.376963476,-133.745356678
399335261.510902,240510_001428483.jpg,486442.031,7039265.41,406.98,-0.664993583,-2.160435673,3.569052676,131.80485168,178.783158345,3.984927737,-131.829684099
399335262.001202,240510_001428975.jpg,486448.553,7039257.543,407.453,-0.640092047,-2.561363207,3.416888892,129.90602308,179.026223825,4.152133261,-129.946956532
399335262.491502,240510_001429466.jpg,486454.781,7039249.509,407.963,-0.611246026,-2.535702892,4.157533889,127.817124685,178.274057974,4.547134192,-127.840444317
399335311.110904,240510_001518181.jpg,486956.708,7039071.354,439.484,-0.927824917,-1.680460814,4.582338435,-158.628558458,-176.760492112,3.646005042,158.45805148
399335311.673904,240510_001518745.jpg,486966.109,7039074.676,440.139,-0.937984661,-1.216272201,4.659583339,-160.311328859,-177.280133002,3.96954866,160.167409437
399335312.236905,240510_001519309.jpg,486975.53,7039077.656,440.792,-0.947559786,-1.576090063,4.252782653,-161.919799357,-177.177714312,3.545863763,161.773778235
399335312.810705,240510_001519884.jpg,486985.1,7039080.427,441.395,-0.955514001,-1.404833168,3.760171606,-163.340738469,-177.573081306,3.193122488,163.226854925
399335313.395006,240510_001520470.jpg,486994.802,7039082.953,441.958,-0.962241169,-1.695962738,3.637882263,-164.717616385,-177.402069843,3.055441029,164.594364504
399335313.979306,240510_001521055.jpg,487004.459,7039085.255,442.447,-0.968271668,-1.471917647,3.48439587,-166.053794786,-177.728888298,3.020845992,165.949035238
399335314.576806,240510_001521654.jpg,487014.306,7039087.346,442.909,-0.974504549,-1.39768534,3.049759016,-167.513632791,-177.973810469,2.670162297,167.429115091
399335315.174307,240510_001522253.jpg,487024.127,7039089.145,443.298,-0.980593485,-1.524100521,2.780060656,-169.177259139,-177.97904133,2.439408591,169.097176276
399335315.771807,240510_001522851.jpg,487033.932,7039090.656,443.649,-0.985504978,-1.578573545,2.364506268,-170.684254864,-178.05793125,2.073330865,170.616480998
399335316.379507,240510_001523460.jpg,487043.898,7039091.92,443.945,-0.989642111,-1.711056944,2.110428951,-172.214633171,-178.017448166,1.854965765,172.150981333
399335316.987208,240510_001524069.jpg,487053.877,7039092.932,444.185,-0.993097776,-1.518855319,1.89567296,-173.779362261,-178.283382555,1.716184448,173.728486436
399335317.594908,240510_001524678.jpg,487063.907,7039093.653,444.365,-0.995880408,-1.653237753,1.533861073,-175.350584338,-178.226795413,1.391444178,175.306900308
399335318.202608,240510_001525287.jpg,487073.985,7039094.115,444.522,-0.997821885,-1.513267063,1.289093246,-176.911514154,-178.41845416,1.202735082,176.877874291
399335318.810309,240510_001525896.jpg,487084.097,7039094.314,444.593,-0.999033627,-1.215891472,0.867616751,-178.424603182,-178.759724075,0.831544286,178.406387668
399335319.407409,240510_001526494.jpg,487094.037,7039094.237,444.626,-0.999508258,-1.185433413,0.295388903,-179.835423435,-178.81281167,0.290326955,179.829366236
399335320.004509,240510_001527092.jpg,487103.976,7039093.958,444.592,-0.999396982,-0.658658819,0.111214178,179.087644467,-179.342046173,0.120255152,-179.088968888
399335320.60161,240510_001527691.jpg,487113.939,7039093.507,444.506,-0.99911602,-0.227583703,-0.102106602,178.363065619,-179.768244507,-0.096784511,-178.362659421
399335321.19871,240510_001528289.jpg,487123.966,7039092.945,444.361,-0.998845145,0.18530951,-0.388547978,177.921977321,179.830429383,-0.395954258,-177.923176882
399335321.785111,240510_001528877.jpg,487133.91,7039092.312,444.171,-0.998472396,0.46312247,-0.879722019,177.521242442,179.57694494,-0.899374916,-177.528084763
399335322.371511,240510_001529464.jpg,487143.96,7039091.61,443.91,-0.998161109,0.843375492,-1.206112481,177.259630634,179.216865593,-1.245087521,-177.27696893
399335322.946611,240510_001530040.jpg,487153.937,7039090.89,443.606,-0.998012408,1.385350736,-1.261121334,177.110078836,178.681684549,-1.329096399,-177.140565453
399335323.511612,240510_001530606.jpg,487163.883,7039090.146,443.243,-0.997799289,1.767382727,-1.844599791,177.18183416,178.326688355,-1.927952645,-177.238357963
399335324.076612,240510_001531173.jpg,487173.954,7039089.417,442.836,-0.997922567,2.081179363,-1.888174208,177.360041518,178.009148067,-1.980304777,-177.428658114
399335324.631212,240510_001531728.jpg,487183.982,7039088.735,442.366,-0.997933978,2.616482763,-2.108837902,177.547799328,177.47683664,-2.215972341,-177.64465554
399335325.185813,240510_001532284.jpg,487194.066,7039088.056,441.916,-0.997891668,2.567457701,-2.301699595,177.667261039,177.528735184,-2.401133223,-177.770516585
399335325.730213,240510_001532829.jpg,487203.994,7039087.403,441.457,-0.998055015,2.642939456,-2.055187384,177.66725943,177.443690701,-2.158236639,-177.762720977
399335326.274613,240510_001533375.jpg,487214.011,7039086.749,440.99,-0.997896099,2.89237515,-2.198155671,177.575300277,177.203631024,-2.314985345,-177.687187218
399335326.819014,240510_001533920.jpg,487224.116,7039086.044,440.543,-0.997808754,2.575291349,-2.224610557,177.482659266,177.525399306,-2.332547646,-177.582932357
399335327.352814,240510_001534455.jpg,487234.099,7039085.335,440.086,-0.997775686,2.40615883,-2.110877807,177.345249134,177.694937388,-2.217521865,-177.434089845
399335327.886614,240510_001534990.jpg,487244.176,7039084.617,439.621,-0.997619152,2.600341491,-2.296451792,177.305546106,177.510824014,-2.412948922,-177.40997645
399335328.409914,240510_001535514.jpg,487254.095,7039083.9,439.13,-0.99773739,2.515164671,-2.25260277,177.414969947,177.589456215,-2.360778682,-177.513978618
399335328.933215,240510_001536039.jpg,487264.097,7039083.196,438.661,-0.997675752,2.607471141,-2.355345803,177.428037146,177.501079087,-2.466652427,-177.535324369
399335329.456515,240510_001536563.jpg,487274.168,7039082.496,438.194,-0.998038327,2.808344095,-1.829260066,177.463906175,177.276452827,-1.949096862,-177.554989634
399335329.968715,240510_001537076.jpg,487284.103,7039081.859,437.76,-0.998195259,3.828100946,-1.614133026,177.521901787,176.246642851,-1.774219266,-177.633895876
399335330.480916,240510_001537590.jpg,487294.081,7039081.206,437.438,-0.99861469,4.162168493,-0.828185274,177.697007181,175.877227308,-0.992927228,-177.762817439
399335330.993116,240510_001538103.jpg,487304.113,7039080.553,437.207,-0.998672793,3.879303033,-0.970598835,177.83991111,176.162547106,-1.114160002,-177.910071524
399335331.505316,240510_001538616.jpg,487314.169,7039079.93,436.961,-0.998557805,4.1796546,-0.950455491,177.663219415,175.865160846,-1.117786046,-177.738220006
399335332.017517,240510_001539129.jpg,487324.191,7039079.26,436.715,-0.998612436,3.894486123,-0.783916783,177.678219488,176.143196869,-0.939647565,-177.736489425
399335332.529717,240510_001539642.jpg,487334.189,7039078.648,436.519,-0.998692188,4.514617364,-1.051366623,177.908144317,175.529293884,-1.212320609,-177.996867365
399335333.041917,240510_001540156.jpg,487344.127,7039078.035,436.285,-0.999080959,3.974900724,-0.687715402,178.433380578,176.04830017,-0.79502683,-178.484660598
399335333.554118,240510_001540669.jpg,487354.013,7039077.613,436.111,-0.999479244,4.847344842,-0.175444136,179.469838128,175.15816344,-0.220747887,-179.486636139
399335334.066318,240510_001541182.jpg,487363.857,7039077.323,436.014,-0.999464947,4.571813142,-0.180613366,-179.389083065,175.430096813,-0.132513837,179.376550182
399335334.589218,240510_001541706.jpg,487373.843,7039077.24,435.936,-0.998882697,4.392763644,-0.301812037,-177.965377698,175.602792294,-0.146046809,177.948172678
399335335.112119,240510_001542230.jpg,487383.742,7039077.401,435.843,-0.997108691,3.787524308,-0.311117219,-176.025947194,176.203268018,-0.048548494,176.014034236
399335335.635019,240510_001542754.jpg,487393.556,7039077.917,435.763,-0.993619769,3.147170704,-0.163049617,-173.769972839,176.856652049,0.178179667,173.7703586
399335336.168419,240510_001543288.jpg,487403.49,7039078.874,435.697,-0.987366339,2.956428553,0.187347304,-171.055338482,177.11128539,0.642576254,171.076325109
399335336.701819,240510_001543823.jpg,487413.371,7039080.348,435.6,-0.978658757,3.622268633,-0.294172576,-168.275224697,176.396681103,0.446732794,168.279959798
399335337.23522,240510_001544357.jpg,487423.14,7039082.282,435.491,-0.967833627,3.896761726,0.327385894,-165.536624031,176.310867016,1.286807124,165.589131099
399335337.76862,240510_001544892.jpg,487432.858,7039084.638,435.454,-0.95604728,3.229497977,-0.067441504,-163.038411149,176.893991404,0.875555963,163.060216887
399335338.30202,240510_001545426.jpg,487442.477,7039087.41,435.4,-0.943249396,2.666221594,-0.010447418,-160.681805087,177.482869742,0.870147561,160.700647166
399335338.835421,240510_001545961.jpg,487452.016,7039090.583,435.317,-0.932062176,2.529428325,0.13695936,-158.828892968,177.69296308,1.038976523,158.852794843
399335339.368821,240510_001546495.jpg,487461.51,7039094.054,435.241,-0.924665731,2.504606247,0.658143381,-157.693143951,177.934202784,1.556489923,157.735512375
399335339.890821,240510_001547018.jpg,487470.839,7039097.64,435.201,-0.92165185,2.698353449,0.392608424,-157.236481368,177.665589513,1.403275902,157.274255943
399335340.412822,240510_001547541.jpg,487480.23,7039101.287,435.134,-0.918908851,1.941023528,0.180658427,-156.831004786,178.288621104,0.927712668,156.84788042
399335340.934822,240510_001548064.jpg,487489.667,7039105.032,435.038,-0.916755085,1.483264744,0.250532019,-156.519792614,178.74123057,0.818812142,156.53198866
399335341.444922,240510_001548575.jpg,487498.926,7039108.781,434.972,-0.917913334,1.710870238,0.549150401,-156.691817237,178.647717408,1.178895815,156.713865308
399335281.120714,240510_001448132.jpg,486566.093,7038969.871,428.665,-0.667720619,3.116478268,4.732881024,132.091577013,174.405275939,0.849615129,-131.92146055
399335281.986714,240510_001448999.jpg,486572.933,7038962.311,429.39,-0.71561783,3.641558711,4.783054585,135.926936955,174.063551752,0.890969041,-135.728878259
399335282.863515,240510_001449878.jpg,486580.203,7038955.252,430.133,-0.760431173,3.524845838,4.757760143,139.766304559,174.241390289,1.342375893,-139.552591364
399335283.752415,240510_001450769.jpg,486587.897,7038948.726,430.848,-0.803228893,3.496266561,4.521329104,143.717833021,174.510445047,1.562972711,-143.505119691
399335284.653416,240510_001451671.jpg,486596.01,7038942.778,431.515,-0.845246956,3.232288772,4.146565532,147.979852907,175.064089236,1.790702552,-147.785885939
399335285.565316,240510_001452585.jpg,486604.554,7038937.475,432.111,-0.88257586,3.498251268,4.034088342,152.273939237,175.029202921,1.931307416,-152.067150392
399335286.477217,240510_001453499.jpg,486613.478,7038932.81,432.633,-0.914220377,3.632849953,3.511599601,156.401002819,175.267893007,1.752756005,-156.21745442
399335287.364417,240510_001454388.jpg,486622.631,7038928.797,433.094,-0.938861922,3.368956707,3.02164891,160.154388353,175.807796683,1.689765091,-160.003897016
399335288.240518,240510_001455266.jpg,486632.079,7038925.352,433.477,-0.958885432,3.273956605,2.716529772,163.825087789,176.101135586,1.689191407,-163.69016324
399335289.092018,240510_001456119.jpg,486641.631,7038922.58,433.804,-0.976924501,3.152424349,2.592723969,168.065833566,176.381253364,1.877421958,-167.935382407
399335289.932219,240510_001456961.jpg,486651.417,7038920.558,434.069,-0.990162154,3.488297819,2.010189719,172.410141573,176.278907689,1.525281075,-172.299569771
399335290.750219,240510_001457780.jpg,486661.254,7038919.236,434.271,-0.996859616,3.499862254,1.487808641,176.08501413,176.409170996,1.240134048,-176.000841131
399335291.54542,240510_001458577.jpg,486671.089,7038918.539,434.396,-0.999267227,3.412501494,1.307085707,179.931021994,176.588193558,1.2981577,-179.853565727
399335292.325693,240510_001459359.jpg,486681.001,7038918.519,434.468,-0.997035178,3.283597545,0.794665445,-176.031557066,176.781796185,1.016480037,176.082787284
399335293.087793,240510_001500122.jpg,486690.892,7038919.212,434.468,-0.989556423,3.291393805,0.345601449,-171.907601941,176.792772575,0.802874508,171.939942649
399335293.825094,240510_001500861.jpg,486700.638,7038920.606,434.409,-0.976978994,3.359280911,0.124411429,-167.807447437,176.74556536,0.828761965,167.83459184
399335294.540094,240510_001501578.jpg,486710.242,7038922.685,434.286,-0.96075666,3.544898575,-0.285787018,-163.991977632,176.516873877,0.70131547,164.004446921
399335295.233895,240510_001502273.jpg,486719.705,7038925.344,434.101,-0.942298341,3.18069562,-0.45017747,-160.522616244,176.854302191,0.634881558,160.527556094
399335295.915795,240510_001502956.jpg,486729.107,7038928.624,433.863,-0.919615026,3.042605006,-0.699266193,-156.943417001,176.929785666,0.54732789,156.939542907
399335296.576496,240510_001503618.jpg,486738.261,7038932.47,433.621,-0.893716651,2.791726811,-0.903674456,-153.412327624,177.102290088,0.440759603,153.401502551
399335297.214696,240510_001504258.jpg,486747.114,7038936.803,433.37,-0.870944849,2.589091181,-0.821261752,-150.627140225,177.344011692,0.553358585,150.621449539
399335297.842196,240510_001504886.jpg,486755.86,7038941.588,433.118,-0.848025141,2.081651069,-0.618147882,-148.046246365,177.909333655,0.576006704,148.04554813
399335298.449297,240510_001505495.jpg,486764.333,7038946.743,432.87,-0.828392072,2.328432468,-0.644934778,-145.979381506,177.712072588,0.766908159,145.981615554
399335299.044597,240510_001506091.jpg,486772.738,7038952.173,432.666,-0.814570771,1.873836462,-0.271938519,-144.583913325,178.317614489,0.862650092,144.592128271
399335299.618797,240510_001506666.jpg,486780.917,7038957.773,432.498,-0.801894964,1.852108646,0.087443037,-143.347906682,178.568254192,1.17375136,143.363955976
399335300.180898,240510_001507230.jpg,486788.993,7038963.493,432.411,-0.793048043,1.336917742,0.587348109,-142.510477923,179.298157406,1.27749006,142.525091968
399335300.742998,240510_001507793.jpg,486797.098,7038969.419,432.38,-0.786604988,1.270711397,0.93538638,-141.913620585,179.578047495,1.517603405,141.92949578
399335301.294298,240510_001508345.jpg,486805.072,7038975.354,432.418,-0.781435237,0.976859651,1.171497906,-141.441118886,179.967400613,1.522474485,141.451441169
399335301.845599,240510_001508898.jpg,486813.06,7038981.384,432.51,-0.777036665,0.472622388,1.46807496,-141.046741001,-179.443707567,1.436261925,141.045715792
399335302.396899,240510_001509450.jpg,486821.038,7038987.498,432.673,-0.77620239,0.452364057,1.903738766,-140.986519743,-179.152350256,1.761094325,140.980875076
399335302.948199,240510_001510002.jpg,486829.047,7038993.616,432.889,-0.775902928,-0.050240718,2.064157311,-140.966092742,-178.660400617,1.56879359,140.946717881
399335303.4995,240510_001510555.jpg,486837.056,7038999.756,433.117,-0.775545728,-0.201205077,2.170020777,-140.938390115,-178.475769497,1.555111108,140.913762254
399335304.0508,240510_001511107.jpg,486845.086,7039005.903,433.354,-0.775578937,-0.589415375,1.980334699,-140.932955498,-178.293915339,1.163204951,140.905337707
399335304.6021,240510_001511660.jpg,486853.132,7039012.061,433.579,-0.776229176,-0.847507214,1.900045199,-140.988819515,-178.145179944,0.940082821,140.959446463
399335305.142701,240510_001512201.jpg,486861.024,7039018.096,433.817,-0.778596133,-0.97206584,2.395261784,-141.228080257,-177.742004019,1.255264219,141.182902235
399335305.683301,240510_001512743.jpg,486868.997,7039024.093,434.084,-0.791010346,-0.889698558,2.714015599,-142.398375177,-177.638761897,1.603466602,142.344119763
399335306.223901,240510_001513285.jpg,486877.154,7039029.928,434.416,-0.806515334,-1.046960709,2.896190869,-143.893962617,-177.447036698,1.718644047,143.829064575
399335306.764502,240510_001513826.jpg,486885.501,7039035.557,434.803,-0.822712128,-1.343286272,3.11069875,-145.519073773,-177.131169486,1.798755635,145.437425896
399335307.305102,240510_001514368.jpg,486894.016,7039040.983,435.239,-0.838429569,-1.076071291,3.229995541,-147.156971477,-177.343269306,2.125134724,147.077206466
399335307.845702,240510_001514910.jpg,486902.683,7039046.158,435.726,-0.852955881,-1.114855194,3.808425109,-148.786936234,-177.071153014,2.673291787,148.681357135
399335308.386303,240510_001515451.jpg,486911.483,7039051.067,436.264,-0.867247712,-1.171724312,4.320220648,-150.47350113,-176.848430843,3.174438965,150.341781983
399335308.926903,240510_001515993.jpg,486920.371,7039055.694,436.861,-0.881990319,-1.084325873,4.159079679,-152.218946521,-177.099357665,3.167512744,152.099188544
399335309.467503,240510_001516535.jpg,486929.311,7039060,437.494,-0.894446927,-1.241948578,4.575686618,-153.861064642,-176.865296991,3.552668209,153.714034226
399335310.008104,240510_001517076.jpg,486938.306,7039064.02,438.151,-0.906226353,-1.390040755,4.432131897,-155.418678984,-176.888435266,3.444326887,155.271156078
399335310.559504,240510_001517629.jpg,486947.497,7039067.826,438.825,-0.917169247,-1.655383756,4.60179489,-157.009227168,-176.674179788,3.580820204,156.838580861
399335372.986241,240510_001620179.jpg,488133.343,7039118.91,437.633,-0.99743673,5.603565644,3.707191802,-179.89578872,174.395447006,3.694798083,-179.742260032
399335373.489042,240510_001620683.jpg,488143.2,7039118.787,438.245,-0.995739384,4.907473589,4.157099847,-177.234175226,175.288371586,4.368795763,177.591748171
399335374.002242,240510_001621197.jpg,488153.218,7039119.081,438.858,-0.993535879,3.731303476,3.889197113,-175.068124797,176.610302655,4.182722163,175.318303035
399335374.515442,240510_001621711.jpg,488163.177,7039119.76,439.4,-0.990400184,3.527370533,3.669971579,-173.169661466,176.928651396,4.052152037,173.391037553
399335375.028643,240510_001622225.jpg,488173.086,7039120.773,439.891,-0.987099078,3.443905969,3.258751538,-171.557626438,177.067814012,3.719146828,171.750528304
399335375.541843,240510_001622740.jpg,488182.93,7039122.065,440.332,-0.983126434,3.720222583,3.292098799,-170.135597567,176.893777065,3.869905988,170.347178267
399335376.055043,240510_001623254.jpg,488192.726,7039123.568,440.795,-0.980262486,3.571411312,2.977747887,-169.128079077,177.050641518,3.58837223,169.313045381
399335376.568243,240510_001623768.jpg,488202.482,7039125.198,441.219,-0.978802582,2.983591342,2.37668487,-168.552950319,177.546335292,2.914823915,168.677065425
399335377.081444,240510_001624282.jpg,488212.187,7039126.924,441.529,-0.977497337,2.964765507,2.15968576,-168.140639385,177.541721678,2.716604734,168.254625042
399335377.605744,240510_001624808.jpg,488222.072,7039128.786,441.819,-0.976318469,3.401625638,1.754536825,-167.75212724,177.047838477,2.429876497,167.866662529
399335378.130044,240510_001625333.jpg,488231.914,7039130.657,442.102,-0.975027379,2.818893077,2.122855448,-167.463728069,177.708628213,2.678197789,167.569335442
399335378.654345,240510_001625858.jpg,488241.748,7039132.566,442.37,-0.975276254,2.297714744,1.961279166,-167.503696629,178.181355135,2.407190363,167.581074433
399335379.178645,240510_001626384.jpg,488251.578,7039134.428,442.602,-0.975649927,1.346727438,1.526570077,-167.543179121,179.015378524,1.777828171,167.576287039
399335379.702945,240510_001626909.jpg,488261.379,7039136.377,442.733,-0.975642429,2.393820771,1.314493188,-167.517453513,177.948010571,1.796859688,167.576973935
399335380.227246,240510_001627434.jpg,488271.18,7039138.296,442.859,-0.976182434,2.802800569,1.236993461,-167.653655345,177.527651942,1.803355437,167.72270375
399335380.751546,240510_001627960.jpg,488280.982,7039140.225,442.963,-0.975575484,3.623023942,1.103035523,-167.479645828,176.703341146,1.857003253,167.567835546
399335381.275846,240510_001628485.jpg,488290.799,7039142.152,443.027,-0.975226417,3.399056384,0.669576695,-167.357796905,176.831781684,1.393412381,167.416101752
399335381.800147,240510_001629010.jpg,488300.61,7039144.08,443.058,-0.975995106,3.387453657,0.778282177,-167.566958917,176.861283631,1.485246909,167.630559009
399335382.324447,240510_001629536.jpg,488310.437,7039145.983,443.108,-0.976121952,3.335320542,0.840784356,-167.604790444,176.924543526,1.532942806,167.670311773
399335382.848747,240510_001630061.jpg,488320.287,7039147.893,443.159,-0.975302143,3.137170182,0.61964889,-167.375153266,177.076072961,1.286870426,167.424875721
399335383.373048,240510_001630586.jpg,488330.135,7039149.832,443.199,-0.974890463,2.843049693,0.9439329,-167.287182029,177.435897789,1.542605049,167.345021363
399335383.897348,240510_001631112.jpg,488340.011,7039151.781,443.252,-0.974768477,2.445321644,0.812575218,-167.246564853,177.796086639,1.329116278,167.289382197
399335384.421648,240510_001631637.jpg,488349.894,7039153.771,443.298,-0.974202664,2.58197095,0.765429241,-167.097625003,177.655879447,1.319362471,167.141777436
399335384.945948,240510_001632162.jpg,488359.784,7039155.797,443.332,-0.972564753,2.776415784,0.818657798,-166.686733795,177.488373951,1.432442151,166.737876314
399335385.470249,240510_001632688.jpg,488369.668,7039157.895,443.398,-0.970522738,2.579732211,1.050746273,-166.202923568,177.746638603,1.631882043,166.258565625
399335385.994549,240510_001633213.jpg,488379.57,7039160.118,443.47,-0.969073391,3.310379646,0.247043337,-165.822720313,176.85330343,1.047466148,165.858567826
399335386.506749,240510_001633726.jpg,488389.221,7039162.324,443.509,-0.966398036,2.982716295,0.687647451,-165.223114389,177.293053791,1.422121365,165.274525542
399335387.01895,240510_001634239.jpg,488398.865,7039164.66,443.541,-0.962610263,3.190884595,0.914481617,-164.405788431,177.173695374,1.734342688,164.473931382
399335387.53115,240510_001634753.jpg,488408.521,7039167.146,443.583,-0.958177805,3.129717512,0.687727965,-163.476201987,177.196736238,1.545719517,163.532715807
399335388.04335,240510_001635266.jpg,488418.146,7039169.806,443.659,-0.954082891,3.631462571,1.459022009,-162.716212126,176.965712461,2.46589265,162.827612651
399335388.555551,240510_001635779.jpg,488427.809,7039172.556,443.77,-0.9501226,2.869082496,1.256941433,-161.952890196,177.662134536,2.079437072,162.026664848
399335389.067751,240510_001636292.jpg,488437.457,7039175.438,443.907,-0.946158418,2.069344383,0.992877679,-161.21784811,178.361800729,1.603023086,161.258598815
399335389.579951,240510_001636805.jpg,488447.036,7039178.513,444.082,-0.940204321,2.782534131,1.525172459,-160.21740234,177.898025426,2.372112082,160.297810691
399335390.092151,240510_001637319.jpg,488456.59,7039181.737,444.31,-0.935062814,2.895814928,1.897110121,-159.393420523,177.956431969,2.789378729,159.490943511
399335390.594252,240510_001637822.jpg,488465.94,7039184.986,444.639,-0.930454449,2.064949805,2.584440175,-158.723924926,179.012868523,3.152550129,158.797458377
399335391.096352,240510_001638325.jpg,488475.222,7039188.405,444.962,-0.924938611,2.690373172,3.171729498,-157.940709175,178.69492374,3.943261296,158.059848597
399335391.598452,240510_001638828.jpg,488484.474,7039191.863,445.373,-0.918357253,1.367604972,3.883024959,-157.058726123,-179.746217106,4.103594808,157.095724069
399335392.100553,240510_001639331.jpg,488493.643,7039195.493,445.876,-0.914370423,1.584608833,4.151193842,-156.521284911,-179.800400971,4.433045542,156.570689395
399335392.616053,240510_001639848.jpg,488502.968,7039199.297,446.467,-0.90868633,1.515422966,4.237836847,-155.728450686,-179.640068931,4.480405065,155.77013695
399335393.131553,240510_001640364.jpg,488512.139,7039203.25,447.083,-0.903732485,2.765425708,5.000838535,-155.177516965,179.58379286,5.691385348,155.318547745
399335393.647054,240510_001640881.jpg,488521.274,7039207.223,447.74,-0.904097189,2.74290912,3.733957062,-155.019127345,179.086724008,4.535844772,155.144383997
399335394.162554,240510_001641397.jpg,488530.285,7039211.137,448.382,-0.903410737,2.494923942,4.69872098,-155.078300756,179.713241394,5.304984042,155.193560267
399335394.689354,240510_001641925.jpg,488539.437,7039215.087,449.064,-0.909251518,2.733943166,5.003002247,-155.945590905,179.537052668,5.674486107,156.087555923
399335395.216155,240510_001642453.jpg,488548.592,7039218.831,449.762,-0.92390686,3.103668033,4.139679291,-157.93544423,178.672527425,4.993562207,158.105139237
399335395.755355,240510_001642993.jpg,488557.907,7039222.111,450.448,-0.940810809,0.990391471,3.901401926,-160.637848858,-179.640657471,4.00384273,160.658775746
399335396.318455,240510_001643557.jpg,488567.477,7039225.081,451.043,-0.953648576,1.120204629,3.466952272,-162.910974675,179.948032762,3.638068381,162.946305155
399335396.900356,240510_001644140.jpg,488577.268,7039227.642,451.53,-0.966951835,0.506548985,1.740787149,-165.433871046,179.948544235,1.809061451,165.442277936
399335397.492056,240510_001644733.jpg,488587.008,7039229.864,451.859,-0.978334943,2.71663723,2.610956115,-168.468851458,177.858793787,3.094705245,168.588387049
399335398.096856,240510_001645339.jpg,488596.927,7039231.355,452.31,-0.98719184,0.509481511,3.544015252,-171.710142944,-179.992452384,3.575556047,171.725496639
399335398.712357,240510_001645956.jpg,488606.953,7039232.284,452.778,-0.993533459,-1.632433251,3.090707268,-174.533522524,-178.077951256,2.915353106,174.440527974
399335399.327857,240510_001646573.jpg,488616.895,7039232.742,453.131,-0.997885671,-2.967646985,1.928571055,-177.343797434,-176.944906219,1.783121632,177.246319524
399335399.955558,240510_001647202.jpg,488626.954,7039232.693,453.282,-0.999134474,-3.46495204,1.038124612,178.781923015,-176.557595392,1.107108043,-178.846535207
399335400.583258,240510_001647831.jpg,488636.951,7039232.035,453.3,-0.995512824,-2.529013644,0.430628763,174.883286902,-177.519191607,0.651975008,-174.906869116
399335401.210958,240510_001648459.jpg,488646.876,7039230.645,453.217,-0.984955812,-1.976288004,0.280222332,170.209728288,-178.099641768,0.610057886,-170.224642927
399335401.838659,240510_001649088.jpg,488656.718,7039228.431,453.11,-0.96555267,-0.71862812,-0.112452974,165.019683981,-179.275801986,0.075649307,-165.019431987
399335402.455459,240510_001649706.jpg,488666.216,7039225.285,452.945,-0.942834896,-1.800584206,-0.729890371,160.62388098,-178.059034484,-0.092036882,-160.610811026
399335403.061459,240510_001650314.jpg,488675.464,7039221.549,452.678,-0.924283233,-1.91709934,-1.10170893,157.65253244,-177.807980479,-0.290416281,-157.628503102
399335341.955023,240510_001549086.jpg,487508.285,7039112.508,434.94,-0.918534256,1.489269845,0.367582622,-156.778562577,178.778091662,0.922917041,156.793131917
399335342.465123,240510_001549597.jpg,487517.691,7039116.283,434.876,-0.91871656,2.078737404,0.351001061,-156.80483903,178.22941795,1.139013851,156.828753535
399335342.964923,240510_001550098.jpg,487526.973,7039120.004,434.803,-0.918461672,2.459278413,0.241078309,-156.766449747,177.837272942,1.189234251,156.794022581
399335343.464724,240510_001550599.jpg,487536.313,7039123.735,434.744,-0.918366881,2.388786964,0.327984934,-156.75367962,177.936509214,1.241660094,156.782823891
399335343.964524,240510_001551100.jpg,487545.72,7039127.475,434.69,-0.917464549,2.001554775,0.463458014,-156.625130405,178.34835131,1.217069041,156.650708061
399335344.464324,240510_001551601.jpg,487555.18,7039131.277,434.641,-0.915455651,1.618650036,0.275522393,-156.333792141,178.629933004,0.900041598,156.348400904
399335344.953024,240510_001552090.jpg,487564.46,7039135.048,434.571,-0.914042801,1.146318137,0.28474885,-156.132932137,179.068646277,0.722334185,156.141610369
399335345.441725,240510_001552580.jpg,487573.756,7039138.894,434.536,-0.913666467,1.351396374,0.404020434,-156.081282746,178.930168597,0.915154686,156.094540959
399335345.930425,240510_001553070.jpg,487583.105,7039142.763,434.477,-0.91283321,1.381466818,0.180019232,-155.961190005,178.813530853,0.725294046,155.970833511
399335346.419125,240510_001553559.jpg,487592.504,7039146.645,434.39,-0.911767459,0.693490729,-0.124772434,-155.811334529,179.318022,0.168952374,155.811570669
399335346.896426,240510_001554038.jpg,487601.697,7039150.528,434.315,-0.910310684,1.21566977,-0.451025805,-155.611951508,178.708684566,0.09003824,155.608185407
399335347.373726,240510_001554516.jpg,487610.904,7039154.441,434.222,-0.908042755,1.284548782,0.127328645,-155.295415983,178.888077574,0.650756464,155.303125403
399335347.851026,240510_001554994.jpg,487620.148,7039158.442,434.131,-0.907584453,1.838208067,-0.326297877,-155.234347138,178.196476179,0.472334969,155.236542124
399335348.328326,240510_001555472.jpg,487629.387,7039162.451,434.038,-0.908261393,2.461309816,0.347666646,-155.327398264,177.910343959,1.340729506,155.35926126
399335348.805627,240510_001555950.jpg,487638.686,7039166.397,434.009,-0.909220694,1.62627032,0.433239068,-155.46073901,178.702260414,1.067280002,155.478919381
399335349.282927,240510_001556429.jpg,487648.028,7039170.327,433.954,-0.913946262,1.290105737,-0.106956085,-156.117889051,178.779025003,0.422974459,156.121173943
399335349.760227,240510_001556907.jpg,487657.388,7039174.132,433.874,-0.918671217,0.872514242,0.370396842,-156.798508445,179.345557223,0.682292883,156.805181902
399335350.237528,240510_001557385.jpg,487666.805,7039177.825,433.824,-0.923827653,0.483802415,0.368967879,-157.560621106,179.695117958,0.52391498,157.563533934
399335350.714828,240510_001557863.jpg,487676.288,7039181.361,433.758,-0.930364693,-0.365724676,0.027086221,-158.560658891,-179.648464823,-0.109795012,158.560895084
399335351.192128,240510_001558342.jpg,487685.759,7039184.706,433.716,-0.934982848,-1.167999848,0.384114876,-159.300352854,-178.770897596,-0.055096072,159.297009136
399335351.669428,240510_001558820.jpg,487695.205,7039187.951,433.675,-0.939594235,-1.121244944,0.249809469,-160.059573051,-178.859982018,-0.148993298,160.058596251
399335352.146729,240510_001559298.jpg,487704.66,7039191.003,433.623,-0.946204188,-1.913659836,0.274353347,-161.202390289,-178.099567169,-0.358270167,161.203744662
399335352.624029,240510_001559776.jpg,487714.138,7039193.868,433.572,-0.953516358,-2.086848707,0.213939326,-162.549070211,-177.944652621,-0.423000855,162.552760805
399335353.101329,240510_001600255.jpg,487723.659,7039196.482,433.476,-0.961512749,-2.496332231,0.059799058,-164.147524044,-177.581961411,-0.625332728,164.159426342
399335353.57863,240510_001600733.jpg,487733.224,7039198.842,433.383,-0.970116259,-2.214696901,-0.191478804,-166.067661721,-177.896021218,-0.71978406,166.084591886
399335354.06613,240510_001601221.jpg,487743.057,7039200.934,433.203,-0.977432751,-1.720879218,-0.48850101,-167.940416285,-178.418322186,-0.837769007,167.959334439
399335354.55363,240510_001601710.jpg,487752.946,7039202.669,433.028,-0.984203104,-1.815663422,-0.237966958,-169.957042815,-178.253016052,-0.551789651,169.969240962
399335355.04113,240510_001602198.jpg,487762.912,7039204.018,432.847,-0.990713145,-2.24374898,-0.250823241,-172.389544569,-177.808792234,-0.546511782,172.404928575
399335355.528631,240510_001602687.jpg,487772.942,7039204.971,432.675,-0.99516534,-2.24446109,-0.559915956,-174.674688978,-177.81663794,-0.766093276,174.700282496
399335356.016131,240510_001603175.jpg,487783.002,7039205.504,432.51,-0.998659964,-2.245425559,-0.265110392,-177.627932869,-177.767109897,-0.358676124,177.640144893
399335356.503631,240510_001603664.jpg,487793.1,7039205.473,432.302,-0.999450323,-3.047133157,-0.414813654,179.423593377,-176.948856852,-0.384566114,-179.402281769
399335356.991132,240510_001604152.jpg,487803.205,7039205.006,432.116,-0.997800111,-2.024578046,-0.332897312,176.647845917,-177.959014941,-0.214882403,-176.638104682
399335357.478632,240510_001604641.jpg,487813.311,7039203.975,431.911,-0.993883755,-2.774266621,-0.989633496,173.989348865,-177.137198575,-0.69320461,-173.948023674
399335357.966132,240510_001605129.jpg,487823.372,7039202.516,431.641,-0.988047334,-2.653038749,-0.701433275,171.336069931,-177.271533978,-0.294076696,-171.312782551
399335358.443432,240510_001605607.jpg,487833.209,7039200.673,431.392,-0.981716756,-1.902531654,-1.074989233,169.220497965,-177.929555668,-0.700179875,-169.189955332
399335358.920733,240510_001606086.jpg,487842.996,7039198.438,431.101,-0.978115175,-2.677881347,-0.952334336,168.156870437,-177.183712467,-0.382375455,-168.125169395
399335359.398033,240510_001606564.jpg,487852.81,7039196.069,430.799,-0.975351235,-2.513701201,-1.166929491,167.425870658,-177.292480712,-0.59127759,-167.386253679
399335359.875333,240510_001607042.jpg,487862.637,7039193.611,430.521,-0.973134103,-1.520444616,-0.805500289,166.828072742,-178.335477375,-0.438388052,-166.810977561
399335360.352634,240510_001607520.jpg,487872.469,7039191.013,430.274,-0.970611177,-1.255323025,-0.286076618,166.187501486,-178.711962725,0.020678019,-166.184568079
399335360.819734,240510_001607988.jpg,487882.109,7039188.341,430.07,-0.96794879,-1.096736772,-0.487148453,165.567405288,-178.815709307,-0.199417557,-165.560648808
399335361.286834,240510_001608456.jpg,487891.765,7039185.622,429.869,-0.966189786,0.255950516,-0.440410625,165.166798874,179.866692629,-0.492210122,-165.168335203
399335361.753935,240510_001608924.jpg,487901.434,7039182.801,429.626,-0.965072524,0.675614731,-0.718178432,164.929091207,179.535791894,-0.869758718,-164.936823714
399335362.221035,240510_001609392.jpg,487911.14,7039179.906,429.393,-0.963845272,0.822766584,-1.098253776,164.682837023,179.497886748,-1.276794875,-164.696279984
399335362.688135,240510_001609860.jpg,487920.879,7039176.931,429.113,-0.962718161,0.494811642,-1.192672673,164.446863505,179.844316453,-1.281894476,-164.45371438
399335363.144935,240510_001610318.jpg,487930.463,7039174.031,428.821,-0.96248405,1.441872384,-1.017501757,164.384770821,178.88664726,-1.368072962,-164.410834397
399335363.601736,240510_001610776.jpg,487940.098,7039171.115,428.613,-0.962041761,2.430799516,-0.455421146,164.265134364,177.785770001,-1.097691401,-164.296009821
399335364.058536,240510_001611234.jpg,487949.763,7039168.104,428.455,-0.959366696,2.593855599,-0.07879158,163.703185499,177.534806051,-0.80417327,-163.722294305
399335364.515336,240510_001611691.jpg,487959.439,7039164.957,428.367,-0.95757495,1.96517413,-0.101909032,163.341206054,178.148644535,-0.661872408,-163.353660352
399335364.972136,240510_001612149.jpg,487969.064,7039161.776,428.343,-0.956423563,1.723360623,1.647957784,163.190218548,177.875947064,1.07572085,-163.145575529
399335365.428937,240510_001612607.jpg,487978.753,7039158.633,428.502,-0.957548526,2.823231515,1.596610547,163.40988557,176.841336382,0.719890845,-163.350812985
399335365.885737,240510_001613064.jpg,487988.417,7039155.503,428.705,-0.95658724,3.670807642,2.307776462,163.29834181,175.823847578,1.148178819,-163.182716599
399335366.342537,240510_001613522.jpg,487998.085,7039152.334,428.971,-0.958891646,3.18381419,2.536237567,163.797859267,176.237238239,1.53997304,-163.67696948
399335366.799337,240510_001613980.jpg,488007.76,7039149.281,429.331,-0.960095214,3.52760613,2.959597809,164.118382145,175.798876672,1.871985524,-163.958797397
399335367.256138,240510_001614437.jpg,488017.414,7039146.262,429.744,-0.960937937,3.156706927,3.249210768,164.35201703,176.084708611,2.268026101,-164.18516979
399335367.712938,240510_001614895.jpg,488027.02,7039143.317,430.209,-0.960293592,3.317255923,3.791094634,164.333676618,175.781653151,2.742885167,-164.123106677
399335368.169738,240510_001615353.jpg,488036.558,7039140.364,430.707,-0.959688926,3.381505574,3.937871729,164.240607927,175.675054547,2.859092459,-164.016639246
399335368.626539,240510_001615811.jpg,488046.012,7039137.521,431.343,-0.960587339,4.679947853,4.98067321,164.726269899,174.167751896,3.548243158,-164.342276546
399335369.096439,240510_001616281.jpg,488055.675,7039134.587,432.089,-0.962614366,3.444409566,4.936505731,165.161050995,175.400696606,3.873313879,-164.857298303
399335369.566339,240510_001616752.jpg,488065.275,7039131.822,432.87,-0.962082981,4.317649438,5.275354401,165.15579885,174.467311187,3.970134784,-164.765346991
399335370.036239,240510_001617223.jpg,488074.761,7039129.046,433.644,-0.96442107,3.780634181,5.241783382,165.678530309,175.03270205,4.124163969,-165.326864699
399335370.51674,240510_001617705.jpg,488084.393,7039126.389,434.44,-0.9713737,4.007017859,4.695501727,167.187443886,175.04616447,3.671691304,-166.864613903
399335370.99724,240510_001618186.jpg,488093.952,7039124.015,435.166,-0.979701303,3.342965107,4.793841929,169.609198114,175.84099067,4.097110725,-169.320766793
399335371.48894,240510_001618679.jpg,488103.741,7039122.086,435.839,-0.986802254,3.945001809,4.218090834,171.868709685,175.493262912,3.601835489,-171.581974225
399335371.980641,240510_001619171.jpg,488113.488,7039120.566,436.468,-0.992183234,4.241420823,3.983515989,174.298580946,175.37900935,3.526133631,-174.00907968
399335372.483441,240510_001619675.jpg,488123.421,7039119.454,437.066,-0.995795159,4.280681291,4.010863654,177.088195196,175.515052619,3.771701598,-176.790884004
399335457.942093,240510_001745303.jpg,489326.817,7038399.404,440.588,-0.94338001,7.384404706,-2.276327899,160.834415895,173.75696158,-4.552480535,-161.22957559
399335459.322293,240510_001746686.jpg,489336.778,7038394.946,440.294,-0.835561311,8.082022222,0.299352182,146.716900169,173.072798794,-4.176105093,-146.948771599
399335460.838194,240510_001748205.jpg,489343.785,7038387.526,440.521,-0.423690676,5.590603843,1.182348784,115.086234559,176.558274051,-4.560717955,-115.165725598
399335462.213995,240510_001749583.jpg,489345.262,7038378.364,440.494,0.143233788,3.961349599,0.387730057,81.76085664,-179.813717059,-3.975523143,-81.741029323
399335463.389596,240510_001750761.jpg,489342.498,7038369.396,440.4,0.388265854,2.556092421,0.450148839,67.141151336,-179.41994408,-2.530271031,-67.118321717
399335464.424297,240510_001751798.jpg,489337.777,7038361.045,440.371,0.610688891,4.239598297,0.15419807,52.33952127,-177.528334961,-3.449026332,-52.25941451
399335465.360697,240510_001752736.jpg,489331.041,7038354.114,440.29,0.750147702,2.863199884,0.083522059,41.365884834,-177.905135635,-1.954904218,-41.328068127
399335466.223298,240510_001753600.jpg,489323.422,7038348.133,440.222,0.78604403,2.471480194,0.378414313,38.146461365,-178.288716556,-1.824190519,-38.111059634
399335467.061698,240510_001754440.jpg,489315.387,7038342.241,440.166,0.796169805,2.426938038,0.392545673,37.196531256,-178.302757453,-1.779942262,-37.161855356
399335467.878299,240510_001755259.jpg,489307.256,7038336.416,440.116,0.799050274,2.721076702,0.069041976,36.924273155,-177.865179299,-1.690119237,-36.891153131
399335468.694899,240510_001756077.jpg,489299.177,7038330.579,440.05,0.79203696,3.200114521,-0.4737604,37.585877484,-177.174835879,-1.577159613,-37.560235415
399335469.5662,240510_001756950.jpg,489290.937,7038324.48,439.895,0.78753635,3.595870824,-1.551635274,37.982493211,-176.212276811,-0.992712407,-37.998398792
399335470.5439,240510_001757929.jpg,489282.489,7038318.232,439.617,0.787833461,3.082023533,-1.79766035,37.945591125,-176.465577943,-0.480841243,-37.979157664
399335471.783201,240510_001759171.jpg,489273.515,7038311.541,439.271,0.784853615,3.429417418,-2.500788268,38.18916933,-175.760817117,-0.159921263,-38.258161888
399335474.869703,240510_001802264.jpg,489260.646,7038302.47,438.51,0.959194706,8.382226554,-1.330737115,16.279023597,-171.584555932,-1.079287605,-16.296994996
399335478.718305,240510_001806120.jpg,489253.033,7038307.472,438.919,-0.211780929,-0.701640753,5.555311954,-102.291225511,-174.426413593,0.492871829,102.232973792
399335481.824532,240510_001809232.jpg,489258.623,7038312.398,439.02,-0.998512585,2.06366174,0.63117556,-177.497877584,177.968001736,0.718141492,177.521915084
399335483.949811,240510_001811362.jpg,489266.787,7038312.965,439.191,-0.935867461,0.503833156,2.977730385,-159.64829664,-179.435916837,2.962842624,159.646628118
399335485.531212,240510_001812946.jpg,489274.497,7038316.858,439.461,-0.807241029,-0.101009809,2.666857158,-143.949511766,-178.348302079,2.09290932,143.916833933
399335486.854682,240510_001814273.jpg,489281.933,7038322.225,439.727,-0.785453084,0.313995902,2.302310165,-141.855913498,-178.824424286,2.001227355,141.841539085
399335488.042283,240510_001815462.jpg,489289.492,7038327.941,439.941,-0.788444339,1.507267843,1.589604774,-142.103528086,179.787483284,2.176939245,142.128338853
399335489.133984,240510_001816556.jpg,489297.253,7038333.592,440.069,-0.800445347,1.8788163,1.373339871,-143.230977304,179.317533549,2.221379477,143.266598245
399335490.181484,240510_001817606.jpg,489305.313,7038339.2,440.161,-0.805666398,1.266689161,0.999320887,-143.723526675,179.571127247,1.552403134,143.740291053
399335491.207085,240510_001818634.jpg,489313.458,7038344.849,440.219,-0.804403457,1.253339682,0.60765459,-143.593892024,179.353222816,1.230542551,143.607417221
399335492.290986,240510_001819720.jpg,489321.789,7038350.768,440.252,-0.780443413,1.002821355,0.42039893,-141.337084973,179.480982181,0.952638585,141.345026578
399335493.579986,240510_001821011.jpg,489329.907,7038357.611,440.334,-0.655217013,0.797486428,0.270260467,-130.96026363,179.682668807,0.777454988,130.96425795
399335495.037787,240510_001822472.jpg,489335.465,7038366.1,440.347,-0.295723336,0.25242978,0.529895801,-107.210103364,-179.567624105,0.396165766,107.209737805
399335496.559888,240510_001823997.jpg,489337.065,7038375.93,440.513,0.147982023,-1.442712789,2.035396465,-81.480509042,-178.201200118,-1.728801683,81.48197798
399335497.962289,240510_001825402.jpg,489334.29,7038384.987,440.768,0.549088749,-1.447625445,2.671509671,-56.636584601,-178.565008803,-2.677606447,56.636376372
399335499.17529,240510_001826617.jpg,489328.368,7038392.274,440.912,0.805053839,-5.750949528,1.814476691,-36.308475137,176.429607099,-4.858513158,36.065871258
399335500.23479,240510_001827679.jpg,489320.381,7038397.423,441.03,0.894404235,-4.573539299,2.355824422,-26.416151729,176.945655264,-4.137214525,26.211824143
399335501.139291,240510_001828585.jpg,489312.144,7038401.681,441.286,0.899838063,-4.918069581,3.097369775,-25.63309152,176.8949928,-4.90973581,25.367064756
399335501.97961,240510_001829427.jpg,489303.643,7038406.203,441.542,0.881989721,-5.32586287,3.217303694,-27.895553099,176.784300145,-5.323166371,27.596531889
399335502.74551,240510_001830195.jpg,489295.31,7038411.053,441.838,0.855490727,-4.145396546,2.598883228,-31.043191855,177.782416494,-4.358506162,30.864831047
399335503.464611,240510_001830915.jpg,489287.234,7038416.441,442.105,0.825452319,-3.621192359,2.835079488,-34.222789863,178.595431409,-4.37637629,34.079586847
399335504.149411,240510_001831601.jpg,489279.334,7038422.264,442.38,0.802823731,-2.846141189,2.738302637,-36.474280025,179.336803701,-3.891195645,36.383795671
399335504.809012,240510_001832262.jpg,489271.594,7038428.452,442.651,0.776329273,-1.937065035,2.845259043,-38.95342672,-179.718213277,-3.428896565,38.913815643
399335505.446212,240510_001832901.jpg,489264.057,7038434.973,442.933,0.759238564,-1.254140249,2.636112786,-40.500129857,-179.241477582,-2.818093345,40.489976703
399335506.059512,240510_001833515.jpg,489256.732,7038441.663,443.191,0.745141421,-1.186262356,2.348354392,-41.744383573,-179.321308968,-2.541342605,41.735160735
399335506.660713,240510_001834118.jpg,489249.457,7038448.578,443.406,0.732798572,-0.839684561,2.064814417,-42.808953736,-179.212457432,-2.085136402,42.808182334
399335507.240713,240510_001834699.jpg,489242.342,7038455.571,443.577,0.722312371,-0.375633769,1.777652125,-43.69693376,-179.043047705,-1.544849528,43.704030416
399335507.810013,240510_001835269.jpg,489235.308,7038462.692,443.703,0.717198887,-0.240895418,1.67867694,-44.122880973,-179.003777426,-1.372958976,44.131309547
399335508.367714,240510_001835828.jpg,489228.252,7038469.809,443.795,0.718459861,1.120158321,1.398840698,-44.026694021,-178.222420456,-0.227948416,44.043926135
399335508.915314,240510_001836377.jpg,489221.212,7038476.955,443.859,0.719378183,1.299855229,1.181562369,-43.955954672,-178.244114363,0.050751885,43.968605386
399335509.452714,240510_001836915.jpg,489214.203,7038484.121,443.896,0.716920248,0.917945928,0.827334115,-44.165017622,-178.764661262,0.044919569,44.171189222
399335509.980015,240510_001837444.jpg,489207.194,7038491.205,443.912,0.720308846,1.992160927,1.089243381,-43.880929287,-177.809280518,0.594637297,43.888527577
399335510.507315,240510_001837972.jpg,489200.043,7038498.38,443.875,0.721496916,2.736263605,0.055146283,-43.793374786,-177.985669314,1.851149742,43.762214569
399335403.65636,240510_001650910.jpg,488684.58,7039217.414,452.341,-0.913902521,-1.546268474,-1.334950817,156.147093027,-178.045802626,-0.595795013,-156.118879011
399335404.24036,240510_001651495.jpg,488693.65,7039213.034,451.958,-0.90766522,-1.957404713,-1.939916273,155.315185923,-177.411385268,-0.944223977,-155.260678373
399335404.80296,240510_001652059.jpg,488702.532,7039208.649,451.544,-0.901397541,-1.00375266,-1.703855371,154.452269005,-178.359168177,-1.104249623,-154.421493092
399335405.365561,240510_001652622.jpg,488711.54,7039204.019,451.089,-0.894911851,-0.593800764,-1.595259822,153.596644728,-178.758183333,-1.164882697,-153.575716141
399335405.914461,240510_001653172.jpg,488720.41,7039199.229,450.65,-0.889675112,-1.32969935,-1.633765472,152.931267453,-178.072319132,-0.849611611,-152.897979602
399335406.450161,240510_001653709.jpg,488729.197,7039194.446,450.237,-0.888027666,-0.659479621,-1.605373286,152.722823114,-178.677605771,-1.124702123,-152.700567422
399335406.973862,240510_001654234.jpg,488737.919,7039189.693,449.809,-0.889446109,0.109972873,-1.717609344,152.907203685,-179.314910735,-1.579210894,-152.899370045
399335407.497562,240510_001654758.jpg,488746.81,7039184.935,449.34,-0.889442642,1.490303559,-2.054621368,152.928464809,179.608314924,-2.506907536,-152.963703923
399335408.010662,240510_001655273.jpg,488755.594,7039180.153,448.851,-0.889088717,1.341525059,-2.166564552,152.8919401,179.793389607,-2.539021742,-152.921828598
399335408.523763,240510_001655787.jpg,488764.466,7039175.326,448.378,-0.889171465,1.755578987,-1.702232405,152.871720412,179.21413039,-2.31473586,-152.913632932
399335409.023863,240510_001656288.jpg,488773.228,7039170.61,447.949,-0.890432712,2.781599463,-1.483133941,153.018796945,178.193845778,-2.582033532,-153.095473632
399335409.523963,240510_001656789.jpg,488782.098,7039165.86,447.549,-0.894383875,3.18904792,-1.644868612,153.5313974,177.877347631,-2.891278973,-153.630712061
399335410.013563,240510_001657279.jpg,488790.892,7039161.225,447.129,-0.894788262,3.422451097,-1.604730637,153.581175464,177.647677235,-2.956969178,-153.689793225
399335410.503164,240510_001657770.jpg,488799.762,7039156.518,446.733,-0.892369602,3.31098859,-1.648681128,153.27360187,177.782977194,-2.958826086,-153.378468692
399335410.992764,240510_001658261.jpg,488808.698,7039151.712,446.326,-0.887793967,3.455953006,-1.901560947,152.711101971,177.798388717,-3.270992804,-152.831278155
399335411.471864,240510_001658741.jpg,488817.397,7039146.875,445.944,-0.886555005,2.219968611,-1.767952953,152.548267229,178.844959575,-2.591021785,-152.608595482
399335411.950965,240510_001659221.jpg,488826.067,7039142.038,445.578,-0.883622706,1.666195276,-1.507451026,152.171561332,179.230809428,-2.110458834,-152.207611834
399335412.430065,240510_001659701.jpg,488834.703,7039137.139,445.226,-0.879559326,1.101815059,-1.708420409,151.68694543,179.840937326,-2.026340086,-151.706144393
399335412.909165,240510_001700181.jpg,488843.259,7039132.136,444.87,-0.875135583,-0.207365684,-1.380895655,151.140556611,-179.151205299,-1.109661433,-151.12980405
399335413.388266,240510_001700661.jpg,488851.778,7039127.033,444.514,-0.864583679,-1.215814799,-1.730521018,149.927247086,-178.080550501,-0.888223312,-149.893974209
399335413.867366,240510_001701141.jpg,488860.183,7039121.74,444.125,-0.849967188,-1.820075673,-1.612901302,148.288833229,-177.604151545,-0.415360602,-148.254498329
399335414.346466,240510_001701621.jpg,488868.481,7039116.229,443.742,-0.829236662,-0.949856952,-1.732692919,146.099839958,-178.245044969,-0.908414179,-146.071535466
399335414.825566,240510_001702101.jpg,488876.548,7039110.352,443.316,-0.803560801,-0.968951691,-2.018966722,143.556449145,-178.021176215,-1.048314095,-143.52124901
399335415.304667,240510_001702581.jpg,488884.385,7039104.131,442.839,-0.77502117,-0.266256721,-2.487297568,140.906782809,-178.224606115,-1.761953958,-140.873678611
399335415.783767,240510_001703061.jpg,488891.866,7039097.498,442.364,-0.746211133,-1.131546895,-1.745390986,138.323641731,-177.994474514,-0.551495404,-138.296736351
399335416.262867,240510_001703541.jpg,488899.126,7039090.537,441.911,-0.716620899,-0.931468517,-2.337330714,135.853289695,-177.703975077,-1.028029097,-135.813682497
399335416.741968,240510_001704021.jpg,488906.006,7039083.212,441.41,-0.688221481,-2.74016266,-2.087705427,133.551485262,-176.600628634,0.547633329,-133.517811725
399335417.221068,240510_001704501.jpg,488912.65,7039075.619,440.872,-0.657226393,-3.440835274,-2.415630394,131.156932817,-175.91938129,1.001456199,-131.12008517
399335417.700168,240510_001704981.jpg,488919.039,7039067.765,440.308,-0.628262496,-2.887752574,-2.671420491,128.994440039,-176.109184651,0.564225746,-128.946308711
399335418.166768,240510_001705449.jpg,488925.026,7039059.887,439.71,-0.604100396,-1.822098297,-2.626999333,127.230521053,-176.807500978,-0.13820283,-127.184924197
399335418.633369,240510_001705916.jpg,488930.774,7039051.763,439.132,-0.565779923,-0.848788704,-2.874776933,124.524736727,-177.151390449,-0.929514074,-124.480360744
399335419.099969,240510_001706384.jpg,488936.09,7039043.328,438.544,-0.52404913,-0.895795787,-3.03467523,121.670553085,-176.94810231,-0.830396258,-121.624750684
399335419.566569,240510_001706851.jpg,488940.995,7039034.624,437.909,-0.484370706,-1.033084865,-3.277616357,119.038333624,-176.634503605,-0.68708711,-118.988657214
399335420.03317,240510_001707319.jpg,488945.536,7039025.71,437.256,-0.455453434,-0.761799089,-2.978083641,117.147701597,-177.003669954,-0.680831795,-117.110149421
399335420.49977,240510_001707786.jpg,488949.81,7039016.609,436.615,-0.419277395,-0.32117833,-3.286670782,114.84516059,-176.883776314,-1.089128673,-114.806382946
399335420.96637,240510_001708254.jpg,488953.706,7039007.314,435.958,-0.382488711,-0.135926917,-3.382276659,112.540592849,-176.82524462,-1.17067886,-112.504204827
399335421.43297,240510_001708721.jpg,488957.191,7038997.839,435.295,-0.354395009,-1.405678505,-2.977448265,110.796044724,-176.719368924,0.256509869,-110.766947056
399335421.899571,240510_001709189.jpg,488960.492,7038988.249,434.624,-0.332447066,-0.777101524,-3.270714371,109.459919772,-176.659013277,-0.3570789,-109.427410881
399335422.366171,240510_001709657.jpg,488963.563,7038978.562,434.001,-0.314886996,-0.929027436,-2.922302677,108.387772494,-176.935448503,-0.040807761,-108.363068764
399335422.832771,240510_001710124.jpg,488966.49,7038968.825,433.427,-0.304011777,-0.597581872,-2.469233046,107.724393241,-177.46710832,-0.183317408,-107.707526025
399335423.299372,240510_001710592.jpg,488969.338,7038959.045,432.942,-0.295794404,0.177921003,-2.214447833,107.226859379,-177.938164597,-0.826429183,-107.215473085
399335423.765972,240510_001711059.jpg,488972.105,7038949.241,432.482,-0.287436851,0.644955125,-2.057676813,106.72381933,-178.215307014,-1.210355837,-106.716587703
399335424.221172,240510_001711515.jpg,488974.71,7038939.645,432.102,-0.281534951,0.923262408,-1.322777454,106.364289717,-178.99070168,-1.259260239,-106.363879648
399335424.676372,240510_001711971.jpg,488977.28,7038929.987,431.736,-0.276722649,1.341375636,-0.96524288,106.074861911,-179.443386765,-1.556827948,-106.078617863
399335425.131573,240510_001712427.jpg,488979.817,7038920.277,431.483,-0.274596261,1.686674212,-1.173455071,105.949144328,-179.334857633,-1.94460242,-105.955151192
399335425.586773,240510_001712883.jpg,488982.342,7038910.538,431.244,-0.262819695,2.544767702,-0.885350164,105.246698828,-179.814685896,-2.688085296,-105.262038553
399335426.041973,240510_001713340.jpg,488984.748,7038900.762,431.114,-0.263777554,2.729899434,0.071372176,105.30175812,179.211924648,-2.614495727,-105.318069251
399335426.497173,240510_001713796.jpg,488987.173,7038890.959,431.037,-0.258955443,3.207429315,0.571607227,105.016124006,178.618436724,-2.949905581,-105.035735389
399335426.952374,240510_001714252.jpg,488989.532,7038881.101,431.013,-0.258452525,2.852622868,0.422276144,104.985931355,178.855985931,-2.64665234,-105.001876873
399335427.407574,240510_001714708.jpg,488991.857,7038871.222,431.012,-0.26082362,1.488075401,0.793641043,105.127746407,178.847693567,-1.230418111,-105.129814286
399335427.862774,240510_001715164.jpg,488994.308,7038861.381,431.039,-0.262307999,2.933296105,1.732840075,105.221538397,177.56098363,-2.376134653,-105.227800497
399335428.307874,240510_001715610.jpg,488996.68,7038851.716,431.194,-0.267605197,2.65578146,1.488487486,105.534704041,177.857523188,-2.160849616,-105.540640855
399335428.752975,240510_001716056.jpg,488999.139,7038842.082,431.376,-0.272302121,3.317169346,1.29428335,105.813106362,177.853217693,-2.839266849,-105.828888055
399335429.198075,240510_001716502.jpg,489001.576,7038832.483,431.59,-0.275702987,2.628207466,1.761439093,106.019445651,177.584955098,-2.04095513,-106.022093441
399335429.643175,240510_001716948.jpg,489004.076,7038822.932,431.827,-0.268351433,3.475835744,2.391975625,105.58764463,176.766054962,-2.706091986,-105.591533763
399335430.088276,240510_001717394.jpg,489006.455,7038813.366,432.133,-0.261691355,3.165248642,2.425820461,105.191713092,176.83364136,-2.419934615,-105.19163194
399335430.533376,240510_001717840.jpg,489008.802,7038803.834,432.468,-0.261674422,3.773425719,2.638203292,105.193253438,176.469454184,-2.950975405,-105.197388935
399335430.988576,240510_001718296.jpg,489011.184,7038794.116,432.828,-0.265259715,3.502725154,2.444378939,105.404184521,176.717143484,-2.728456195,-105.407708165
399335431.443776,240510_001718752.jpg,489013.594,7038784.466,433.22,-0.266873365,3.774747237,2.899558163,105.506123917,176.201686641,-2.863268288,-105.505610938
399335431.898977,240510_001719208.jpg,489016.035,7038774.845,433.561,-0.270655492,4.060037058,2.129191588,105.722017252,176.85369592,-3.331578745,-105.738154085
399335432.354177,240510_001719664.jpg,489018.429,7038765.278,433.885,-0.275016286,3.01977118,2.510020755,105.986464548,176.759698005,-2.212865733,-105.982944965
399335432.809377,240510_001720120.jpg,489020.887,7038755.738,434.201,-0.280037736,2.610385079,2.623224588,106.287882679,176.75441434,-1.771338319,-106.278328792
399335433.264577,240510_001720576.jpg,489023.415,7038746.211,434.512,-0.28763082,2.496785763,2.246962488,106.737542135,177.133151171,-1.745176497,-106.732274272
399335433.730078,240510_001721043.jpg,489026.144,7038736.527,434.774,-0.296052364,3.727274337,2.095951747,107.2409365,176.897064533,-2.939205913,-107.252437146
399335434.195578,240510_001721509.jpg,489028.888,7038726.871,435.06,-0.307630931,3.284423546,2.601002814,107.944371891,176.518177292,-2.324595689,-107.940523312
399335434.661078,240510_001721976.jpg,489031.815,7038717.288,435.331,-0.328969325,4.288038009,2.164229199,109.229913276,176.547691387,-3.336501058,-109.249567014
399335435.126579,240510_001722442.jpg,489034.955,7038707.851,435.606,-0.357302796,5.177198872,2.772147458,110.970677171,175.56287904,-3.843046033,-110.994434111
399335435.602679,240510_001722919.jpg,489038.427,7038698.333,436.013,-0.390819688,4.883956303,2.70615942,113.044165955,175.602601943,-3.43616228,-113.060863562
399335436.077779,240510_001723395.jpg,489042.282,7038689.024,436.364,-0.429072348,5.800173252,2.482719101,115.447139825,175.2690438,-4.171251246,-115.493934083
399335436.552879,240510_001723871.jpg,489046.431,7038679.891,436.664,-0.469729597,4.980765413,2.406524396,118.058070393,175.537768631,-3.264758287,-118.080783468
399335437.02798,240510_001724347.jpg,489051.013,7038671.011,436.956,-0.509227763,5.016086591,2.599019198,120.663341206,175.211311652,-2.991332775,-120.674768524
399335437.50308,240510_001724823.jpg,489055.96,7038662.335,437.3,-0.53863406,4.736276037,2.461693409,122.641858513,175.377501936,-2.662635582,-122.647690598
399335437.97818,240510_001725299.jpg,489061.173,7038653.836,437.661,-0.574710442,3.507389571,2.690769463,125.142799423,175.786390331,-1.322598859,-125.109178207
399335438.453281,240510_001725775.jpg,489066.825,7038645.609,437.98,-0.607013758,4.337899253,2.302529781,127.429962672,175.540194677,-2.047965002,-127.422651508
399335438.928381,240510_001726251.jpg,489072.799,7038637.637,438.25,-0.636122727,5.363971952,2.771498443,129.580974284,174.452851829,-2.372495748,-129.566305477
399335439.403481,240510_001726727.jpg,489078.983,7038629.808,438.606,-0.660300968,4.03312575,2.933695332,131.412786078,175.138533389,-1.089220864,-131.35587925
399335439.878581,240510_001727204.jpg,489085.397,7038622.146,439.049,-0.678448748,2.655692001,2.814062088,132.811481627,176.135711171,-0.040283877,-132.747699211
399335440.353682,240510_001727680.jpg,489092.047,7038614.678,439.432,-0.695783225,2.682204924,2.382107457,134.163956801,176.426964046,-0.268162945,-134.116638154
399335440.828782,240510_001728156.jpg,489098.845,7038607.372,439.795,-0.704696306,2.624962335,3.048100577,134.91260985,175.992916003,0.28783434,-134.832799509
399335441.303882,240510_001728632.jpg,489105.748,7038600.119,440.157,-0.708937683,2.933822948,2.852231245,135.247280078,175.91351928,-0.045037976,-135.175953947
399335441.778983,240510_001729108.jpg,489112.687,7038592.897,440.522,-0.713936761,2.730935983,2.897191258,135.65858957,176.026768238,0.158252014,-135.584140873
399335442.254083,240510_001729584.jpg,489119.682,7038585.743,440.909,-0.714970508,2.966514729,3.184499946,135.759192088,175.658287511,0.205799196,-135.669048358
399335442.729183,240510_001730060.jpg,489126.638,7038578.558,441.311,-0.713434576,2.292611774,3.071661622,135.626653798,176.217485398,0.587161818,-135.545883402
399335443.204284,240510_001730536.jpg,489133.578,7038571.372,441.694,-0.714082794,1.883690595,2.708623805,135.661160581,176.763489542,0.616542532,-135.599270138
399335443.679384,240510_001731012.jpg,489140.541,7038564.23,442.036,-0.715865431,2.200702656,2.493343338,135.797688473,176.688054623,0.249170712,-135.742663963
399335444.154484,240510_001731488.jpg,489147.528,7038557.132,442.346,-0.719900726,2.731125683,2.331369093,136.123697662,176.419861618,-0.216242293,-136.074970474
399335444.629584,240510_001731964.jpg,489154.547,7038550.089,442.61,-0.723049632,3.268850319,2.117887373,136.376278568,176.177214128,-0.725634475,-136.340171642
399335445.104685,240510_001732440.jpg,489161.551,7038543.1,442.856,-0.722061365,3.849993219,2.320255439,136.30236542,175.618884331,-0.986339864,-136.262249374
399335445.579785,240510_001732916.jpg,489168.456,7038536.068,443.161,-0.7233989,2.221951041,1.784092678,136.393414503,177.164195303,-0.243411084,-136.364899293
399335446.065285,240510_001733402.jpg,489175.522,7038528.997,443.377,-0.724071289,2.519025072,1.577062117,136.442980998,177.091354145,-0.59536079,-136.423487097
399335446.550786,240510_001733889.jpg,489182.566,7038521.992,443.522,-0.718602275,3.464388909,1.51183184,135.987917648,176.461855548,-1.321926138,-135.983123504
399335447.036286,240510_001734375.jpg,489189.479,7038514.905,443.656,-0.719409363,2.679967113,1.078198222,136.044424778,177.325429226,-1.085610382,-136.044603438
399335447.521786,240510_001734862.jpg,489196.408,7038507.925,443.751,-0.721746189,3.103296338,1.18043452,136.239886523,176.945508937,-1.295448487,-136.242523635
399335448.007286,240510_001735348.jpg,489203.315,7038500.956,443.832,-0.721556913,2.863830125,0.656494132,136.215461439,177.480690432,-1.508610077,-136.232273372
399335448.503387,240510_001735845.jpg,489210.358,7038493.941,443.834,-0.717467184,4.313709736,0.417379671,135.875371734,176.613983921,-2.703051039,-135.939634283
399335448.999487,240510_001736343.jpg,489217.187,7038486.839,443.844,-0.715801481,2.41696104,0.066690446,135.736886103,178.224296794,-1.639659106,-135.760911322
399335449.506687,240510_001736851.jpg,489224.157,7038479.71,443.813,-0.717778515,2.724271452,0.185884587,135.899763465,177.916087699,-1.762796726,-135.927436493
399335450.013888,240510_001737359.jpg,489231.101,7038472.656,443.739,-0.718774554,3.003907404,-0.359979251,135.982745427,178.090740008,-2.345797258,-136.03129337
399335450.531088,240510_001737877.jpg,489238.089,7038465.575,443.645,-0.722590808,2.818072456,-0.304423446,136.298132137,178.174059256,-2.166914805,-136.340170663
399335451.058588,240510_001738406.jpg,489245.149,7038458.515,443.496,-0.724756607,3.251595368,-0.442280461,136.479071186,177.947194904,-2.559061528,-136.537496097
399335451.586089,240510_001738934.jpg,489252.115,7038451.558,443.329,-0.726213379,3.014863831,-0.827644836,136.605002151,178.377955358,-2.671763223,-136.664609826
399335452.134489,240510_001739484.jpg,489259.226,7038444.464,443.116,-0.729761988,2.356943054,-1.17878235,136.908509148,179.084348405,-2.470421281,-136.952486662
399335452.696989,240510_001740047.jpg,489266.476,7038437.491,442.85,-0.750775557,2.849283183,-1.787670145,138.720355269,179.037044079,-3.221556337,-138.791859571
399335453.27979,240510_001740631.jpg,489273.938,7038430.765,442.52,-0.774905561,2.86266971,-1.760034229,140.863108064,178.889407563,-3.170271639,-140.93778282
399335453.90309,240510_001741256.jpg,489281.823,7038424.303,442.21,-0.807881149,3.774954004,-1.749162503,143.963487177,177.973565954,-3.631877338,-144.085340375
399335454.56609,240510_001741920.jpg,489290.044,7038418.327,441.885,-0.839287221,4.947537743,-1.783503722,147.149981542,176.804692996,-4.175393544,-147.343487915
399335455.275691,240510_001742631.jpg,489298.597,7038412.823,441.547,-0.870470441,5.635124959,-1.569911312,150.599716337,175.853940598,-4.125264897,-150.826319384
399335456.040491,240510_001743397.jpg,489307.506,7038407.776,441.212,-0.900292066,5.138588332,-2.031298424,154.327686641,176.241760187,-4.048285841,-154.551628021
399335456.892492,240510_001744251.jpg,489316.856,7038403.376,440.874,-0.924143361,6.621695154,-2.402354956,157.728138944,174.768480965,-4.715242008,-158.082525687
399335541.085333,240510_001908611.jpg,488918.639,7039061.278,439.679,0.628745351,6.067893336,3.784743186,-50.918971624,-173.244555634,2.329714387,50.981926389
399335541.559433,240510_001909086.jpg,488912.535,7039069.036,440.212,0.657697758,5.948297055,4.064372205,-48.725361494,-173.030367567,1.797186839,48.826957028
399335542.033534,240510_001909561.jpg,488906.142,7039076.545,440.792,0.688970729,5.701488945,4.150802483,-46.281908739,-173.068430641,1.261320553,46.4121035
399335542.507634,240510_001910036.jpg,488899.473,7039083.84,441.362,0.716286914,4.342589804,3.613434479,-44.105886769,-174.372117347,0.43352087,44.221514757
399335542.981734,240510_001910511.jpg,488892.487,7039090.827,441.852,0.742193804,4.482641895,3.592710789,-41.925972896,-174.269574794,0.328620814,42.05007909
399335543.455835,240510_001910986.jpg,488885.251,7039097.579,442.339,0.769101702,3.73569642,3.462326684,-39.567528428,-174.918312466,-0.283942025,39.693003153
399335543.929935,240510_001911461.jpg,488877.672,7039103.957,442.801,0.799268693,4.795688635,3.451962126,-36.764517832,-174.097078124,0.112715949,36.90320968
399335544.404035,240510_001911936.jpg,488869.801,7039110.006,443.264,0.826564597,4.581893681,3.298946604,-34.072400815,-174.360593446,-0.158300515,34.21214173
399335544.878135,240510_001912411.jpg,488861.661,7039115.729,443.699,0.849064344,3.986105079,3.080847564,-31.712362223,-174.992287298,-0.519677853,31.842284032
399335545.352236,240510_001912886.jpg,488853.29,7039121.124,444.142,0.867236391,3.216901134,3.235754474,-29.653382113,-175.604624767,-1.215024643,29.790871587
399335545.826336,240510_001913361.jpg,488844.714,7039126.249,444.581,0.877714511,2.840901212,3.223541044,-28.415043787,-175.967841026,-1.478532137,28.547035222
399335546.300436,240510_001913836.jpg,488836.014,7039131.226,444.995,0.883857624,2.530824492,3.143448139,-27.673238301,-176.298808794,-1.604398449,27.794531895
399335546.774537,240510_001914311.jpg,488827.213,7039136.082,445.383,0.886367687,3.243462232,2.964333023,-27.379788038,-175.757631445,-1.135845491,27.505792953
399335547.248637,240510_001914786.jpg,488818.4,7039140.939,445.769,0.888693769,3.142623431,3.173833002,-27.066056066,-175.758016048,-1.390966918,27.20464347
399335547.722737,240510_001915261.jpg,488809.544,7039145.751,446.19,0.884466942,3.501156534,3.143459331,-27.597803395,-175.442179496,-1.157982968,27.739961442
399335548.196837,240510_001915736.jpg,488800.786,7039150.706,446.625,0.886423785,1.848633409,3.64124903,-27.29722077,-176.685989879,-2.383780637,27.42496484
399335548.670938,240510_001916211.jpg,488791.945,7039155.541,447.043,0.888542829,2.375444999,3.130555088,-27.089731347,-176.459359385,-1.701532816,27.207249954
399335549.145038,240510_001916686.jpg,488783.142,7039160.37,447.467,0.89110978,1.446859387,3.30995413,-26.744295854,-177.217269059,-2.301883644,26.842042877
399335549.619138,240510_001917161.jpg,488774.289,7039165.099,447.872,0.892571972,1.922018271,2.780906396,-26.613340808,-177.03559483,-1.622831183,26.702010089
399335550.093239,240510_001917636.jpg,488765.469,7039169.761,448.269,0.894219003,2.826103746,2.391281812,-26.436959192,-176.405597581,-0.880390499,26.523591101
399335550.577739,240510_001918122.jpg,488756.549,7039174.453,448.684,0.896771422,3.100136347,3.211861095,-26.024034383,-175.805313435,-1.520556216,26.166647717
399335551.062239,240510_001918607.jpg,488747.656,7039179.052,449.143,0.896974421,3.605135006,3.007010519,-26.020249319,-175.442345714,-1.114908074,26.159255497
399335551.546739,240510_001919093.jpg,488738.889,7039183.656,449.59,0.89675838,2.729872455,3.035731156,-26.045395205,-176.214547929,-1.524551735,26.168128607
399335552.04174,240510_001919589.jpg,488730.067,7039188.293,450.003,0.898395024,1.90867983,2.854583047,-25.84983542,-177.037238308,-1.734134811,25.942265855
399335552.54874,240510_001920097.jpg,488721.153,7039192.864,450.396,0.902100327,2.234315925,2.673021346,-25.376198333,-176.83566181,-1.45492694,25.468539114
399335553.06614,240510_001920615.jpg,488712.193,7039197.375,450.778,0.905637053,2.233124755,2.784929628,-24.886915588,-176.802052053,-1.583636783,24.98543072
399335553.583541,240510_001921133.jpg,488703.329,7039201.741,451.17,0.912660888,2.048528254,2.621805832,-23.928428668,-177.063845715,-1.563221159,24.015399714
399335554.111641,240510_001921663.jpg,488694.357,7039205.897,451.533,0.923631848,2.479511737,2.61369888,-22.326432871,-176.713329599,-1.47284573,22.425282484
399335554.651541,240510_001922203.jpg,488685.238,7039209.787,451.909,0.93364248,3.333106263,2.437393948,-20.782586908,-176.019510087,-1.092230603,20.891481278
399335555.203442,240510_001922756.jpg,488676.003,7039213.477,452.246,0.944779305,3.030331961,2.140086633,-18.934588426,-176.439549202,-1.038237772,19.023495253
399335555.766142,240510_001923320.jpg,488666.619,7039216.877,452.485,0.958033736,2.55484296,1.477428005,-16.502087888,-177.13088683,-0.690060585,16.55235345
399335556.339442,240510_001923895.jpg,488657.049,7039219.789,452.641,0.972095816,3.129912067,1.150465993,-13.405047669,-176.689080553,-0.392904988,13.447876511
399335556.912743,240510_001924469.jpg,488647.459,7039222.098,452.769,0.986002151,3.712523682,0.774772102,-9.403414541,-176.211421161,-0.15764973,9.433786252
399335557.497043,240510_001925055.jpg,488637.666,7039223.765,452.83,0.995309037,3.261273095,0.298602754,-5.255025725,-176.725395515,0.000312131,5.263564561
399335558.081344,240510_001925640.jpg,488627.846,7039224.693,452.786,0.999350384,3.240172366,-0.02166604,-1.067130989,-176.761054589,0.080393294,1.064289431
399335558.665644,240510_001926226.jpg,488617.95,7039224.905,452.645,0.99825227,3.437914445,-0.713825368,2.80136699,-176.531545384,0.541663119,-2.839143616
399335559.249944,240510_001926811.jpg,488607.998,7039224.401,452.4,0.992359518,4.401267073,-1.450416701,6.710348181,-175.459839038,0.919721885,-6.80247599
399335559.834245,240510_001927397.jpg,488597.993,7039223.266,452.017,0.983748625,4.231704592,-1.944513711,10.0081588,-175.494963545,1.1717096,-10.126033652
399335560.407145,240510_001927971.jpg,488588.135,7039221.642,451.604,0.974162488,3.841988775,-1.927561208,12.792836417,-175.826963484,1.022240093,-12.894696217
399335560.968545,240510_001928533.jpg,488578.43,7039219.583,451.197,0.962815417,2.877726016,-1.862854644,15.46743602,-176.729783276,1.022891666,-15.543429869
399335561.529946,240510_001929095.jpg,488568.672,7039217.052,450.746,0.949891071,2.024524709,-2.371122535,17.981499762,-177.341739095,1.625283562,-18.061154579
399335562.081246,240510_001929648.jpg,488559.059,7039214.104,450.218,0.93948839,1.637709612,-2.731654685,19.779291445,-177.533501315,2.011104007,-19.861708915
399335562.622046,240510_001930190.jpg,488549.536,7039210.928,449.617,0.934273958,0.931819185,-3.145120237,20.589094914,-178.020136613,2.611479029,-20.659923527
399335563.152247,240510_001930721.jpg,488540.082,7039207.659,448.947,0.932113331,0.392759185,-3.137069734,20.940144839,-178.510622064,2.784888414,-20.987245071
399335563.672447,240510_001931242.jpg,488530.652,7039204.346,448.291,0.93024892,-0.233553239,-3.296517973,21.214583263,-179.023715116,3.153079753,-21.234911264
399335564.181847,240510_001931753.jpg,488521.312,7039200.951,447.646,0.928914372,0.523773047,-3.086683656,21.455114111,-178.382124633,2.676570369,-21.507158062
399335564.691247,240510_001932263.jpg,488511.826,7039197.465,446.984,0.927166976,1.044834894,-3.203764267,21.711593925,-177.842554306,2.584705914,-21.789604456
399335565.190048,240510_001932763.jpg,488502.404,7039194.025,446.367,0.926899411,0.304412725,-2.748028642,21.812307224,-178.695225818,2.434060724,-21.847458878
399335565.688848,240510_001933263.jpg,488492.879,7039190.519,445.825,0.927217474,0.103547535,-2.304629068,21.812021075,-179.046661479,2.097569978,-21.831675297
399335566.175848,240510_001933751.jpg,488483.548,7039187.077,445.388,0.927662726,0.101368043,-1.92602409,21.778166,-179.190442201,1.747734318,-21.792319723
399335566.662849,240510_001934239.jpg,488474.211,7039183.638,444.995,0.930189566,0.314306991,-1.708190825,21.401771372,-179.083231074,1.472691599,-21.418325041
399335567.149849,240510_001934726.jpg,488464.852,7039180.246,444.637,0.935935617,1.152506563,-1.186410685,20.514977007,-178.504316891,0.704682967,-20.536151568
399335567.636849,240510_001935214.jpg,488455.378,7039177.067,444.363,0.941202493,0.400314973,-0.887186742,19.650364982,-179.323774418,0.698673143,-19.657634672
399335568.123849,240510_001935702.jpg,488445.833,7039174.063,444.149,0.94640224,-0.967257386,0.050700155,18.76388123,179.069587531,0.261560364,-18.762204956
399335568.61085,240510_001936190.jpg,488436.188,7039171.162,444.02,0.951573393,-1.711770012,-0.111911269,17.819142599,178.406561676,0.628446519,-17.808767191
399335569.09785,240510_001936678.jpg,488426.495,7039168.37,443.891,0.954972215,-1.547372875,0.448021215,17.165712873,178.391473961,0.027458807,-17.171376135
399335569.58485,240510_001937166.jpg,488416.724,7039165.705,443.805,0.958942536,-2.152999201,0.360143043,16.37906616,177.835217238,0.260288326,-16.380922277
399335570.071851,240510_001937654.jpg,488406.898,7039163.169,443.752,0.961671978,-2.457739611,0.488594957,15.811389439,177.504717845,0.198464755,-15.81754657
399335570.558851,240510_001938142.jpg,488397.019,7039160.706,443.682,0.965181781,-2.744488159,0.279415292,15.060550909,177.279797497,0.441819843,-15.056769727
399335571.035351,240510_001938620.jpg,488387.328,7039158.352,443.633,0.965871577,-1.443142328,0.399478764,14.904939522,178.504739021,-0.016011779,-14.91018028
399335571.511852,240510_001939097.jpg,488377.593,7039156.074,443.579,0.967910163,-1.690598314,0.554468886,14.438614083,178.22677477,-0.116376532,-14.448587681
399335511.023515,240510_001838489.jpg,489192.976,7038505.496,443.784,0.719674439,2.834854924,-0.134581832,-43.943994425,-178.050884697,2.061172941,43.905676076
399335511.539716,240510_001839006.jpg,489185.861,7038512.722,443.653,0.715771045,2.918681897,-0.07546132,-44.26560489,-177.961239216,2.088241908,44.22659857
399335512.045316,240510_001839513.jpg,489178.858,7038519.924,443.524,0.715870615,2.541073176,-0.290379814,-44.256732384,-178.381247397,1.978404629,44.222417514
399335512.550916,240510_001840020.jpg,489171.769,7038527.187,443.349,0.717360613,2.434594208,-0.425880529,-44.13334308,-178.547637248,1.997978007,44.099046341
399335513.045516,240510_001840515.jpg,489164.742,7038534.36,443.131,0.718124118,2.373541801,-1.036635293,-44.062430845,-179.013060342,2.392133492,44.02044668
399335513.540117,240510_001841011.jpg,489157.66,7038541.575,442.849,0.717846068,2.449577636,-1.102779222,-44.084079774,-179.005222052,2.492799044,44.038959675
399335514.034717,240510_001841506.jpg,489150.525,7038548.825,442.587,0.721105487,2.526231249,-1.054783917,-43.815759562,-178.904996843,2.506526591,43.768648241
399335514.519117,240510_001841992.jpg,489143.489,7038555.955,442.305,0.722881632,1.939926227,-1.382270518,-43.661203238,-179.548590905,2.335942463,43.628688933
399335515.003517,240510_001842477.jpg,489136.434,7038563.046,441.984,0.722762206,1.924268118,-1.386947309,-43.671005904,-179.563552411,2.328598129,43.63893465
399335515.487918,240510_001842962.jpg,489129.441,7038570.175,441.637,0.721158461,0.352514396,-1.550093225,-43.799669893,179.183658161,1.36009056,43.804630252
399335515.972318,240510_001843448.jpg,489122.47,7038577.306,441.305,0.719855286,-0.602271201,-1.583786133,-43.906580172,178.47021865,0.720848253,43.924533176
399335516.456718,240510_001843933.jpg,489115.479,7038584.385,440.942,0.717512298,-0.283105168,-1.38851935,-44.105203775,178.832576606,0.797580538,44.116777061
399335516.941119,240510_001844418.jpg,489108.549,7038591.521,440.558,0.713012272,-0.463931078,-1.479070999,-44.472422329,178.635126518,0.727963563,44.487092689
399335517.435719,240510_001844914.jpg,489101.484,7038598.808,440.185,0.709602215,0.362346135,-1.367938647,-44.753633458,179.296244326,1.223986519,44.756864824
399335517.930319,240510_001845410.jpg,489094.512,7038606.177,439.809,0.705546065,-0.70635372,-1.427994815,-45.08156225,178.492534316,0.505753529,45.09702195
399335518.42492,240510_001845905.jpg,489087.624,7038613.603,439.485,0.689324918,-1.19479287,-1.38506535,-46.381532862,178.175771728,0.088292681,46.397369289
399335518.91952,240510_001846401.jpg,489080.935,7038621.196,439.131,0.662959365,-1.992151043,-1.787865375,-48.425291472,177.344036448,-0.306412978,48.449231445
399335519.41412,240510_001846896.jpg,489074.573,7038629,438.792,0.643068482,-3.274807809,-0.985027134,-49.949069458,177.141477284,-1.8738888,49.930403424
399335519.90872,240510_001847392.jpg,489068.407,7038636.946,438.495,0.612566944,-3.439866639,-0.959443408,-52.197382703,177.13599664,-2.130560743,52.172858495
399335520.403321,240510_001847887.jpg,489062.566,7038645.141,438.178,0.579574237,-3.628117909,-1.120285479,-54.552296868,176.985832451,-2.30661515,54.527008445
399335520.897921,240510_001848383.jpg,489057.015,7038653.586,437.843,0.548178233,-3.320940472,-1.331629831,-56.729944599,177.0678744,-2.04715501,56.7160789
399335521.392521,240510_001848879.jpg,489051.808,7038662.281,437.515,0.516409485,-3.883857775,-0.889242477,-58.887749292,177.233576503,-2.865788404,58.848615146
399335521.887122,240510_001849374.jpg,489046.868,7038671.203,437.189,0.482461012,-3.513419036,-1.077983823,-61.133203534,177.362110952,-2.556899311,61.107320469
399335522.371322,240510_001849859.jpg,489042.412,7038680.177,436.897,0.451168455,-4.314392757,-0.912146825,-63.163928255,177.23954711,-3.437641179,63.11535366
399335522.855522,240510_001850345.jpg,489038.155,7038689.315,436.604,0.416661486,-3.030187889,-1.183556681,-65.357966258,177.663426835,-2.261441109,65.343097751
399335523.339722,240510_001850830.jpg,489034.28,7038698.69,436.244,0.385864881,-3.115844014,-1.442785673,-67.283611564,177.468832259,-2.317746792,67.271587803
399335523.823923,240510_001851315.jpg,489030.708,7038708.235,435.855,0.354487831,-3.205258919,-1.244765998,-69.222530057,177.7017049,-2.555749844,69.206030537
399335524.296823,240510_001851789.jpg,489027.445,7038717.703,435.509,0.322949873,-1.854768201,-1.122461323,-71.145574507,178.340976471,-1.393564425,71.143556149
399335524.769723,240510_001852263.jpg,489024.517,7038727.341,435.202,0.298026609,-1.731356348,-1.166495524,-72.648707135,178.372874625,-1.305779723,72.647784355
399335525.242624,240510_001852736.jpg,489021.795,7038737.092,434.892,0.281570653,-1.250648123,-1.316075029,-73.633636975,178.38757449,-0.830470503,73.636325629
399335525.715524,240510_001853210.jpg,489019.198,7038746.929,434.551,0.27628812,-0.845490768,-1.593680448,-73.94704151,178.237585341,-0.373442346,73.953085167
399335526.178124,240510_001853674.jpg,489016.637,7038756.596,434.215,0.275287622,0.40356019,-1.701679645,-74.005846303,178.478119186,0.854636062,74.011278837
399335526.640724,240510_001854137.jpg,489014.081,7038766.293,433.873,0.26941889,1.648502324,-1.31300221,-74.358515162,179.182450305,1.938849717,74.35355858
399335527.103325,240510_001854601.jpg,489011.604,7038776.077,433.518,0.269406521,1.922344133,-1.495950461,-74.357999385,179.080309153,2.251700623,74.351092538
399335527.565925,240510_001855064.jpg,489009.137,7038785.909,433.159,0.268986522,1.438582027,-1.689104638,-74.381510605,178.76320312,1.837595451,74.380249795
399335528.028525,240510_001855528.jpg,489006.649,7038795.777,432.772,0.26789192,1.70698826,-1.632452849,-74.447137185,178.887619735,2.079456674,74.44312284
399335528.481026,240510_001855981.jpg,489004.182,7038805.481,432.4,0.267272133,2.211733067,-1.788506273,-74.482736712,178.871205059,2.606569295,74.474035144
399335528.933526,240510_001856435.jpg,489001.748,7038815.217,432.038,0.267262745,2.083167215,-1.358082448,-74.486571793,179.251040808,2.367675164,74.477472443
399335529.386026,240510_001856888.jpg,488999.302,7038824.989,431.731,0.266213315,2.185497682,-0.954456638,-74.551257716,179.664368103,2.357997597,74.540055603
399335529.838526,240510_001857341.jpg,488996.853,7038834.772,431.512,0.265674004,2.434169473,-0.783076446,-74.584048525,179.894267478,2.55188747,74.569859393
399335530.291027,240510_001857795.jpg,488994.443,7038844.526,431.326,0.266319738,2.090602608,-0.439743918,-74.546654287,-179.865108392,2.129588886,74.536189531
399335530.743527,240510_001858248.jpg,488992.038,7038854.251,431.155,0.265805005,1.753940728,-0.323171704,-74.577479067,-179.843581163,1.774315934,74.57016338
399335531.196027,240510_001858702.jpg,488989.693,7038863.927,431.032,0.264293467,0.736486169,-0.032585114,-74.667588587,-179.835442025,0.71703256,74.666372878
399335531.648527,240510_001859155.jpg,488987.327,7038873.523,431.024,0.26348835,0.963907611,0.561873773,-74.714683724,-179.203228511,0.779877053,74.713989846
399335532.111328,240510_001859619.jpg,488984.885,7038883.258,431.04,0.267264422,1.893434946,0.688700616,-74.489773904,-178.829540498,1.63811264,74.484423898
399335532.574128,240510_001900082.jpg,488982.456,7038892.945,431.08,0.270063892,1.681095689,0.577877241,-74.323500015,-178.988759114,1.460283963,74.319098081
399335533.036928,240510_001900546.jpg,488980.047,7038902.569,431.137,0.270219735,1.320481473,1.019910464,-74.312487698,-178.660862658,0.99369127,74.312612805
399335533.499729,240510_001901010.jpg,488977.578,7038912.128,431.273,0.274163278,2.35620623,1.18332351,-74.076615597,-178.215658193,1.938903662,74.070732071
399335533.973829,240510_001901485.jpg,488975.027,7038921.853,431.485,0.277860719,2.973843817,2.366993472,-73.845418297,-176.900595861,2.195942768,73.847352383
399335534.447929,240510_001901960.jpg,488972.504,7038931.61,431.793,0.280248482,2.31594704,2.055276937,-73.706261653,-177.378605797,1.644492236,73.710109697
399335534.922029,240510_001902435.jpg,488969.862,7038941.337,432.096,0.281889353,3.574040111,2.737374953,-73.599780814,-176.366981848,2.653861745,73.600885366
399335535.39613,240510_001902910.jpg,488967.219,7038951.123,432.465,0.286117379,4.144637705,2.619387533,-73.348334139,-176.304521779,3.218019783,73.339154679
399335535.87023,240510_001903385.jpg,488964.568,7038960.909,432.903,0.297225709,3.285701975,2.895900288,-72.677677171,-176.259578768,2.272914059,72.686388036
399335536.34433,240510_001903860.jpg,488961.712,7038970.628,433.379,0.308119735,4.517918674,3.902436853,-72.002103197,-174.897102703,3.090389898,72.018112972
399335536.818431,240510_001904335.jpg,488958.782,7038980.338,433.945,0.330204507,4.141167439,3.872579245,-70.663414328,-174.979285564,2.624978758,70.688148909
399335537.292531,240510_001904810.jpg,488955.583,7038989.947,434.559,0.353475917,4.667149518,4.806409267,-69.213225951,-173.857448972,2.659421166,69.266176712
399335537.766631,240510_001905285.jpg,488952.188,7038999.525,435.262,0.379722883,3.809056268,4.458969518,-67.60088566,-174.432019163,1.824155807,67.660277434
399335538.240731,240510_001905760.jpg,488948.493,7039008.991,435.93,0.410439072,3.532835911,4.53409122,-65.674331919,-174.419194223,1.35379649,65.748019261
399335538.714832,240510_001906235.jpg,488944.418,7039018.296,436.562,0.450263704,4.270455975,4.64290405,-63.130488219,-173.935578083,1.714512193,63.212608538
399335539.188932,240510_001906710.jpg,488939.938,7039027.406,437.226,0.486041897,4.721721254,4.601079148,-60.801002784,-173.688073898,1.881476689,60.886791252
399335539.663032,240510_001907185.jpg,488935.121,7039036.319,437.869,0.520549376,5.096894493,3.851647541,-58.535151623,-174.060694404,2.339693841,58.585050981
399335540.137133,240510_001907660.jpg,488929.972,7039044.934,438.477,0.558596633,5.728889392,4.071582627,-55.925129666,-173.425628163,2.468632893,55.986901037
399335540.611233,240510_001908135.jpg,488924.475,7039053.264,439.096,0.596960267,5.823831591,3.891013589,-53.228622081,-173.404606861,2.34072583,53.291523133
399335602.08417,240510_002009730.jpg,487742.858,7039196.664,432.961,0.969699018,3.859350919,1.979898132,13.895027036,-176.724847927,-2.843612173,-13.746986357
399335602.572971,240510_002010220.jpg,487732.92,7039194.409,433.134,0.962815445,3.108220057,1.226021272,15.529726371,-177.331602694,-2.011496,-15.449587214
399335603.050971,240510_002010699.jpg,487723.271,7039191.913,433.234,0.955676218,3.438493889,1.092897462,17.000447324,-177.02933829,-2.048286312,-16.91450797
399335603.528971,240510_002011178.jpg,487713.68,7039189.13,433.337,0.947766592,4.205224785,0.763048905,18.504408966,-176.252491669,-2.055577562,-18.409125647
399335604.006971,240510_002011657.jpg,487704.156,7039186.152,433.405,0.940658706,3.895150395,1.069743136,19.734406895,-176.692277019,-2.319190724,-19.631046239
399335604.484972,240510_002012135.jpg,487694.677,7039182.949,433.479,0.935867854,4.388532773,1.004510902,20.535553655,-176.239706722,-2.476342932,-20.41575376
399335604.962972,240510_002012614.jpg,487685.211,7039179.671,433.545,0.932159202,3.60703716,0.944015095,21.136029061,-176.973851731,-2.178952951,-21.048729821
399335605.440972,240510_002013093.jpg,487675.79,7039176.295,433.644,0.928435452,3.284684051,1.561065123,21.686498379,-177.521395208,-2.661510013,-21.584133032
399335605.918973,240510_002013572.jpg,487666.37,7039172.804,433.744,0.925567808,3.165180523,1.213287303,22.14793909,-177.523321753,-2.315001693,-22.064353255
399335606.396973,240510_002014051.jpg,487656.964,7039169.26,433.842,0.922088587,2.487335668,0.907714207,22.684744391,-178.053575645,-1.796052626,-22.634510775
399335606.874973,240510_002014530.jpg,487647.602,7039165.595,433.941,0.918198755,2.521979777,1.191605648,23.244072155,-178.150971902,-2.089044922,-23.184108045
399335607.352973,240510_002015009.jpg,487638.246,7039161.853,434.023,0.914850208,2.142919971,0.599071834,23.746899293,-178.27858107,-1.411286108,-23.714482981
399335607.830974,240510_002015488.jpg,487629.03,7039158.047,434.064,0.912169584,2.396394922,0.743416667,24.12187998,-178.115282206,-1.657449961,-24.079055185
399335608.308974,240510_002015967.jpg,487619.932,7039154.194,434.124,0.912452556,3.370218478,0.764198904,24.081542866,-177.233048004,-2.071343442,-24.009022585
399335608.797374,240510_002016456.jpg,487610.706,7039150.365,434.21,0.913780846,3.000597766,0.854132731,23.891368042,-177.600633307,-1.994997078,-23.827204513
399335609.285775,240510_002016946.jpg,487601.569,7039146.619,434.309,0.912650402,2.462741866,0.955169081,24.047308194,-178.138523692,-1.875055324,-23.996297875
399335609.784875,240510_002017446.jpg,487592.351,7039142.787,434.402,0.912456139,2.359777245,0.846244948,24.078454963,-178.189286011,-1.734853697,-24.033595219
399335610.283975,240510_002017946.jpg,487583.241,7039138.989,434.497,0.912967716,2.456619478,0.649066371,24.012243608,-178.018806995,-1.592238565,-23.970784862
399335610.793576,240510_002018457.jpg,487574.034,7039135.212,434.572,0.913779731,1.620809898,0.728384755,23.895440164,-178.811860707,-1.322655197,-23.871409184
399335611.303176,240510_002018967.jpg,487564.926,7039131.485,434.628,0.914804419,1.377187241,0.750077508,23.749366768,-179.040193104,-1.241473101,-23.729938069
399335611.824776,240510_002019490.jpg,487555.719,7039127.686,434.689,0.915315441,2.036708054,0.68659531,23.678333974,-178.40921714,-1.446682306,-23.646032937
399335612.346377,240510_002020012.jpg,487546.606,7039123.973,434.748,0.915799724,2.033443239,0.903085023,23.602236469,-178.496742772,-1.641383932,-23.564658313
399335612.879477,240510_002020547.jpg,487537.386,7039120.242,434.821,0.916650308,1.824283282,0.924804651,23.479347283,-178.693736303,-1.574878603,-23.446651
399335613.422777,240510_002021091.jpg,487528.08,7039116.512,434.897,0.91698799,1.402274046,0.768831848,23.436026226,-179.017848794,-1.263362113,-23.415773445
399335613.966078,240510_002021635.jpg,487518.892,7039112.804,434.973,0.91385649,1.106299085,0.615226055,23.887565048,-179.236304996,-1.011032248,-23.874876376
399335614.520478,240510_002022191.jpg,487509.663,7039108.976,435.013,0.910307208,1.124990749,0.65611529,24.384149361,-179.244918251,-1.062512232,-24.370694608
399335615.074878,240510_002022746.jpg,487500.565,7039105.138,435.069,0.910288563,0.90190052,0.889027908,24.379809179,-179.54400409,-1.182385538,-24.368085578
399335615.639479,240510_002023312.jpg,487491.393,7039101.331,435.159,0.912031701,0.038329551,1.29876444,24.119109453,179.506089891,-1.201249471,-24.123807841
399335616.214479,240510_002023888.jpg,487482.143,7039097.54,435.293,0.915279442,-0.508963574,1.042638965,23.671212077,179.117215222,-0.751049185,-23.681592376
399335616.789479,240510_002024464.jpg,487472.981,7039093.858,435.395,0.918931259,-0.806659985,0.874645055,23.150768052,178.91648678,-0.487715245,-23.161507761
399335617.37498,240510_002025051.jpg,487463.668,7039090.223,435.458,0.925785825,-0.913922983,0.843816898,22.131044388,178.837613079,-0.438010944,-22.142189623
399335617.96048,240510_002025638.jpg,487454.286,7039086.797,435.535,0.937911258,-0.862596431,1.316708155,20.181713475,178.73818248,-0.938393964,-20.20190407
399335618.54598,240510_002026224.jpg,487444.676,7039083.731,435.641,0.951649162,-1.521511647,1.356510118,17.755471436,178.139616087,-0.827752809,-17.786860731
399335619.119581,240510_002026799.jpg,487434.999,7039081.098,435.733,0.96438226,-2.19147333,0.876218054,15.214131973,177.658039062,-0.270712553,-15.23639047
399335619.681381,240510_002027362.jpg,487425.316,7039078.857,435.788,0.973625943,-1.56202146,1.000356886,13.034224166,178.254874971,-0.622528438,-13.057302643
399335620.233081,240510_002027915.jpg,487415.502,7039076.935,435.828,0.979396069,-1.261055769,1.252189062,11.451257332,178.517486788,-0.976873283,-11.477623746
399335620.774182,240510_002028457.jpg,487405.576,7039075.297,435.878,0.986724134,-0.788512775,1.233529524,9.097650153,179.028176953,-1.093443739,-9.115362602
399335621.304582,240510_002028988.jpg,487395.58,7039074.073,435.955,0.992076552,-0.468483637,1.61434399,6.812077609,179.344954,-1.547152756,-6.827456616
399335621.820182,240510_002029505.jpg,487385.625,7039073.287,436.059,0.996026422,-0.738195929,1.85276381,4.424835009,179.122568789,-1.78972619,-4.45039709
399335622.330623,240510_002030016.jpg,487375.552,7039072.887,436.157,0.998512416,-0.616099635,1.1317642,2.31997529,179.340236219,-1.106108502,-2.332385009
399335622.832223,240510_002030519.jpg,487365.496,7039072.866,436.253,0.999228224,-0.711011574,1.364340832,0.312779637,179.283124775,-1.360383131,-0.329701177
399335623.323123,240510_002031011.jpg,487355.496,7039073.154,436.332,0.999103423,-0.705337469,1.352156323,-0.975106353,179.319325171,-1.363917917,0.958735181
399335623.814023,240510_002031503.jpg,487345.379,7039073.633,436.46,0.99858259,-0.520586588,1.956785025,-1.540451492,179.533549666,-1.969479243,1.523622866
399335624.294224,240510_002031984.jpg,487335.335,7039074.157,436.638,0.998229823,0.432327775,1.922632055,-2.19640827,-179.492877907,-1.904110873,2.212156767
399335624.774424,240510_002032465.jpg,487325.186,7039074.885,436.816,0.997783879,-0.353590415,2.157624692,-2.60721829,179.746227741,-2.170732904,2.595837046
399335625.241924,240510_002032933.jpg,487315.144,7039075.547,437.021,0.99824715,1.093473781,1.190163205,-2.643679727,-178.85170531,-1.138469339,2.666488925
399335625.709425,240510_002033402.jpg,487305.046,7039076.217,437.218,0.997837688,2.135305361,1.953801889,-2.698324168,-177.773600419,-1.849254949,2.770723048
399335626.165525,240510_002033859.jpg,487295.108,7039076.98,437.495,0.997101756,1.410095291,2.82286853,-2.823476489,-178.450195519,-2.747744001,2.895465293
399335626.621625,240510_002034316.jpg,487285.085,7039077.708,437.828,0.997195289,1.99890493,2.89247025,-2.637932559,-177.867237709,-2.794187808,2.740484781
399335627.077725,240510_002034773.jpg,487274.999,7039078.385,438.19,0.9971221,2.702634129,3.276180808,-2.252416211,-177.166402581,-3.161934912,2.407987671
399335627.533826,240510_002035230.jpg,487264.87,7039079.035,438.629,0.996835572,2.728311009,3.633458538,-2.118931065,-177.133849102,-3.523753431,2.293711984
399335627.989926,240510_002035687.jpg,487254.709,7039079.719,439.126,0.9964111,1.977813504,3.939723084,-2.228017586,-177.865439215,-3.854974607,2.367966629
399335628.435726,240510_002036134.jpg,487244.719,7039080.355,439.61,0.996691384,2.490878005,3.618196381,-2.355598048,-177.357530321,-3.507122423,2.51525098
399335628.881527,240510_002036580.jpg,487234.7,7039081.034,440.08,0.997147585,2.359778203,3.189953187,-2.336956975,-177.508353092,-3.086604455,2.469868111
399335629.327327,240510_002037027.jpg,487224.691,7039081.695,440.53,0.996920331,2.563558394,3.387423696,-2.378597037,-177.293625791,-3.272742673,2.531791038
399335629.773127,240510_002037474.jpg,487214.691,7039082.403,441,0.996804405,2.012730035,3.45171159,-2.445532796,-177.837835255,-3.358515662,2.569646272
399335630.218927,240510_002037920.jpg,487204.71,7039083.074,441.444,0.996942132,2.45424789,3.2429213,-2.543891998,-177.400288008,-3.125987367,2.684375291
399335630.664728,240510_002038367.jpg,487194.791,7039083.779,441.898,0.99686073,2.329759498,3.306325783,-2.567391007,-177.520493589,-3.194013745,2.703834973
399335631.110528,240510_002038814.jpg,487184.934,7039084.498,442.349,0.99682071,2.039477395,3.290341837,-2.638160477,-177.807578397,-3.189014677,2.757843903
399335631.566528,240510_002039271.jpg,487174.917,7039085.2,442.8,0.997075754,2.422068591,3.090856698,-2.560021053,-177.438731233,-2.975151443,2.691952295
399335632.022529,240510_002039727.jpg,487164.965,7039085.909,443.192,0.997510618,2.204314898,2.662784628,-2.480846921,-177.679916758,-2.561672165,2.584018301
399335632.478529,240510_002040184.jpg,487155.082,7039086.589,443.547,0.99766833,2.3388711,2.42433564,-2.51584682,-177.554757736,-2.316327114,2.614833316
399335571.988352,240510_001939575.jpg,488367.81,7039153.861,443.507,0.969981962,-1.489228011,0.301408938,13.961957594,178.484120506,0.065532908,-13.965014609
399335572.464852,240510_001940052.jpg,488358.006,7039151.671,443.438,0.970204995,-0.428133877,0.317803926,13.908513735,179.509606537,-0.206767978,-13.91058562
399335572.941352,240510_001940529.jpg,488348.184,7039149.434,443.363,0.97121751,1.410877121,0.087910196,13.668324854,-178.649142093,-0.419961212,-13.662286578
399335573.417853,240510_001941007.jpg,488338.327,7039147.344,443.311,0.973219376,1.267321848,0.054210091,13.174108399,-178.777630158,-0.342841267,-13.169848192
399335573.894353,240510_001941484.jpg,488328.457,7039145.337,443.285,0.974557483,1.120390371,0.231789619,12.831263715,-178.95818465,-0.475872892,-12.824663496
399335574.370853,240510_001941962.jpg,488318.628,7039143.382,443.248,0.975614654,1.131859767,0.232292758,12.555463869,-178.944830798,-0.473839248,-12.548798356
399335574.847354,240510_001942439.jpg,488308.846,7039141.499,443.197,0.975629512,0.538873674,0.376789334,12.548089062,-179.554695822,-0.485883765,-12.544420311
399335575.323854,240510_001942917.jpg,488299.078,7039139.623,443.139,0.975943072,0.196628142,-0.063998637,12.470564171,-179.792976146,0.01855207,-12.470717979
399335575.800354,240510_001943394.jpg,488289.345,7039137.7,443.094,0.976492976,1.257670671,0.114260147,12.323364582,-178.794912034,-0.381207318,-12.318095881
399335576.276854,240510_001943872.jpg,488279.595,7039135.86,442.996,0.976728025,0.479488116,-0.008436295,12.260611182,-179.528558728,-0.094973091,-12.26026108
399335576.753355,240510_001944349.jpg,488269.825,7039134.027,442.883,0.976865354,0.324202673,-0.657287802,12.206152811,-179.543094792,0.571857852,-12.210324042
399335577.229855,240510_001944826.jpg,488260.102,7039132.167,442.749,0.975946341,0.451290376,0.207051631,12.468162508,-179.602891883,-0.300788351,-12.466302627
399335577.706355,240510_001945304.jpg,488250.345,7039130.269,442.567,0.975293557,0.458322562,-0.773049239,12.618821717,-179.382875205,0.652119047,-12.62545932
399335578.182856,240510_001945781.jpg,488240.615,7039128.368,442.374,0.974871111,0.120593552,-0.941703316,12.718057742,-179.673939944,0.889754861,-12.721627887
399335578.659356,240510_001946259.jpg,488230.935,7039126.49,442.156,0.975754469,-0.462339387,-0.556865016,12.508599723,179.670648374,0.641779092,-12.504549415
399335579.135856,240510_001946736.jpg,488221.215,7039124.64,441.89,0.976472118,-1.001397038,-1.078033705,12.28319754,179.252245754,1.263741645,-12.265607557
399335579.612357,240510_001947214.jpg,488211.523,7039122.777,441.604,0.978368833,-0.586094642,-0.376172154,11.803724531,179.504759403,0.486259993,-11.79973245
399335580.099857,240510_001947702.jpg,488201.528,7039121.013,441.294,0.979095201,-1.562577162,-1.18852809,11.544376494,178.708268156,1.474134072,-11.511646431
399335580.587357,240510_001948191.jpg,488191.531,7039119.355,440.925,0.981450125,-2.93600059,-1.669680498,10.786340409,177.4288215,2.184326782,-10.694690575
399335581.074857,240510_001948679.jpg,488181.537,7039117.778,440.487,0.984916832,-2.593412876,-1.94000079,9.616502671,177.767397106,2.34073278,-9.527144106
399335581.562358,240510_001949167.jpg,488171.517,7039116.416,440.02,0.98943554,-2.017431998,-1.991973659,7.903071799,178.276244955,2.245936139,-7.834360406
399335582.049858,240510_001949656.jpg,488161.436,7039115.417,439.553,0.993766579,-2.433016178,-2.301942625,5.709456174,177.808114894,2.52695103,-5.612408483
399335582.537358,240510_001950144.jpg,488151.306,7039114.831,439.036,0.996811644,-2.950535222,-2.664937435,3.279964477,177.205900293,2.821978613,-3.142716643
399335583.024859,240510_001950633.jpg,488141.144,7039114.633,438.444,0.998272309,-2.39252498,-2.821440074,0.541473918,177.633773078,2.837406055,-0.42414824
399335583.512359,240510_001951121.jpg,488130.949,7039114.969,437.856,0.997460297,-2.829617521,-3.021018483,-2.114364894,177.059887756,2.906584597,2.263360904
399335583.989359,240510_001951599.jpg,488120.981,7039115.78,437.237,0.994681564,-3.148135464,-2.555985467,-5.03464301,176.640172364,2.262222491,5.17102942
399335584.466359,240510_001952077.jpg,488110.966,7039117.069,436.631,0.989876815,-3.374270399,-2.972455356,-7.397254125,176.270959195,2.503939886,7.566097248
399335584.94336,240510_001952555.jpg,488100.911,7039118.721,435.937,0.984160378,-2.372364541,-3.572682923,-9.411175999,177.074272432,3.12850829,9.564855388
399335585.40976,240510_001953022.jpg,488091.073,7039120.737,435.275,0.97809715,-2.876343804,-3.814538182,-11.266486502,176.432104671,3.168811795,11.460738281
399335585.87616,240510_001953490.jpg,488081.207,7039123.048,434.497,0.971917703,-2.286568054,-3.744471588,-12.978537721,176.929884095,3.12689578,13.136881097
399335586.332161,240510_001953947.jpg,488071.528,7039125.608,433.684,0.966369607,-2.082273882,-4.16713756,-14.214030299,176.956353236,3.519433407,14.383092848
399335586.788161,240510_001954404.jpg,488061.838,7039128.401,432.879,0.96080097,-1.90817906,-4.52901433,-15.364136467,176.957319624,3.852368825,15.541718685
399335587.244161,240510_001954861.jpg,488052.127,7039131.373,432.08,0.956911147,-1.042430747,-4.442538672,-16.210219105,177.757352351,3.967872852,16.32818356
399335587.689861,240510_001955307.jpg,488042.627,7039134.393,431.337,0.95659904,-0.140192052,-3.496050754,-16.497446615,178.873810107,3.307534586,16.534163293
399335588.135562,240510_001955754.jpg,488033.1,7039137.447,430.664,0.958032875,0.849572853,-2.455997144,-16.389635204,-179.875950525,2.592079786,16.368609894
399335588.581262,240510_001956200.jpg,488023.511,7039140.49,430.135,0.958316177,1.809495368,-2.258565331,-16.359611931,-178.897334697,2.672353266,16.298255972
399335589.026962,240510_001956647.jpg,488013.928,7039143.566,429.688,0.957658917,2.173632484,-1.783919946,-16.549336506,-178.422252177,2.324837077,16.483526885
399335589.472663,240510_001957093.jpg,488004.349,7039146.691,429.281,0.958873137,1.759455703,-1.804589582,-16.300883868,-178.815724656,2.222002487,16.250239106
399335589.918363,240510_001957540.jpg,487994.771,7039149.69,428.929,0.960309253,3.092718332,-0.957464825,-16.075718725,-177.291889425,1.772233074,16.008049272
399335590.364063,240510_001957987.jpg,487985.183,7039152.713,428.676,0.960864562,2.828106737,-0.975697141,-15.959280261,-177.547768586,1.711789478,15.898619686
399335590.809763,240510_001958433.jpg,487975.61,7039155.706,428.49,0.960408574,3.136420367,-0.53320888,-16.074261247,-177.133027626,1.377414764,16.025260043
399335591.255464,240510_001958880.jpg,487966.059,7039158.69,428.285,0.960001756,3.729893599,0.482879737,-16.159714872,-176.283573459,0.573100202,16.15690229
399335591.701164,240510_001959326.jpg,487956.552,7039161.685,428.347,0.959857344,3.940130638,1.42013621,-16.1356737,-175.821425027,-0.267307299,16.194313609
399335592.146864,240510_001959773.jpg,487947.076,7039164.746,428.486,0.959023695,2.722326003,1.141050838,-16.328108913,-177.066901736,-0.32939003,16.363697731
399335592.592564,240510_002000220.jpg,487937.68,7039167.809,428.616,0.957800306,1.935610942,1.515679115,-16.546549641,-177.712579752,-0.901092585,16.590186698
399335593.049365,240510_002000677.jpg,487928.129,7039170.929,428.821,0.95698841,1.745724737,2.343507429,-16.616061617,-177.656117047,-1.744636889,16.687507648
399335593.506165,240510_002001135.jpg,487918.597,7039173.989,429.08,0.959423339,2.534314061,1.912515996,-16.175652832,-177.033031541,-1.128948235,16.247235076
399335593.962965,240510_002001593.jpg,487909.104,7039176.934,429.324,0.96220796,3.300838184,2.066658063,-15.572893437,-176.265651116,-1.101392367,15.668380723
399335594.419766,240510_002002050.jpg,487899.634,7039179.827,429.551,0.964734377,2.860332217,1.668247159,-15.071954538,-176.804354217,-0.865414821,15.137784741
399335594.876566,240510_002002508.jpg,487890.178,7039182.624,429.774,0.965493203,2.790822043,1.742074767,-14.895418405,-176.855134487,-0.964355851,14.96436686
399335595.333366,240510_002002966.jpg,487880.761,7039185.407,429.97,0.969006547,1.765663485,1.758723781,-14.088263209,-177.858714192,-1.275114738,14.139240877
399335595.801466,240510_002003435.jpg,487871.092,7039188.051,430.184,0.97220709,2.023885236,1.781371755,-13.310332305,-177.619793874,-1.266385211,13.36815145
399335596.269567,240510_002003904.jpg,487861.414,7039190.527,430.403,0.974807819,2.86936085,1.695190344,-12.657834313,-176.828795959,-1.02336223,12.728658776
399335596.737667,240510_002004373.jpg,487851.853,7039192.934,430.661,0.977560433,2.131505834,2.295197847,-11.816573401,-177.44254018,-1.807790964,11.899675419
399335597.216367,240510_002004852.jpg,487842.103,7039195.151,430.953,0.981818519,2.788120571,2.03504923,-10.610060578,-176.884162582,-1.484220205,10.699994722
399335597.695068,240510_002005332.jpg,487832.388,7039197.147,431.236,0.986678479,2.840830991,1.783472224,-9.02359674,-176.914075279,-1.313625125,9.10324554
399335598.173768,240510_002005812.jpg,487822.678,7039198.87,431.442,0.991774755,2.613036513,1.752414834,-6.92330983,-177.194013553,-1.422729177,6.998165642
399335598.662568,240510_002006302.jpg,487812.731,7039200.142,431.632,0.996227822,4.179596942,1.612907376,-4.368848164,-175.709357285,-1.285752253,4.475901383
399335599.151368,240510_002006791.jpg,487802.777,7039201.042,431.83,0.998590411,3.691454667,1.901399778,-1.593385947,-176.255710935,-1.793730952,1.713326889
399335599.640169,240510_002007281.jpg,487792.797,7039201.467,432.039,0.998851995,3.237540903,1.789750888,1.109815722,-176.796195116,-1.848928187,-1.007490353
399335600.128969,240510_002007771.jpg,487782.808,7039201.424,432.234,0.997248681,3.278750677,1.866759073,3.389804683,-176.835393434,-2.053847781,-3.279602766
399335600.617769,240510_002008261.jpg,487772.793,7039200.97,432.424,0.993086981,2.677170756,1.657397349,6.293834788,-177.518936574,-1.938821982,-6.213080654
399335601.10657,240510_002008750.jpg,487762.793,7039200.007,432.61,0.987197727,2.890757429,1.960444382,8.794424714,-177.440385946,-2.37635567,-8.691824822
399335601.59537,240510_002009240.jpg,487752.788,7039198.566,432.795,0.979162767,3.472132045,1.34368157,11.508363373,-176.863822891,-2.006653973,-11.412674287
399335632.946829,240510_002040654.jpg,487145.038,7039087.303,443.844,0.997952841,2.188050149,1.91134937,-2.584840008,-177.726529772,-1.808863578,2.657285415
399335633.415129,240510_002041123.jpg,487135.145,7039088.008,444.087,0.99808932,2.134019672,1.621759152,-2.608934783,-177.793236382,-1.521633646,2.668494749
399335633.89353,240510_002041602.jpg,487125.155,7039088.714,444.279,0.998234831,2.265021983,1.294532546,-2.608398763,-177.67759751,-1.189247991,2.658137864
399335634.37193,240510_002042082.jpg,487115.263,7039089.421,444.42,0.998617518,1.952100174,1.142496542,-2.158471243,-178.005428398,-1.067774862,2.19656417
399335634.86093,240510_002042571.jpg,487105.222,7039090.043,444.489,0.999193835,1.651505639,0.697250449,-1.300608375,-178.332332274,-0.659977092,1.320295939
399335635.349931,240510_002043061.jpg,487095.251,7039090.466,444.503,0.999480938,1.748080998,0.532904842,0.089146392,-178.252052218,-0.536190728,-0.072807914
399335635.838931,240510_002043551.jpg,487085.323,7039090.632,444.481,0.999053761,1.819128491,0.202411152,1.748689028,-178.187283262,-0.258821295,-1.741358641
399335636.327931,240510_002044041.jpg,487075.431,7039090.496,444.406,0.997616375,1.982914351,-0.214650525,3.535469099,-178.0071217,0.090392294,-3.540740956
399335636.816931,240510_002044531.jpg,487065.563,7039090.07,444.266,0.995415724,1.801554973,-0.490111306,5.17464633,-178.160996929,0.323702991,-5.18754238
399335637.305932,240510_002045021.jpg,487055.71,7039089.356,444.093,0.992614866,1.922263825,-0.87391742,6.68503722,-177.988500004,0.641699313,-6.710966255
399335637.794932,240510_002045511.jpg,487045.878,7039088.368,443.845,0.988979477,2.218887927,-1.130060587,8.254250646,-177.641387185,0.796763845,-8.292540773
399335638.283932,240510_002046001.jpg,487036.053,7039087.136,443.57,0.98460772,1.932403611,-1.238585574,9.834730029,-177.883845451,0.887307188,-9.872022136
399335638.772933,240510_002046491.jpg,487026.203,7039085.616,443.214,0.979490478,1.901106029,-1.697989163,11.367020202,-177.800746291,1.286288912,-11.419913231
399335639.261933,240510_002046981.jpg,487016.348,7039083.797,442.817,0.973524743,2.355742311,-2.150449271,12.922934094,-177.222123831,1.564173443,-13.005106285
399335639.750933,240510_002047471.jpg,487006.487,7039081.732,442.365,0.9670255,2.097362547,-2.396918273,14.458217973,-177.369497536,1.792266577,-14.543294771
399335640.239934,240510_002047961.jpg,486996.645,7039079.387,441.852,0.9602364,2.208974158,-2.714240407,15.894192095,-177.130805592,1.999664581,-15.996661818
399335640.728934,240510_002048451.jpg,486986.839,7039076.804,441.293,0.951749788,1.867166982,-2.972446262,17.544711155,-177.321993887,2.26550755,-17.646192539
399335641.217934,240510_002048941.jpg,486977.08,7039073.909,440.664,0.941934773,1.773078611,-3.445430927,19.250626154,-177.187828119,2.661625406,-19.369392637
399335641.696435,240510_002049421.jpg,486967.584,7039070.777,439.994,0.932332006,1.973920939,-3.445182332,20.85885057,-176.92670359,2.509615254,-20.985639202
399335642.174935,240510_002049900.jpg,486958.134,7039067.372,439.304,0.92199806,1.88444654,-3.459002813,22.464525958,-176.934949371,2.469692736,-22.587609638
399335642.653435,240510_002050379.jpg,486948.734,7039063.682,438.622,0.911148741,1.92830499,-3.375543904,24.053866687,-176.861777783,2.289836661,-24.173517757
399335643.131935,240510_002050859.jpg,486939.366,7039059.71,437.925,0.900332438,1.870985839,-3.431704155,25.527978815,-176.831328863,2.283776941,-25.647306919
399335643.599736,240510_002051328.jpg,486930.236,7039055.567,437.251,0.889949244,1.834273,-3.403892971,26.881657816,-176.823619503,2.200272872,-26.997281424
399335644.067536,240510_002051796.jpg,486921.159,7039051.184,436.613,0.87830897,1.721777464,-3.205321326,28.345571631,-176.961927372,1.99772349,-28.446836451
399335644.535336,240510_002052265.jpg,486912.157,7039046.551,436.023,0.866439041,1.677120658,-2.935226131,29.774498309,-177.086186229,1.709748136,-29.861059495
399335645.003137,240510_002052734.jpg,486903.233,7039041.658,435.482,0.854276031,1.898912842,-2.212899516,31.205180449,-177.229473192,0.904974371,-31.263818701
399335645.460037,240510_002053192.jpg,486894.566,7039036.654,435.004,0.839200441,1.392424337,-2.034038711,32.846542638,-177.726822101,0.950301597,-32.890203338
399335645.916937,240510_002053649.jpg,486886.033,7039031.365,434.581,0.822357544,1.602198588,-1.393107776,34.614804565,-177.889998307,0.233973329,-34.638656117
399335646.373837,240510_002054107.jpg,486877.623,7039025.786,434.227,0.802970843,1.338068393,-1.220090444,36.531211425,-178.198302453,0.18175987,-36.548380516
399335646.830738,240510_002054565.jpg,486869.367,7039019.92,433.922,0.786024897,1.117158275,-0.87377351,38.14147958,-178.581194963,-0.004490811,-38.149997435
399335647.287638,240510_002055023.jpg,486861.242,7039013.817,433.675,0.773726762,0.933922737,-0.797136569,39.270372608,-178.771766823,0.024280291,-39.27718396
399335647.744538,240510_002055481.jpg,486853.208,7039007.552,433.457,0.768472917,1.04563239,-0.753198336,39.744537296,-178.713815003,-0.091014165,-39.750440417
399335648.201438,240510_002055938.jpg,486845.192,7039001.231,433.244,0.770224739,1.074463828,-0.63795015,39.588895742,-178.764737816,-0.194599406,-39.592826821
399335648.647539,240510_002056385.jpg,486837.325,7038995.1,433.038,0.771108408,0.580654133,-0.594519975,39.509906202,-179.172854124,0.08767734,-39.513600561
399335649.093639,240510_002056832.jpg,486829.489,7038988.998,432.824,0.773846799,0.523538181,-0.462911713,39.264001535,-179.300656739,0.025563569,-39.266315817
399335649.539739,240510_002057279.jpg,486821.648,7038982.963,432.648,0.775937705,0.105803972,-0.368493524,39.075076943,-179.68434273,0.217837544,-39.076058241
399335649.98584,240510_002057726.jpg,486813.851,7038977.001,432.521,0.7786325,-0.126197577,0.281346313,38.829972313,179.72699871,-0.141171387,-38.830625935
399335650.44314,240510_002058185.jpg,486805.872,7038970.959,432.476,0.781348413,-0.43617577,0.18704213,38.581484824,179.544164499,0.124510401,-38.581713361
399335650.90044,240510_002058643.jpg,486797.945,7038965.009,432.473,0.785524374,-0.63304403,0.719885639,38.19065025,179.059527739,-0.175307324,-38.196045587
399335651.35774,240510_002059101.jpg,486790.046,7038959.174,432.538,0.790798594,-0.868961405,1.238079765,37.687481897,178.557959731,-0.448978596,-37.702466598
399335651.825041,240510_002059569.jpg,486781.973,7038953.33,432.663,0.80275246,-0.761737691,1.462889764,36.544590411,178.519479367,-0.721903258,-36.563576116
399335652.292341,240510_002100037.jpg,486773.838,7038947.718,432.854,0.820915516,-0.756169658,2.172914768,34.725134202,178.143282501,-1.35453217,-34.76131462
399335652.769941,240510_002100516.jpg,486765.37,7038942.316,433.092,0.839704104,-1.29217906,2.091131745,32.790052403,177.784034743,-1.057387789,-32.833969402
399335653.247542,240510_002100994.jpg,486756.808,7038937.219,433.354,0.860669731,-1.13738737,2.20688402,30.490253103,177.90271057,-1.323691204,-30.536270099
399335653.725142,240510_002101473.jpg,486748.122,7038932.572,433.626,0.883579651,-1.593805668,2.017601025,27.804343663,177.651855663,-1.040281191,-27.853612795
399335654.214042,240510_002101963.jpg,486739.162,7038928.302,433.88,0.906946427,-1.664140172,2.008465402,24.778757706,177.649948054,-1.125017775,-24.830888788
399335654.713243,240510_002102463.jpg,486729.916,7038924.498,434.13,0.928022075,-1.86469885,2.105536387,21.706894617,177.491333494,-1.265078259,-21.76873789
399335655.212443,240510_002102963.jpg,486720.582,7038921.232,434.373,0.946620213,-2.064135104,1.816093815,18.640295523,177.466301436,-1.059858579,-18.696345869
399335655.721843,240510_002103474.jpg,486711.013,7038918.441,434.562,0.96465057,-1.773850623,1.293764785,15.126278874,177.952490955,-0.785784634,-15.160285286
399335656.241343,240510_002103994.jpg,486701.221,7038916.255,434.681,0.979802245,-1.732581546,1.017590481,11.356638845,178.103369963,-0.656563311,-11.382848784
399335656.760844,240510_002104515.jpg,486691.414,7038914.739,434.747,0.9907454,-1.66787512,0.777839082,7.560902921,178.246608213,-0.551973065,-7.580643026
399335657.290444,240510_002105045.jpg,486681.431,7038913.882,434.746,0.997724083,-1.745357786,0.372224654,3.421793142,178.237892196,-0.268218204,-3.431584948
399335657.820044,240510_002105576.jpg,486671.503,7038913.785,434.707,0.999370313,-1.893476211,-0.367131811,-0.94712695,178.103111302,0.333967143,0.958678677
399335658.360245,240510_002106117.jpg,486661.505,7038914.414,434.549,0.995381058,-1.485650599,-0.370057441,-5.207552522,178.489144151,0.23200253,5.21537481
399335658.900445,240510_002106659.jpg,486651.637,7038915.811,434.361,0.98691714,-2.000910259,-0.781850545,-9.077660195,177.903320383,0.454075873,9.099557659
399335659.440645,240510_002107200.jpg,486641.915,7038917.84,434.105,0.974770851,-2.19468653,-1.235390506,-12.719990969,177.589797634,0.718796854,12.758682709
399335659.980846,240510_002107741.jpg,486632.316,7038920.452,433.78,0.957575807,-1.648386776,-1.436247908,-16.598768201,178.012461321,0.902534003,16.635004795
399335660.521046,240510_002108282.jpg,486622.89,7038923.761,433.423,0.936144011,-1.79337217,-1.722607934,-20.444848392,177.720487809,0.984271105,20.491299309
399335661.061246,240510_002108824.jpg,486613.66,7038927.719,432.999,0.910376877,-2.199864971,-2.060316295,-24.301167578,177.150153036,0.968301641,24.364696102
399335661.601447,240510_002109365.jpg,486604.672,7038932.315,432.512,0.878453674,-2.114148949,-2.742547564,-28.372780822,176.839418664,1.403170797,28.461967919
399335662.141647,240510_002109906.jpg,486596.015,7038937.541,431.925,0.843258146,-2.091551466,-3.072234292,-32.342166027,176.592386698,1.470955952,32.441875899
399335662.681848,240510_002110447.jpg,486587.704,7038943.378,431.282,0.801320641,-1.767904367,-3.356091305,-36.575367185,176.583382674,1.635985489,36.675836975
399335663.211948,240510_002110979.jpg,486579.953,7038949.727,430.595,0.758534327,-1.74523889,-3.552462061,-40.504868822,176.368915851,1.561671233,40.608384719
399335663.742048,240510_002111510.jpg,486572.594,7038956.625,429.882,0.714266191,-1.676813094,-3.688714155,-44.267881011,176.228073187,1.465159541,44.370026249
399335664.261349,240510_002112030.jpg,486565.807,7038963.888,429.164,0.668085348,-1.709443091,-3.561310008,-47.956742201,176.214546608,1.110222365,48.046491142
399335664.780649,240510_002112550.jpg,486559.455,7038971.627,428.457,0.618194584,-1.815734277,-3.654806734,-51.702528689,176.011056374,0.834913722,51.789454815
399335665.299949,240510_002113071.jpg,486553.576,7038979.817,427.748,0.562785207,-1.491549685,-3.739899521,-55.649764451,176.075321161,0.874090813,55.728359274
399335665.809149,240510_002113581.jpg,486548.365,7038988.28,427.035,0.50894082,-1.873519757,-3.482305934,-59.328109359,176.054381579,0.161032214,59.390550167
399335666.31835,240510_002114091.jpg,486543.652,7038997.117,426.327,0.45646071,-1.961453993,-3.571339011,-62.770040717,175.932525817,-0.113638122,62.827102056
399335666.82755,240510_002114601.jpg,486539.446,7039006.275,425.608,0.408243845,-2.186097887,-3.519325229,-65.844994001,175.90006454,-0.55773128,65.89213519
399335667.32575,240510_002115100.jpg,486535.758,7039015.493,424.903,0.364971424,-2.072243076,-3.597679103,-68.53928504,175.899403933,-0.615242751,68.582297003
399335667.823951,240510_002115600.jpg,486532.451,7039024.932,424.19,0.326697064,-1.592325405,-4.043590714,-70.872869624,175.663755019,-0.182711475,70.922152489
399335668.322151,240510_002116099.jpg,486529.503,7039034.546,423.472,0.308588723,-2.005360413,-3.761944788,-71.976946137,175.808113265,-0.745678768,72.015482954
399335668.820351,240510_002116598.jpg,486526.666,7039044.265,422.723,0.294828204,-1.572253929,-3.796793767,-72.80559328,175.913740566,-0.38228711,72.844063432
399335669.307352,240510_002117086.jpg,486523.981,7039053.863,422.007,0.290721469,-1.120449004,-3.720872496,-73.053912941,176.119320665,0.010031786,73.090668732
399335669.794352,240510_002117574.jpg,486521.32,7039063.533,421.285,0.288933749,-0.969996873,-3.558083017,-73.164367864,176.318440162,0.09951476,73.197723365
399335670.281352,240510_002118062.jpg,486518.638,7039073.272,420.557,0.288758119,-0.55518404,-3.829003285,-73.169626294,176.179125292,0.574312126,73.20739797
399335670.758253,240510_002118540.jpg,486515.993,7039082.853,419.84,0.289790866,-0.04348848,-3.472491498,-73.114527168,176.668871457,0.964224771,73.14396527
399335671.235153,240510_002119018.jpg,486513.334,7039092.507,419.148,0.288165067,0.209213485,-3.598029235,-73.209740254,176.620007107,1.236710436,73.23975862
399335671.712053,240510_002119496.jpg,486510.653,7039102.205,418.442,0.284196678,1.098931163,-3.585076855,-73.447911821,176.880372163,2.071538496,73.470087013
399335672.188953,240510_002119973.jpg,486508.04,7039111.981,417.757,0.279545295,1.097973299,-3.401362507,-73.729683044,177.046245283,2.003901833,73.748898867
399335672.655654,240510_002120441.jpg,486505.491,7039121.613,417.081,0.275026958,1.558418628,-3.775726755,-73.99306009,176.804188561,2.535721038,74.012626164
399335673.122354,240510_002120909.jpg,486502.971,7039131.279,416.385,0.277534947,1.741985219,-3.294226355,-73.85171979,177.323864398,2.586233977,73.862223278
399335673.589054,240510_002121376.jpg,486500.433,7039141.022,415.716,0.285329584,1.23671275,-3.848309076,-73.374928014,176.670217184,2.282612793,73.399904237
399335674.055755,240510_002121844.jpg,486497.726,7039150.725,415.009,0.303989133,1.931298439,-3.422856156,-72.261417379,177.331871325,2.878874668,72.270956945
399335674.522455,240510_002122311.jpg,486494.798,7039160.431,414.32,0.329883038,2.330190712,-3.713683635,-70.6868335,177.269564316,3.423400624,70.693117104
399335674.978955,240510_002122769.jpg,486491.683,7039169.874,413.619,0.355304953,2.309467552,-3.647839252,-69.133470343,177.417555329,3.453409165,69.137999008
399335675.435455,240510_002123226.jpg,486488.284,7039179.267,412.922,0.384725058,2.547517214,-3.940746011,-67.305571932,177.350769477,3.866359103,67.307593516
399335675.891956,240510_002123684.jpg,486484.556,7039188.553,412.234,0.415799415,2.940834104,-3.483357663,-65.369599273,178.063234479,4.120701883,65.35007911
399335676.348456,240510_002124141.jpg,486480.521,7039197.765,411.535,0.445692111,2.863155259,-3.487077412,-63.466124632,178.163251763,4.115002068,63.445175629
399335676.804956,240510_002124599.jpg,486476.176,7039206.878,410.841,0.477449298,2.533323292,-3.6167874,-61.404372091,178.040509948,3.951037729,61.39218231
399335677.261457,240510_002125056.jpg,486471.46,7039215.839,410.136,0.511808322,2.698216271,-3.434985489,-59.138253145,178.439406597,4.07378477,59.113048071
399335677.707757,240510_002125503.jpg,486466.512,7039224.462,409.448,0.541194136,2.539663585,-3.509743605,-57.148503317,178.432961405,4.032961065,57.126055122
399335678.154057,240510_002125950.jpg,486461.231,7039232.923,408.774,0.568648208,2.970119325,-3.476884101,-55.252427657,178.840609625,4.417310235,55.207194622
399335678.600357,240510_002126397.jpg,486455.685,7039241.237,408.129,0.59962424,2.549469227,-3.127806281,-53.072889395,179.035311458,3.91283222,53.036399668
399335679.046658,240510_002126845.jpg,486449.804,7039249.327,407.528,0.630280407,2.654886062,-2.470509156,-50.864159699,179.763424071,3.614370856,50.814518871
399335679.492958,240510_002127292.jpg,486443.604,7039257.201,407.048,0.656354541,2.808892838,-2.131307735,-48.919740021,-179.756702042,3.51360935,48.860161111
399335679.939258,240510_002127739.jpg,486437.16,7039264.862,406.625,0.683789815,2.663816279,-1.64039147,-46.812356193,-179.369539439,3.061056619,46.757486054
399335680.385559,240510_002128186.jpg,486430.435,7039272.253,406.293,0.708932965,2.926295518,-1.319433945,-44.809605319,-178.85044069,2.994441026,44.745968963
399335680.831859,240510_002128633.jpg,486423.494,7039279.382,406.037,0.734501867,2.893508173,-0.692589847,-42.701283666,-178.340911263,2.467888983,42.648143606
399335681.278159,240510_002129081.jpg,486416.327,7039286.232,405.851,0.761884124,2.589498555,-0.52377887,-40.335034133,-178.363324268,2.072363025,40.293669032
399335681.724459,240510_002129528.jpg,486408.937,7039292.71,405.736,0.789522272,2.573527053,0.380225864,-37.822923986,-177.733497123,1.275945736,37.806278291
399335682.18086,240510_002129985.jpg,486401.137,7039298.946,405.707,0.814437932,2.917891858,0.505655008,-35.427325766,-177.328985664,1.27761085,35.410473538
399335682.63726,240510_002130442.jpg,486393.191,7039304.8,405.721,0.835900483,2.890823553,1.510518318,-33.218943089,-176.754942057,0.320282341,33.248019553
399335683.09366,240510_002130900.jpg,486385.095,7039310.312,405.884,0.852542898,2.918477474,1.33397604,-31.441417499,-176.81492539,0.384241241,31.464755313
399335683.561561,240510_002131368.jpg,486376.749,7039315.617,406.085,0.866447069,2.994727767,1.780124023,-29.856838861,-176.517571191,-0.051823478,29.904978758
399335684.040761,240510_002131849.jpg,486368.187,7039320.742,406.378,0.878268847,3.023367973,2.220496654,-28.43701972,-176.285087614,-0.510458546,28.512200686
399335684.519961,240510_002132329.jpg,486359.636,7039325.581,406.64,0.888236944,3.194089158,2.499347667,-27.189550148,-176.01785827,-0.760172068,27.285686528
399335685.010961,240510_002132821.jpg,486350.959,7039330.292,407.031,0.894924096,2.75180042,3.059046586,-26.282543185,-176.178128346,-1.51977294,26.40675697
399335685.512462,240510_002133323.jpg,486342.18,7039334.866,407.522,0.899570201,2.82552284,3.125021233,-25.666238615,-176.099622715,-1.587958107,25.797413217
399335686.028062,240510_002133840.jpg,486333.329,7039339.376,407.956,0.902656561,2.743805239,2.339306688,-25.333390141,-176.519566087,-0.937632172,25.417934071
399335686.580163,240510_002134393.jpg,486324.34,7039343.941,408.41,0.904771483,1.795286181,2.672509607,-25.017098319,-177.242397896,-1.660220323,25.098979096
399335687.170163,240510_002134984.jpg,486315.319,7039348.409,408.894,0.906973082,1.900820057,2.615584988,-24.722357063,-177.179027392,-1.578519278,24.804660679
399335687.825863,240510_002135641.jpg,486306.195,7039352.876,409.384,0.909266042,1.87276856,2.466358217,-24.420426961,-177.274707206,-1.469385277,24.495735771
399335688.590264,240510_002136407.jpg,486296.846,7039357.381,409.858,0.917790874,1.524178929,2.262034861,-23.228708525,-177.706656941,-1.476090274,23.288391578
399335689.531464,240510_002137350.jpg,486287.074,7039361.538,410.332,0.959204968,0.198841945,2.5511147,-16.135475537,-179.098783808,-2.394228082,16.158810442
399335690.713565,240510_002138535.jpg,486276.965,7039363.734,410.862,0.996386733,-1.121748377,3.981183106,2.197345449,178.725615958,-3.9319426,-2.279888754
399335692.108866,240510_002139933.jpg,486267.216,7039361.572,411.567,0.816905667,0.134382897,4.371716267,34.948031783,177.606434713,-3.657239119,-35.019144254
399335693.391467,240510_002141218.jpg,486260.864,7039355.098,411.956,0.452505608,0.500603826,1.776297318,63.067828226,178.645731942,-1.251090332,-63.074804196
399335694.492768,240510_002142321.jpg,486257.251,7039346.638,412.071,0.281919822,0.85927972,1.103872074,73.614155333,179.185637766,-1.136356206,-73.613938085
399335695.470868,240510_002143301.jpg,486254.597,7039337.533,412.057,0.224667948,1.416769518,0.31597091,77.010242879,-179.987818024,-1.452074114,-77.00619766
399335696.357669,240510_002144190.jpg,486252.371,7039328.2,411.95,0.18461307,1.488401388,0.164708144,79.35632695,-179.885472768,-1.493752014,-79.352714013
399335697.175669,240510_002145009.jpg,486250.43,7039318.735,411.806,0.173628126,1.853506834,-0.053266117,79.996417816,-179.624253666,-1.816475113,-79.991350083
399335697.94707,240510_002145782.jpg,486248.495,7039309.177,411.674,0.171644428,1.687532791,0.253943373,80.111771399,-179.958777915,-1.706501717,-80.107437763
399335698.67877,240510_002146516.jpg,486246.505,7039299.568,411.549,0.182740637,0.829788767,-0.047482124,79.465559989,-179.80029783,-0.808003485,-79.464513476
399335699.38617,240510_002147224.jpg,486244.294,7039289.907,411.424,0.206890653,-0.436553986,0.420441676,78.053787635,179.500151483,0.338696191,-78.053897615
399335700.070871,240510_002147910.jpg,486241.833,7039280.313,411.39,0.244879128,-1.122581553,1.069464947,75.815998966,178.690616271,0.824803871,-75.81699252
399335700.744671,240510_002148586.jpg,486238.915,7039270.802,411.472,0.30210892,-2.020360057,1.576787708,72.400292728,177.889347224,1.44742741,-72.401321981
399335701.418472,240510_002149261.jpg,486235.319,7039261.444,411.676,0.385029647,-2.830161384,2.723955309,67.316179655,176.400338127,1.560072288,-67.334234296
399335702.092272,240510_002149936.jpg,486230.951,7039252.435,412.017,0.463934106,-2.427770419,2.932036319,62.3053401,176.280747997,0.787154395,-62.341703761
399335702.766073,240510_002150611.jpg,486225.94,7039243.915,412.426,0.529333617,-1.366976915,3.121109344,57.969684309,176.633333436,-0.495541012,-58.021301717
399335703.462773,240510_002151309.jpg,486220.298,7039235.668,412.874,0.582345352,0.182509036,3.088476334,54.305355675,177.601093221,-1.949241413,-54.341129178
399335704.181674,240510_002152029.jpg,486214.077,7039227.837,413.332,0.617512871,-0.621048648,2.952311274,51.784349092,177.299435693,-1.3374137,-51.831730474
399335704.938274,240510_002152787.jpg,486207.587,7039220.066,413.736,0.621015526,-0.285490686,2.629202334,51.540505638,177.766606286,-1.411091221,-51.574445784
399335705.716374,240510_002153567.jpg,486201.176,7039212.322,414.065,0.618799847,0.978390659,1.485775549,51.735074525,179.441630075,-1.688329523,-51.730584228
399335706.530275,240510_002154383.jpg,486194.694,7039204.478,414.279,0.615804575,1.151745305,0.763432418,51.964578772,-179.889850098,-1.377887189,-51.955578983
399335707.368376,240510_002155222.jpg,486188.326,7039196.621,414.49,0.610572864,2.606714153,1.270654911,52.337446301,-179.410194492,-2.839057041,-52.293927682
399335708.271276,240510_002156127.jpg,486181.893,7039188.591,414.66,0.604243507,3.331070678,0.710179501,52.801820182,-178.548685388,-3.081576065,-52.742156997
399335709.294977,240510_002157153.jpg,486175.472,7039180.386,414.775,0.565366472,2.925080538,0.648030371,55.551289878,-178.87719911,-2.778018513,-55.507543251
399335710.682478,240510_002158543.jpg,486169.15,7039171.006,414.866,0.51259141,4.015973098,0.222587738,59.147068572,-178.12815084,-3.560524,-59.081121149
399335713.80388,240510_002201671.jpg,486161.139,7039159.445,415.011,0.890285147,4.931877971,3.11243187,26.872019148,-176.993508006,-4.995099267,-26.606814198
399335716.369981,240510_002204242.jpg,486153.415,7039161.683,415.474,0.266925649,-0.498216444,2.192829357,-74.499488411,-178.020381941,-1.066494486,74.50835034
399335718.066582,240510_002205942.jpg,486155.742,7039169.353,415.356,-0.697673308,1.226737546,-0.623032304,-134.270157227,178.699881355,0.442299257,134.268526068
399335719.367483,240510_002207245.jpg,486162.845,7039175.471,415.174,-0.741477419,0.160320947,-0.018653415,-137.887188423,179.870103116,0.092381913,137.887246222
399335720.472684,240510_002208353.jpg,486170.081,7039181.838,415.016,-0.707151792,-0.753261699,-0.082924113,-135.030642431,-179.524386294,-0.591958132,135.033624744
399335721.471484,240510_002209353.jpg,486177.017,7039188.783,414.849,-0.657453584,-1.337407877,-0.167145032,-131.129666565,-179.244902579,-1.117936145,131.138964772
399335722.376785,240510_002210260.jpg,486183.502,7039196.116,414.65,-0.633546214,0.253122512,-0.818813935,-129.339080824,179.208393548,-0.324126509,129.33505527
399335723.238885,240510_002211124.jpg,486189.991,7039203.71,414.375,-0.628772667,0.957505642,-0.55123938,-128.983544947,178.971306233,0.396254139,128.98251107
399335724.039886,240510_002211927.jpg,486196.297,7039211.222,414.175,-0.622603004,1.852449431,-1.713028367,-128.548264825,177.509385917,0.380787311,128.528953641
399335724.817386,240510_002212706.jpg,486202.575,7039218.875,413.853,-0.610012455,3.039478747,-1.198163264,-127.620768295,177.198745998,1.674573991,127.630018651
399335725.569987,240510_002213460.jpg,486208.796,7039226.664,413.431,-0.591931546,3.082605447,-2.42323792,-126.351616597,176.226206148,1.046657252,126.321087253
399335726.311187,240510_002214203.jpg,486214.781,7039234.654,412.935,-0.565212474,4.124226952,-2.655828419,-124.477683642,175.481884662,1.896771667,124.457131683
399335727.042388,240510_002214935.jpg,486220.483,7039242.865,412.409,-0.514663962,4.011600682,-2.53982062,-121.024948697,175.761261868,2.128340896,121.015003689
399335727.773588,240510_002215668.jpg,486225.671,7039251.503,411.896,-0.453232229,4.004268969,-2.316165089,-116.988730423,176.123462971,2.515895937,116.993135895
399335728.504789,240510_002216401.jpg,486230.229,7039260.522,411.515,-0.385673089,3.919456894,-1.409007216,-112.704011742,177.189923781,3.069451772,112.731245091
399335729.235989,240510_002217133.jpg,486234.134,7039269.788,411.287,-0.321092458,3.443633464,0.102936195,-108.738158226,178.991872241,3.29115581,108.770222052
399335729.98949,240510_002217888.jpg,486237.437,7039279.427,411.278,-0.271469285,3.500510578,0.478523766,-105.759870781,179.51003198,3.495771126,105.789424797
399335730.78959,240510_002218690.jpg,486240.365,7039289.265,411.378,-0.229626448,2.516406512,1.183124363,-103.284314351,-179.426487443,2.718225179,103.296623471
399335731.642891,240510_002219545.jpg,486242.714,7039299.231,411.541,-0.161170035,2.631347185,1.084681625,-99.280889598,-179.353536362,2.769164942,99.290120559
399335732.642091,240510_002220546.jpg,486244.43,7039309.83,411.696,-0.092329156,2.695859729,0.798212684,-95.300628085,-179.453624642,2.755473767,95.306240772
399335734.018092,240510_002221925.jpg,486245.376,7039321.484,411.834,-0.032057993,4.365073952,0.533189874,-91.838045546,-179.606372954,4.376613052,91.843329104
399335740.571597,240510_002228491.jpg,486247.289,7039338.693,411.953,-0.174286851,3.2539266,0.013899824,-100.04192329,179.447378827,3.203687667,100.057796754
399336022.452203,240510_002710929.jpg,487453.31,7038844.849,428.149,0.868658917,5.369662137,-2.84519125,29.525029154,-173.929743456,-0.180873804,-29.648842445
399336029.005707,240510_002717496.jpg,487453.305,7038844.85,428.145,0.86864876,5.380492257,-2.840754359,29.526600432,-173.922523869,-0.190230634,-29.649965939
399336050.356235,240510_002738889.jpg,487450.268,7038855.583,428.419,-0.950542594,3.471896569,4.340798418,-162.501286988,177.985557204,5.173067807,162.723490963
399336051.811336,240510_002740347.jpg,487459.131,7038857.626,429.008,-0.966820106,1.698384396,5.541154431,-166.363794491,179.652760863,5.777850018,166.463122267
399336053.065537,240510_002741603.jpg,487468.316,7038859.718,429.708,-0.956950243,0.832008419,5.136828428,-163.99926736,-179.382773466,5.160977658,164.008462419
399336054.193338,240510_002742733.jpg,487477.586,7038862.327,430.312,-0.942232619,1.037543018,3.930468386,-160.890981683,-179.693331554,4.04842502,160.915486915
399336055.227538,240510_002743770.jpg,487486.857,7038865.384,430.749,-0.933119993,0.435998877,2.726380548,-159.166425409,-179.436841803,2.69936405,159.163368394
399336056.199439,240510_002744744.jpg,487496.131,7038868.737,431.003,-0.92035349,-0.435091015,1.977487674,-157.122242011,-178.829407044,1.649641701,157.097779945
399336057.136539,240510_002745683.jpg,487505.318,7038872.486,431.139,-0.903966413,-0.67113889,1.184516805,-154.767678799,-178.887153185,0.783083397,154.753072874
399336058.05854,240510_002746606.jpg,487514.391,7038876.745,431.164,-0.876386773,0.205131469,0.614953658,-151.26486471,-179.882949595,0.635964748,151.265263532
399336042.112714,240510_002730629.jpg,487452.899,7038844.62,428.111,0.879361195,5.429242346,-2.135626712,28.310894857,-174.210710178,-0.701574602,-28.376652904
399336045.838216,240510_002734362.jpg,487445.161,7038843.522,427.96,0.820077463,4.950945618,1.275546582,-34.848222779,-175.209122534,1.781293793,34.828889391
399336048.486592,240510_002737015.jpg,487442.999,7038850.86,428.102,-0.574937607,5.644102644,1.73068397,-125.132668952,178.158094925,5.603948261,125.307936634
399336089.956979,240510_002818568.jpg,487506.86,7039112.423,434.997,-0.920448228,1.41914106,0.947831074,-157.074136146,179.063534746,1.423125332,157.097419382
399336090.77578,240510_002819388.jpg,487515.738,7039115.959,434.943,-0.918545694,1.880431124,0.845280679,-156.791990711,178.606243919,1.515071757,156.824204728
399336091.52128,240510_002820135.jpg,487524.77,7039119.594,434.875,-0.917922074,2.400322021,0.5838944,-156.693878142,178.028171099,1.483031806,156.731557697
399336092.21858,240510_002820834.jpg,487533.966,7039123.286,434.802,-0.917276567,2.424628216,0.802857718,-156.606636906,178.094784733,1.696323177,156.651741578
399336092.871881,240510_002821488.jpg,487543.138,7039126.959,434.748,-0.915808569,2.009573367,1.026142978,-156.403715965,178.57038991,1.741617055,156.443340953
399336093.492281,240510_002822110.jpg,487552.348,7039130.708,434.696,-0.913725119,1.911813576,0.904529055,-156.102449818,178.61983306,1.598538969,156.136704968
399336094.080881,240510_002822700.jpg,487561.512,7039134.463,434.641,-0.912413616,1.295429565,0.558664046,-155.907657946,179.047058045,1.036592288,155.922534079
399336094.649282,240510_002823269.jpg,487570.691,7039138.304,434.589,-0.910714737,1.442864678,0.756301148,-155.675187178,178.998215222,1.281010117,155.695834992
399336095.195782,240510_002823817.jpg,487579.847,7039142.16,434.536,-0.911196898,1.573101698,0.555539324,-155.73728885,178.795756349,1.150549143,155.756944074
399336095.731282,240510_002824353.jpg,487589.105,7039146.017,434.465,-0.912797369,1.341285688,0.342640319,-155.957803686,178.916407244,0.857351473,155.969875151
399336096.245383,240510_002824868.jpg,487598.23,7039149.798,434.39,-0.912407625,1.3330477,0.043600216,-155.90077953,178.802858188,0.582405103,155.907343788
399336096.759483,240510_002825384.jpg,487607.556,7039153.695,434.284,-0.911767907,1.59545514,0.242709336,-155.812227096,178.645916314,0.873091072,155.825881332
399336097.261783,240510_002825887.jpg,487616.868,7039157.599,434.188,-0.911199109,1.786512478,0.490175992,-155.736271264,178.574423054,1.17863431,155.758515978
399336097.752184,240510_002826378.jpg,487626.138,7039161.519,434.09,-0.910748239,2.299388699,0.444873688,-155.672634861,178.089785276,1.349956005,155.704004882
399336098.231484,240510_002826858.jpg,487635.342,7039165.394,434.038,-0.911800199,2.191280619,0.786750648,-155.827603601,178.324388865,1.612046089,155.866136666
399336098.710784,240510_002827339.jpg,487644.733,7039169.25,434.018,-0.915124899,1.261518671,0.415517711,-156.288509598,179.013733329,0.885673033,156.30065653
399336099.179884,240510_002827809.jpg,487654.031,7039173.021,433.924,-0.919044799,1.23170003,0.358607017,-156.852752988,179.010118576,0.811920583,156.863574965
399336099.648985,240510_002828279.jpg,487663.447,7039176.707,433.866,-0.922533759,0.685832423,0.719283259,-157.375060846,179.64501964,0.925617786,157.382172755
399336100.118085,240510_002828749.jpg,487672.989,7039180.327,433.814,-0.926553131,-0.063540856,0.182074682,-157.971322482,-179.871512051,0.143433447,157.97103667
399336100.576785,240510_002829208.jpg,487682.369,7039183.767,433.75,-0.932517757,-0.527754343,0.374587846,-158.904033971,-179.371764323,0.157902796,158.901416187
399336101.035485,240510_002829668.jpg,487691.76,7039187.041,433.724,-0.938376336,-0.824578091,0.398680834,-159.858153057,-179.087681862,0.088736713,159.854554369
399336101.494186,240510_002830128.jpg,487701.155,7039190.119,433.675,-0.944320284,-1.56133734,0.22983912,-160.869515273,-178.448953812,-0.295890097,160.870379975
399336101.963486,240510_002830598.jpg,487710.764,7039193.082,433.613,-0.951705239,-1.876275265,0.345947802,-162.208142894,-178.107335086,-0.245401995,162.206525093
399336102.432786,240510_002831068.jpg,487720.446,7039195.805,433.535,-0.959856471,-2.30015306,-0.06166727,-163.803602769,-177.80787006,-0.701613612,163.818271964
399336102.902087,240510_002831538.jpg,487730.173,7039198.261,433.427,-0.967887507,-2.23151042,0.064053615,-165.545474189,-177.822751602,-0.496065997,165.553660302
399336103.371387,240510_002832009.jpg,487739.993,7039200.449,433.273,-0.976651942,-1.516931056,-0.474462908,-167.727483191,-178.617690185,-0.786664843,167.743270242
399336103.840687,240510_002832479.jpg,487749.885,7039202.223,433.073,-0.984077536,-1.524274751,-0.212404949,-169.915285128,-178.535723188,-0.476981497,169.924217781
399336104.309987,240510_002832949.jpg,487759.88,7039203.595,432.896,-0.989953049,-2.159797022,-0.414185161,-172.074155619,-177.917381294,-0.708545734,172.094863579
399336104.779288,240510_002833419.jpg,487769.934,7039204.612,432.707,-0.995006593,-2.016605757,-0.211028117,-174.552794634,-178.012047932,-0.402429758,174.563511474
399336105.248588,240510_002833889.jpg,487780.062,7039205.177,432.532,-0.998381751,-2.114259842,-0.396558239,-177.285661496,-177.90642562,-0.496903777,177.302085103
399336105.717888,240510_002834360.jpg,487790.257,7039205.216,432.347,-0.999273311,-3.102371506,-1.290387859,-179.968901431,-176.897640803,-1.29033631,-179.961176138
399336106.186788,240510_002834829.jpg,487800.427,7039204.843,432.139,-0.998408373,-2.264403043,-0.673634625,177.373956485,-177.706731202,-0.569466275,-177.349210478
399336106.655689,240510_002835299.jpg,487810.621,7039203.938,431.917,-0.995756301,-3.183762542,-0.358388077,175.034403395,-176.797337507,-0.08222456,-175.022101745
399336107.113589,240510_002835758.jpg,487820.618,7039202.714,431.671,-0.9916351,-2.742297631,-0.727096233,172.831836955,-177.188369667,-0.379371904,-172.80508258
399336107.571489,240510_002836217.jpg,487830.613,7039201.114,431.425,-0.988084089,-2.549513904,-0.746244019,171.353784184,-177.367177857,-0.354730002,-171.328986185
399336108.02939,240510_002836676.jpg,487840.647,7039199.282,431.145,-0.983845656,-1.707881733,-1.013469642,169.887594587,-178.140177278,-0.698003011,-169.861118993
399336108.48729,240510_002837135.jpg,487850.686,7039197.146,430.856,-0.97912956,-1.677180874,-1.072350075,168.454030225,-178.141608063,-0.715059399,-168.42669558
399336108.93319,240510_002837581.jpg,487860.469,7039194.863,430.559,-0.974715963,-0.539130088,-0.362989482,167.212194221,-179.39285435,-0.23574557,-167.209212213
399336109.37909,240510_002838028.jpg,487870.295,7039192.338,430.307,-0.970539856,-0.050642928,-0.90171765,166.1963865,-179.73451605,-0.86415173,-166.1939517
399336109.824991,240510_002838475.jpg,487880.107,7039189.587,430.09,-0.966740296,-0.506440761,-0.758771338,165.30330178,-179.316643313,-0.606176875,-165.296300119
399336110.260791,240510_002838912.jpg,487889.725,7039186.8,429.877,-0.963420237,0.594625178,-0.429588153,164.558516903,179.54271856,-0.573304322,-164.563017194
399336110.696591,240510_002839348.jpg,487899.372,7039183.869,429.633,-0.962045147,1.023538207,-0.635155846,164.271966606,179.188517169,-0.889417117,-164.283918472
399336111.132391,240510_002839785.jpg,487909.053,7039180.855,429.401,-0.962295484,0.831711245,-0.722338659,164.328675201,179.395791213,-0.920713317,-164.338748351
399336111.568192,240510_002840222.jpg,487918.801,7039177.823,429.13,-0.962009036,0.515060779,-0.917690993,164.277929623,179.754182817,-1.023392223,-164.284217513
399336112.003992,240510_002840658.jpg,487928.622,7039174.812,428.822,-0.961074258,1.562363157,-0.783694695,164.074362021,178.714223616,-1.182515016,-164.098294472
399336112.428692,240510_002841084.jpg,487938.238,7039171.833,428.594,-0.961721802,2.362406739,-0.378777597,164.195662983,177.832094414,-1.008168584,-164.222551798
399336112.853392,240510_002841509.jpg,487947.902,7039168.817,428.423,-0.961367225,2.224908208,0.06357339,164.116879439,177.844962018,-0.548820159,-164.125991836
399336113.278093,240510_002841935.jpg,487957.615,7039165.773,428.33,-0.960566686,2.163866445,0.115527739,163.950329757,177.890867065,-0.488377776,-163.957163952
399336113.702793,240510_002842360.jpg,487967.307,7039162.685,428.264,-0.959864715,1.758627728,1.362644719,163.860735159,177.934233446,0.817062563,-163.825164974
399336114.127493,240510_002842786.jpg,487977.053,7039159.641,428.417,-0.959774004,2.920668292,1.783714199,163.881924185,176.701795261,0.898038647,-163.810730926
399336114.552193,240510_002843211.jpg,487986.79,7039156.575,428.595,-0.960184976,3.445167069,2.251346348,164.024378201,176.071059413,1.20941216,-163.915367476
399336114.976894,240510_002843637.jpg,487996.532,7039153.521,428.854,-0.959151857,3.701974082,2.228810426,163.80741315,175.826405669,1.100907806,-163.695457681
399336115.401594,240510_002844063.jpg,488006.206,7039150.44,429.191,-0.957775888,3.724490315,2.963193728,163.639567347,175.593622268,1.784305079,-163.474799354
399336115.826294,240510_002844488.jpg,488015.844,7039147.323,429.606,-0.956185687,3.530549521,3.176138316,163.356692865,175.70910444,2.021856081,-163.183281038
399336116.250994,240510_002844914.jpg,488025.406,7039144.163,430.064,-0.956344996,2.893472599,3.556868435,163.463814119,176.21397436,2.576711156,-163.289016862
399336116.675695,240510_002845339.jpg,488034.941,7039141.08,430.569,-0.958604768,2.900399633,3.742158983,163.967126869,176.178394857,2.785451094,-163.779662833
399336117.100395,240510_002845765.jpg,488044.432,7039138.193,431.168,-0.959211281,4.877974237,4.770468191,164.364406791,174.012786664,3.255629166,-163.991254956
399336117.525095,240510_002846190.jpg,488053.847,7039135.254,431.891,-0.959622271,3.5414932,5.558016542,164.710141988,175.109369624,4.407792036,-164.350270921
399336117.959895,240510_002846626.jpg,488063.467,7039132.375,432.678,-0.96076432,4.056467848,5.176446755,164.828962116,174.723395254,3.913579304,-164.465544078
399336118.394696,240510_002847062.jpg,488072.992,7039129.544,433.462,-0.962906679,3.809735657,4.984061632,165.242551242,175.040452388,3.830657073,-164.9111286
399336118.839996,240510_002847508.jpg,488082.656,7039126.78,434.271,-0.96914217,3.734841715,5.096113355,166.765878634,175.19052935,4.087176849,-166.428309429
399336119.285296,240510_002847954.jpg,488092.305,7039124.294,435.013,-0.977881603,2.96522887,4.610466132,168.966474992,176.202404445,3.944842912,-168.716577043
399336058.95884,240510_002747508.jpg,487523.165,7038881.636,431.099,-0.836070542,1.055982245,-0.095921848,-146.768906166,179.066054079,0.496928734,146.772054725
399336059.838041,240510_002748389.jpg,487531.472,7038887.287,430.912,-0.769936981,1.440827052,-0.879370032,-140.389076701,178.33191981,0.240196184,140.38155316
399336060.717241,240510_002749270.jpg,487539.113,7038893.844,430.679,-0.691448244,1.250116402,-0.826778593,-133.776503926,178.540621946,0.329508261,133.771714398
399336061.596442,240510_002750151.jpg,487545.97,7038901.184,430.449,-0.609937163,0.628983512,-0.434589123,-127.607081816,179.273851456,0.231780156,127.606170221
399336062.462342,240510_002751019.jpg,487551.984,7038909.219,430.262,-0.523731583,0.647496553,-0.31301115,-121.600075325,179.39599003,0.386042078,121.600342141
399336063.318043,240510_002751876.jpg,487557.133,7038917.822,430.177,-0.420323969,-0.05393074,0.628133403,-114.869192865,-179.406524762,0.213665769,114.867743301
399336064.160143,240510_002752720.jpg,487561.179,7038926.944,430.239,-0.305808794,-0.213009093,1.609520962,-107.82280276,-178.402540229,0.28807384,107.815711598
399336065.002244,240510_002753564.jpg,487564.013,7038936.616,430.413,-0.169339904,0.333724988,2.003337924,-99.760123658,-178.082571018,0.666631071,99.75470873
399336065.832444,240510_002754395.jpg,487565.456,7038946.528,430.656,-0.03795552,0.974914722,1.92911611,-92.17747836,-178.109660674,1.04562455,92.176558342
399336066.651145,240510_002755216.jpg,487565.669,7038956.482,430.893,0.072888516,1.438116351,2.025624364,-85.815487052,-177.875400393,1.284631046,85.817012301
399336067.459545,240510_002756026.jpg,487564.829,7038966.369,431.139,0.178806641,1.208759999,2.106972077,-79.687763493,-177.711407728,0.810619924,79.693735698
399336068.255246,240510_002756823.jpg,487562.953,7038976.101,431.399,0.280540711,1.054744814,2.456551106,-73.684178261,-177.347149441,0.321247181,73.699294852
399336069.029546,240510_002757599.jpg,487560.121,7038985.533,431.696,0.377073116,0.507197177,2.592335043,-67.81253785,-177.408938674,-0.509606066,67.835499247
399336069.793147,240510_002758364.jpg,487556.324,7038994.662,432.026,0.468090488,0.250490421,2.727383374,-62.040761746,-177.474100237,-1.057268598,62.070012323
399336070.545747,240510_002759118.jpg,487551.624,7039003.362,432.357,0.551176767,0.145545762,2.628372156,-56.494391277,-177.728287035,-1.329186743,56.524081539
399336071.287347,240510_002759861.jpg,487546.264,7039011.611,432.675,0.586182771,0.106208707,2.422985061,-54.05663322,-177.97608833,-1.336006909,54.082484117
399336072.028948,240510_002800604.jpg,487540.617,7039019.71,432.971,0.604567434,-0.1346118,2.055889814,-52.753633439,-178.444716047,-1.351444351,52.769574899
399336072.770548,240510_002801347.jpg,487534.788,7039027.678,433.202,0.618109641,0.308749411,1.872930777,-51.776321988,-178.337484256,-0.916473627,51.794678488
399336073.512149,240510_002802090.jpg,487528.853,7039035.559,433.421,0.628197728,0.441184578,1.555508159,-51.043726422,-178.512790436,-0.63536614,51.057977781
399336074.264149,240510_002802844.jpg,487522.829,7039043.363,433.605,0.631133091,0.700363282,1.421353003,-50.829773441,-178.455512328,-0.355404561,50.843268564
399336075.03785,240510_002803619.jpg,487516.762,7039051.161,433.779,0.635330994,1.193623163,1.21159058,-50.522570677,-178.305823332,0.1501317,50.532993007
399336075.84895,240510_002804432.jpg,487510.611,7039058.996,433.947,0.632881061,1.811223667,1.064857106,-50.706703731,-178.028863523,0.726155595,50.711070064
399336076.758351,240510_002805343.jpg,487504.367,7039067.007,434.156,0.628934535,2.321867306,1.293913003,-50.994639001,-177.533551653,0.988774593,50.999595061
399336077.921351,240510_002806509.jpg,487497.818,7039075.57,434.434,0.626229426,2.196614312,1.46475514,-51.190643894,-177.482483716,0.792762673,51.201321299
399336084.35997,240510_002812960.jpg,487487.322,7039089.784,435.066,0.473037851,0.394790963,3.645378093,-61.691327452,-176.604348755,-1.379949554,61.744755401
399336086.404977,240510_002815009.jpg,487485.914,7039096.605,435.278,-0.248058743,1.945784125,-0.012974233,-104.369618872,179.506024995,1.879432746,104.377508591
399336087.876678,240510_002816483.jpg,487490.362,7039104.012,435.121,-0.742057534,3.196173224,0.379489705,-137.938414344,177.882071122,2.419506299,137.993673158
399336089.014779,240510_002817624.jpg,487498.123,7039108.869,435.03,-0.903068567,2.178135007,1.02935252,-154.640943894,178.473686206,1.859758423,154.685180383
399336153.855117,240510_002922592.jpg,488591.253,7039338.698,445.625,-0.233072279,1.443881539,-3.646540819,-103.512384166,176.122220522,0.551219927,103.485312806
399336154.401217,240510_002923139.jpg,488593.85,7039348.521,444.883,-0.230360094,1.977021395,-3.686347539,-103.352820202,175.962239428,1.071388409,103.327224796
399336154.925817,240510_002923665.jpg,488596.407,7039358.202,444.133,-0.229233045,2.06260147,-3.41784086,-103.282358854,176.204928289,1.221096541,103.261520894
399336155.439618,240510_002924180.jpg,488598.968,7039367.878,443.446,-0.228795383,1.833590833,-3.397596199,-103.256251618,176.277580296,1.004628309,103.234749667
399336155.942518,240510_002924684.jpg,488601.451,7039377.483,442.805,-0.222641504,2.267743238,-2.727838774,-102.885274971,176.839547626,1.600691444,102.875644898
399336156.445418,240510_002925188.jpg,488603.955,7039387.227,442.266,-0.222732152,2.203043336,-2.336758195,-102.886657856,177.234672303,1.624592292,102.881114392
399336156.948319,240510_002925691.jpg,488606.457,7039397.002,441.817,-0.225714118,2.398726956,-2.102085302,-103.060109189,177.413871131,1.859668646,103.058242787
399336157.451219,240510_002926195.jpg,488608.972,7039406.77,441.451,-0.23045649,2.90833056,-1.438717811,-103.334666671,177.932032716,2.495603036,103.343321113
399336157.954119,240510_002926699.jpg,488611.613,7039416.529,441.138,-0.235503623,2.007110118,-2.150535115,-103.63767956,177.440530447,1.441694575,103.632369325
399336158.45702,240510_002927203.jpg,488614.191,7039426.208,440.795,-0.23181177,2.718176472,-0.514379477,-103.410794479,178.870893329,2.522068956,103.423497533
399336158.95992,240510_002927707.jpg,488616.793,7039435.904,440.563,-0.227779494,2.093063344,-0.832935258,-103.174154403,178.714110747,1.845843596,103.179720106
399336159.46282,240510_002928211.jpg,488619.32,7039445.609,440.303,-0.230294165,2.311310115,-1.224945684,-103.3239235,178.277944597,1.964515479,103.328838213
399336159.96572,240510_002928715.jpg,488621.918,7039455.309,440.042,-0.234928766,1.86568332,-1.436238405,-103.598343851,178.168207226,1.473705734,103.5986212
399336160.468621,240510_002929219.jpg,488624.52,7039465.007,439.747,-0.23493995,2.112169614,-0.749446814,-103.59583958,178.777106249,1.874481622,103.602089948
399336160.971521,240510_002929723.jpg,488627.161,7039474.759,439.493,-0.234258365,1.823651035,-1.347227693,-103.558275231,178.265518911,1.454980135,103.558953696
399336161.474321,240510_002930226.jpg,488629.737,7039484.513,439.235,-0.23180699,2.499055759,-0.357151492,-103.410225275,179.074558797,2.345461077,103.421415979
399336161.966722,240510_002930720.jpg,488632.27,7039494.122,438.988,-0.228032817,2.765719821,-0.999025495,-103.189688056,178.398465697,2.462220792,103.200081443
399336162.459122,240510_002931213.jpg,488634.76,7039503.748,438.745,-0.225773223,3.082171986,-1.038126269,-103.056828229,178.294543067,2.765219344,103.0701644
399336162.951522,240510_002931706.jpg,488637.243,7039513.361,438.45,-0.218872998,2.483670271,-1.438402162,-102.652991065,178.055269388,2.105952053,102.657675622
399336163.443922,240510_002932200.jpg,488639.603,7039522.953,438.195,-0.204657178,2.801763864,-1.029366822,-101.817045392,178.420898374,2.528956712,101.826824826
399336163.936323,240510_002932693.jpg,488641.858,7039532.562,437.934,-0.194853003,2.492368939,-1.265124051,-101.244307539,178.27571086,2.195409749,101.249934545
399336164.438823,240510_002933197.jpg,488644.056,7039542.345,437.661,-0.190085166,2.363121078,-1.339238724,-100.966043323,178.238325108,2.062856468,100.970249798
399336164.941323,240510_002933700.jpg,488646.161,7039552.058,437.373,-0.190743351,3.086569505,-1.424625349,-101.004886581,178.01496652,2.755180795,101.014378818
399336165.455424,240510_002934215.jpg,488648.29,7039561.826,437.084,-0.195710834,3.52488938,-1.067251453,-101.293655419,178.265083093,3.244631999,101.31006995
399336165.980724,240510_002934742.jpg,488650.503,7039571.595,436.832,-0.201804013,3.618729275,-0.999181218,-101.649863585,178.292502635,3.339360337,101.668185162
399336166.518324,240510_002935280.jpg,488652.758,7039581.282,436.59,-0.208302864,3.701954664,-1.136631624,-102.0310985,178.118645878,3.38066207,102.050012932
399336167.076825,240510_002935840.jpg,488655.093,7039590.963,436.377,-0.215525532,3.634644859,-1.009305632,-102.454316389,178.232415044,3.328393985,102.473760408
399336167.671325,240510_002936436.jpg,488657.538,7039600.806,436.214,-0.222458118,3.634716444,-0.906776744,-102.861284693,178.308596402,3.338606629,102.881908538
399336168.322526,240510_002937088.jpg,488660.107,7039610.837,436.075,-0.226850117,3.390579695,-0.802577911,-103.119330161,178.450461404,3.11693351,103.137822392
399336169.031926,240510_002937799.jpg,488662.686,7039620.771,435.999,-0.234317247,3.509878256,-0.399021321,-103.558262124,178.790370523,3.315361303,103.581095184
399336169.845526,240510_002938614.jpg,488665.409,7039630.918,435.949,-0.242729701,4.204518332,-0.749561316,-104.055727415,178.252720974,3.893146286,104.087694894
399336170.811627,240510_002939582.jpg,488668.259,7039641.173,435.904,-0.24101112,3.614042265,-0.275702972,-103.953135673,178.861853882,3.437668872,103.978632631
399336172.229628,240510_002941003.jpg,488671.29,7039652.68,435.889,-0.157304023,1.964349636,-0.37089817,-99.054964357,179.326182473,1.879082954,99.059690998
399336175.90493,240510_002944686.jpg,488669.006,7039667.81,435.573,0.215368715,4.992847757,-0.706262977,-77.555893341,-179.609647762,5.02346162,77.508120362
399336182.458434,240510_002951252.jpg,488672.527,7039674.935,435.624,-0.990708405,2.023961452,2.738264617,-172.889175116,178.330024911,2.962078076,172.980535423
399336119.740696,240510_002848410.jpg,488102.181,7039122.238,435.706,-0.985868414,3.478691039,4.38809033,171.583512755,175.911440696,3.817371489,-171.314244437
399336120.196097,240510_002848866.jpg,488112.071,7039120.646,436.347,-0.991156024,3.995713228,4.654856048,174.211991029,175.547247548,4.210437434,-173.886184364
399336120.651497,240510_002849323.jpg,488121.993,7039119.502,436.945,-0.995356153,4.175101542,4.10577376,176.744042401,175.592192868,3.845637351,-176.446665139
399336121.106897,240510_002849779.jpg,488131.905,7039118.859,437.523,-0.996897498,5.506984745,4.130935162,179.510825669,174.44794896,4.059414,-179.115637747
399336121.562298,240510_002850235.jpg,488141.798,7039118.6,438.143,-0.995933371,4.43145276,4.25442797,-177.643456005,175.737632567,4.415196053,177.972083341
399336122.017698,240510_002850692.jpg,488151.683,7039118.832,438.758,-0.993699902,3.82892049,4.105279541,-175.361229756,176.507873233,4.387563451,175.631931035
399336122.473098,240510_002851148.jpg,488161.56,7039119.419,439.306,-0.990583618,2.862025314,3.664729665,-173.255988681,177.584268028,3.966512121,173.43092427
399336122.928498,240510_002851604.jpg,488171.415,7039120.428,439.803,-0.987360039,3.294552127,3.247282498,-171.655855371,177.207895918,3.681612358,171.838717166
399336123.383899,240510_002852061.jpg,488181.251,7039121.695,440.245,-0.983358594,3.456664187,3.356213938,-170.235294388,177.158059461,3.883785714,170.432648548
399336123.839299,240510_002852517.jpg,488191.084,7039123.178,440.714,-0.980907668,3.449034539,3.031112278,-169.341055329,177.167531149,3.607470844,169.521256098
399336124.294699,240510_002852973.jpg,488200.915,7039124.788,441.149,-0.978423258,2.903242028,2.647296602,-168.501934488,177.681085056,3.165876978,168.632879605
399336124.750099,240510_002853429.jpg,488210.721,7039126.556,441.466,-0.976721103,3.000197998,2.239738195,-167.940248169,177.533099311,2.810657681,168.059222309
399336125.2055,240510_002853886.jpg,488220.496,7039128.424,441.762,-0.975907453,3.43133838,1.899374909,-167.662575797,177.053185035,2.581946766,167.785692716
399336125.6609,240510_002854342.jpg,488230.245,7039130.298,442.04,-0.975168667,3.111649293,2.058267663,-167.490503883,177.407418582,2.677017287,167.606796541
399336126.1163,240510_002854798.jpg,488239.995,7039132.177,442.321,-0.97578079,2.578924343,1.75457001,-167.607638744,177.858113482,2.262242667,167.689266566
399336126.5717,240510_002855255.jpg,488249.736,7039133.988,442.546,-0.976232175,1.3835449,1.983770303,-167.763242074,179.069111357,2.228132953,167.805159969
399336127.027101,240510_002855711.jpg,488259.501,7039135.862,442.702,-0.976883625,2.235720165,1.247234425,-167.844133557,178.078300629,1.686352073,167.89663827
399336127.482501,240510_002856167.jpg,488269.249,7039137.721,442.833,-0.976127636,2.335382662,1.199365981,-167.635325351,177.976901396,1.667900937,167.689107146
399336127.937901,240510_002856624.jpg,488278.998,7039139.649,442.942,-0.976218406,3.39579275,0.756518825,-167.625226398,176.847002113,1.462629395,167.687802468
399336128.393302,240510_002857080.jpg,488288.745,7039141.546,443.005,-0.975624057,3.365605674,0.749990686,-167.466845312,176.879118935,1.458464649,167.528507487
399336128.848702,240510_002857536.jpg,488298.49,7039143.454,443.041,-0.975653968,3.207288767,0.990246726,-167.491151031,177.084735036,1.657049102,167.560921302
399336129.304102,240510_002857993.jpg,488308.244,7039145.356,443.09,-0.976166776,3.244472077,0.967840702,-167.625884616,177.039754068,1.636271815,167.695456781
399336129.759502,240510_002858449.jpg,488318.01,7039147.233,443.149,-0.975718325,2.931451519,0.496946486,-167.479408554,177.248096043,1.117603001,167.518892105
399336130.214903,240510_002858905.jpg,488327.728,7039149.158,443.189,-0.973995079,2.871110081,1.17736235,-167.074765347,177.46614994,1.785421412,167.143631268
399336130.670303,240510_002859361.jpg,488337.441,7039151.114,443.227,-0.972739134,2.29394864,1.045562512,-166.745842751,178.008296722,1.540176297,166.793444489
399336131.125703,240510_002859818.jpg,488347.118,7039153.161,443.275,-0.971325817,2.531439623,0.850168846,-166.383608943,177.741472916,1.4188428,166.43026549
399336131.581103,240510_002900274.jpg,488356.761,7039155.266,443.307,-0.969879164,2.682342931,0.77672777,-166.031500168,177.5861516,1.397844476,166.07904148
399336132.047304,240510_002900741.jpg,488366.578,7039157.495,443.348,-0.9685723,3.27698544,1.148369401,-165.748948875,177.107511209,1.914885749,165.830011421
399336132.513504,240510_002901208.jpg,488376.381,7039159.737,443.43,-0.967518461,3.232923108,0.904401134,-165.488679175,177.098211083,1.681362755,165.556674779
399336132.979704,240510_002901675.jpg,488386.124,7039162.054,443.445,-0.96502976,3.846335616,1.224176036,-164.951831892,176.603776952,2.174824288,165.057264456
399336133.445905,240510_002902143.jpg,488395.852,7039164.415,443.493,-0.96271914,3.508866808,0.823220297,-164.424067919,176.842393488,1.730700622,164.496874183
399336133.912105,240510_002902610.jpg,488405.513,7039166.899,443.544,-0.960488874,4.036760047,0.590749917,-163.944843946,176.285657453,1.679522816,164.020022119
399336134.388805,240510_002903087.jpg,488415.27,7039169.472,443.607,-0.957129405,3.895772736,0.791883841,-163.270646062,176.498199708,1.874779159,163.354772588
399336134.865505,240510_002903565.jpg,488424.881,7039172.119,443.716,-0.952462252,3.319449826,1.158664204,-162.384534843,177.187451138,2.103910911,162.46962328
399336135.353106,240510_002904054.jpg,488434.559,7039174.937,443.853,-0.946038773,2.540375481,1.191566679,-161.20766201,177.97978582,1.942412976,161.268207856
399336135.840706,240510_002904542.jpg,488444.038,7039177.928,444.024,-0.936199554,1.805633211,1.475007798,-159.546168449,178.824436786,2.009407218,159.589900844
399336136.339306,240510_002905042.jpg,488453.457,7039181.314,444.189,-0.92378993,2.909111363,1.884959333,-157.627415382,178.026512838,2.844878361,157.724099332
399336136.851107,240510_002905554.jpg,488462.867,7039184.995,444.496,-0.913074055,2.757623735,2.437988409,-156.1113473,178.464208126,3.33999,156.214582199
399336137.362907,240510_002906067.jpg,488472.055,7039188.799,444.833,-0.907361577,1.862996149,2.216028221,-155.29490865,179.233589073,2.787499555,155.349405279
399336137.896807,240510_002906602.jpg,488481.289,7039192.779,445.215,-0.904156439,1.832933467,2.84904523,-154.918264063,179.54698752,3.352526106,154.976876862
399336138.443608,240510_002907150.jpg,488490.377,7039196.742,445.695,-0.900627235,1.288159955,3.562311401,-154.528233148,-179.630979207,3.765060308,154.555911772
399336139.019708,240510_002907727.jpg,488499.511,7039200.875,446.268,-0.897234509,1.994303752,3.68007813,-154.094176536,179.812324232,4.175826707,154.164797093
399336139.634808,240510_002908344.jpg,488508.77,7039205.062,446.882,-0.900759497,1.831977657,3.52957009,-154.54166751,179.861986911,3.968880758,154.602622353
399336140.312509,240510_002909023.jpg,488518.207,7039209.297,447.514,-0.906101926,3.266729607,3.765803281,-155.297752723,178.600080077,4.777837875,155.463210718
399336141.054709,240510_002909766.jpg,488527.743,7039213.352,448.197,-0.908285416,3.165238849,4.124823973,-155.654237899,178.810417869,5.054177682,155.820360685
399336141.87681,240510_002910590.jpg,488537.299,7039217.38,448.925,-0.903089434,2.352392607,3.878541826,-154.902926351,179.511995208,4.503615546,155.001448029
399336142.86741,240510_002911583.jpg,488547.122,7039221.957,449.644,-0.862438047,1.941843487,4.312851097,-149.916499306,-179.519679992,4.699233939,149.969572175
399336144.077811,240510_002912795.jpg,488556.221,7039227.755,450.366,-0.755292603,2.573743508,4.322163775,-139.271081021,-179.132290935,4.948504056,139.330337056
399336145.416212,240510_002914136.jpg,488563.333,7039235.163,450.984,-0.489815854,2.778140503,2.468620995,-119.37372261,-179.212588187,3.627751194,119.408435176
399336146.629913,240510_002915353.jpg,488566.949,7039243.845,451.176,-0.184202396,1.460036194,-0.36172569,-100.619963886,179.377110421,1.366252114,100.622808528
399336147.683713,240510_002916408.jpg,488568.769,7039253.264,450.843,-0.157112806,-0.00670557,-1.380340594,-99.046336855,178.640463969,-0.22492019,99.043801803
399336148.590614,240510_002917317.jpg,488570.693,7039262.616,450.416,-0.212156829,0.493265315,-2.186563359,-102.263756048,177.761955006,0.016397903,102.254769345
399336149.415914,240510_002918144.jpg,488573.165,7039272.065,449.931,-0.250224218,0.652867559,-2.206366212,-104.508807306,177.703880375,0.078176891,104.497915044
399336150.163115,240510_002918893.jpg,488575.827,7039281.427,449.393,-0.24342778,1.077851701,-2.160144119,-104.106001662,177.645823274,0.517558336,104.096440035
399336150.861915,240510_002919593.jpg,488578.436,7039290.935,448.839,-0.237051062,1.246981715,-2.806746868,-103.735988137,176.98166412,0.543756853,103.719934811
399336151.514815,240510_002920247.jpg,488581.004,7039300.398,448.248,-0.233823559,1.058601721,-2.731917342,-103.544507264,177.100221103,0.38825831,103.529249908
399336152.134916,240510_002920868.jpg,488583.548,7039309.903,447.638,-0.233782701,1.225555331,-2.930595345,-103.544457928,176.868231473,0.504082273,103.527065153
399336152.728616,240510_002921463.jpg,488586.074,7039319.446,446.985,-0.233722314,1.920263551,-2.975473745,-103.541448171,176.662264692,1.168888946,103.525839984
399336153.298416,240510_002922034.jpg,488588.612,7039329.007,446.322,-0.234300651,2.274717945,-3.126001924,-103.577530187,176.432292738,1.475954928,103.561661974
399336219.933859,240510_003028802.jpg,488606.88,7039384.295,442.347,0.229756999,3.237935681,3.647262021,76.683380099,177.200630408,-3.989821502,-76.677799993
399336220.539259,240510_003029408.jpg,488604.321,7039374.528,442.914,0.228736543,3.339897774,4.259628357,76.73364262,176.62457653,-4.226748053,-76.734011019
399336221.15536,240510_003030025.jpg,488601.726,7039364.731,443.577,0.230307824,2.994710158,4.631958693,76.633958643,176.189712065,-3.982749273,-76.645339033
399336221.78296,240510_003030654.jpg,488599.115,7039354.915,444.305,0.231371035,2.829804968,4.682545411,76.570117707,176.106603904,-3.838371646,-76.584888961
399336222.421361,240510_003031294.jpg,488596.508,7039345.134,445.057,0.232615222,2.790953064,4.731768565,76.495561693,176.05464936,-3.817125346,-76.511728602
399336223.081761,240510_003031956.jpg,488593.83,7039335.258,445.821,0.24007027,2.395600778,4.556710202,76.057675745,176.158540078,-3.421552476,-76.077082835
399336223.772461,240510_003032648.jpg,488591.056,7039325.343,446.547,0.243202988,1.864364657,4.074631387,75.881128501,176.507030069,-2.801129354,-75.900160147
399336224.498162,240510_003033375.jpg,488588.303,7039315.399,447.218,0.234915535,1.717761138,4.158507445,76.370242518,176.367271225,-2.648504623,-76.391799255
399336225.258762,240510_003034137.jpg,488585.643,7039305.457,447.879,0.230910161,1.771615574,3.922030948,76.610971362,176.598646067,-2.630986495,-76.628368514
399336226.067463,240510_003034947.jpg,488583.011,7039295.493,448.515,0.225983398,1.701571596,3.893848298,76.902231323,176.596919219,-2.539100372,-76.919752257
399336226.960963,240510_003035843.jpg,488580.393,7039285.324,449.114,0.225239445,2.138729607,3.271373254,76.955134422,177.29942069,-2.821478889,-76.96053848
399336228.007664,240510_003036891.jpg,488577.78,7039274.828,449.677,0.199534482,3.118740512,2.830357417,78.470470416,177.853855415,-3.62086022,-78.461266221
399336229.305065,240510_003038191.jpg,488575.769,7039263.811,450.205,0.069211945,3.441474868,2.501559901,86.025594581,177.74662363,-3.606227715,-86.021421115
399336231.323766,240510_003040214.jpg,488575.822,7039251.095,450.714,-0.164272998,5.156905056,2.713566283,99.470245194,176.478348942,-4.639828145,-99.490882285
399336237.87727,240510_003046780.jpg,488577.104,7039243.644,451.063,-0.245374187,3.213519711,3.800633755,104.242784486,175.531829269,-2.181613485,-104.221327488
399336195.565442,240510_003004385.jpg,488672.637,7039674.969,435.625,-0.993141023,2.08464019,3.067275367,-174.287774042,178.229884208,3.253260446,174.393646415
399336198.318644,240510_003007144.jpg,488678.014,7039672.927,435.817,-0.503111959,1.232122685,2.168437997,120.245771822,177.509523741,0.02536819,-120.221892329
399336199.966444,240510_003008795.jpg,488679.666,7039664.654,435.901,0.053784657,1.904987236,1.224254361,86.914712072,178.882385345,-1.96869222,-86.913558786
399336201.217145,240510_003010048.jpg,488678.293,7039655.631,435.941,0.186730373,2.015578519,1.338211644,79.229836458,179.064390416,-2.230488776,-79.224505488
399336202.270846,240510_003011104.jpg,488676.207,7039646.38,435.969,0.205660064,2.33860174,1.554442142,78.121723316,178.962814009,-2.608594909,-78.113609578
399336203.211046,240510_003012046.jpg,488673.922,7039637.003,436.027,0.224917465,2.644173765,1.075504446,76.993377791,179.549533466,-2.81843061,-76.979652239
399336204.084447,240510_003012921.jpg,488671.393,7039627.496,436.07,0.243023407,2.669137501,1.056355782,75.925704518,179.626782537,-2.845905022,-75.910380076
399336204.899247,240510_003013737.jpg,488668.712,7039618.028,436.121,0.237617776,1.679210293,1.002232691,76.245231269,179.427813933,-1.869872984,-76.239877739
399336205.671748,240510_003014511.jpg,488666.155,7039608.462,436.2,0.225914434,1.761951212,1.650017064,76.931539035,178.793699121,-2.089745429,-76.928149172
399336206.416748,240510_003015258.jpg,488663.633,7039598.725,436.328,0.219062231,1.172860613,1.771829392,77.333795421,178.531130251,-1.533412504,-77.335278902
399336207.121249,240510_003015964.jpg,488661.271,7039589.108,436.51,0.220331455,2.516835963,2.096743812,77.256700208,178.513124061,-2.917203488,-77.248495062
399336207.803849,240510_003016648.jpg,488658.783,7039579.484,436.71,0.227754023,2.023976276,1.98488414,76.820730547,178.531714258,-2.4233285,-76.816705074
399336208.475049,240510_003017320.jpg,488656.237,7039569.76,436.919,0.231373311,2.485467443,2.503052117,76.602599494,178.144231492,-2.997513284,-76.596839894
399336209.13355,240510_003017980.jpg,488653.629,7039559.994,437.178,0.232321859,2.460464165,2.383730249,76.547860813,178.25725754,-2.947260282,-76.541489527
399336209.78175,240510_003018629.jpg,488650.984,7039550.189,437.453,0.231531101,1.807413363,2.153940431,76.596670082,178.326637321,-2.257625847,-76.595636233
399336210.409251,240510_003019258.jpg,488648.438,7039540.506,437.722,0.232533132,2.41403299,1.7814892,76.54063155,178.832136919,-2.76234536,-76.531251148
399336211.036751,240510_003019887.jpg,488645.837,7039530.711,437.97,0.228521024,2.335648851,2.490572129,76.770902342,178.11326112,-2.843417823,-76.766938233
399336211.653051,240510_003020504.jpg,488643.262,7039520.937,438.239,0.230484122,2.135941317,2.368354511,76.656395281,178.191664665,-2.624795754,-76.653649789
399336212.258352,240510_003021111.jpg,488640.664,7039511.239,438.521,0.235269236,1.857518816,2.499205098,76.372733969,178.011953484,-2.394047572,-76.373722378
399336212.863652,240510_003021717.jpg,488638.044,7039501.412,438.79,0.236791814,2.584934212,2.244835044,76.285392415,178.435199844,-3.043182101,-76.276304703
399336213.458452,240510_003022313.jpg,488635.414,7039491.664,439.048,0.234465649,2.63416937,2.072140837,76.424282869,178.607171601,-3.046725667,-76.413680444
399336214.053253,240510_003022909.jpg,488632.776,7039481.837,439.29,0.233508924,2.519594745,2.165959165,76.479897649,178.486226657,-2.955933452,-76.47131605
399336214.640256,240510_003023497.jpg,488630.143,7039472.088,439.553,0.234473169,2.057285522,1.658729169,76.427084622,178.873058685,-2.389261015,-76.420792564
399336215.223056,240510_003024081.jpg,488627.549,7039462.409,439.803,0.235478123,2.337947013,2.174679259,76.363607525,178.440882868,-2.784614094,-76.357114541
399336215.805857,240510_003024665.jpg,488624.956,7039452.695,440.085,0.232052466,2.720305125,1.953607653,76.567631625,178.734822128,-3.09945676,-76.555478354
399336216.388657,240510_003025249.jpg,488622.396,7039442.958,440.338,0.229078083,3.082920516,1.978084016,76.742767194,178.784886044,-3.453940708,-76.726187299
399336216.971457,240510_003025833.jpg,488619.828,7039433.212,440.615,0.227582689,2.617744785,2.077663163,76.830046734,178.576518668,-3.0220412,-76.820124069
399336217.554258,240510_003026417.jpg,488617.22,7039423.465,440.889,0.229392476,1.460227942,1.799085998,76.725629556,178.586982491,-1.834710904,-76.72529882
399336218.149158,240510_003027013.jpg,488614.669,7039413.575,441.199,0.229358123,2.530966697,2.468774707,76.721773769,178.181845986,-3.030020697,-76.71531327
399336218.744058,240510_003027609.jpg,488612.024,7039403.769,441.52,0.231491377,1.53211538,3.103632347,76.588624662,177.339890746,-2.210078609,-76.59837371
399336219.338959,240510_003028205.jpg,488609.439,7039393.988,441.902,0.235559047,2.406842798,3.027922865,76.349427155,177.629153279,-3.052965424,-76.348973379
399336250.984278,240510_003059913.jpg,488577.141,7039243.445,451.081,-0.246468553,3.047371092,4.038037875,104.311801348,175.340569937,-1.956855892,-104.284031193
399336257.537782,240510_003106480.jpg,488578.236,7039238.4,451.378,-0.275283336,0.690853324,3.167979783,106.011794027,176.768656274,0.207300222,-105.986777649
399336260.052583,240510_003109000.jpg,488578.966,7039232.536,451.602,0.138713144,-0.246031773,1.066524338,82.021399492,178.911956994,0.094162838,-82.022750271
399336261.611346,240510_003110561.jpg,488575.537,7039224.759,451.389,0.677311352,2.668535825,-2.363268831,47.296052995,-176.455410346,-0.361792402,-47.339975948
399336262.773146,240510_003111726.jpg,488568.394,7039219.312,450.855,0.864509367,2.862765749,-2.373227229,30.041566188,-176.334870986,0.615933776,-30.120618515
399336263.724347,240510_003112679.jpg,488560.01,7039215.178,450.31,0.898504679,2.550669115,-2.554732814,25.864872658,-176.590698281,1.1803583,-25.956927617
399336264.563747,240510_003113520.jpg,488551.148,7039211.376,449.713,0.916543869,1.602439103,-2.794789611,23.354399897,-177.420141494,1.925388772,-23.436930511
399336265.336647,240510_003114294.jpg,488541.858,7039207.876,449.05,0.931520223,0.649154641,-2.822160227,21.077730414,-178.378145862,2.395484422,-21.127749106
399336266.037948,240510_003114997.jpg,488532.554,7039204.641,448.402,0.934469552,0.289304045,-2.816331743,20.602708033,-178.737025873,2.530205586,-20.637842954
399336266.693248,240510_003115653.jpg,488523.218,7039201.363,447.76,0.932832261,0.957208375,-2.856484852,20.862915952,-178.087032837,2.323636995,-20.925685652
399336267.312549,240510_003116274.jpg,488513.856,7039198.058,447.108,0.930844616,1.030376309,-2.710160291,21.199269614,-178.058250176,2.149643397,-21.260173916
399336267.897049,240510_003116860.jpg,488504.588,7039194.736,446.495,0.928189804,0.55136775,-2.51892736,21.638674674,-178.557653979,2.134133777,-21.677773449
399336268.470949,240510_003117435.jpg,488495.133,7039191.284,445.932,0.927543171,0.25119094,-1.824396363,21.804934819,-179.088299722,1.597434425,-21.821737047
399336269.02205,240510_003117987.jpg,488485.737,7039187.834,445.473,0.929048018,0.189485116,-1.296345738,21.607700947,-179.345593986,1.132853928,-21.6163855
399336269.56095,240510_003118527.jpg,488476.262,7039184.387,445.068,0.931600131,0.341649839,-1.222267864,21.210983543,-179.238450315,1.013310711,-21.221426186
399336270.08615,240510_003119053.jpg,488466.791,7039180.992,444.697,0.936009588,1.151065644,-1.088288931,20.508069645,-178.540121858,0.613582331,-20.526859621
399336270.599651,240510_003119567.jpg,488457.287,7039177.8,444.405,0.940440573,0.369112126,-0.535981688,19.791946234,-179.470233076,0.37743906,-19.795451275
399336271.103051,240510_003120072.jpg,488447.762,7039174.766,444.168,0.944419349,-0.995761534,0.00655326,19.114159101,179.058730609,0.31824714,-19.111624222
399336271.596051,240510_003120566.jpg,488438.26,7039171.824,444.032,0.949454599,-1.407238792,0.501688717,18.205484337,178.508562902,-0.038028246,-18.212135379
399336272.089051,240510_003121060.jpg,488428.564,7039168.991,443.907,0.953894546,-1.780662419,0.202127112,17.378274387,178.242408611,0.337428973,-17.376255126
399336272.571152,240510_003121543.jpg,488418.963,7039166.311,443.812,0.957591612,-1.884223642,0.719922412,16.640131392,177.990904344,-0.150972111,-16.654598774
399336273.053252,240510_003122026.jpg,488409.205,7039163.769,443.757,0.961200991,-2.766976001,0.710609009,15.902019372,177.147040216,0.074072316,-15.917319145
399336273.535352,240510_003122509.jpg,488399.331,7039161.256,443.696,0.963960857,-2.444332168,0.343063916,15.326324411,177.554445612,0.313878974,-15.326952911
399336274.007352,240510_003122982.jpg,488389.57,7039158.87,443.634,0.965845369,-1.77697346,0.289760906,14.913262451,178.210512832,0.175976661,-14.915017093
399336274.479353,240510_003123455.jpg,488379.723,7039156.54,443.578,0.967643289,-1.742981458,0.206865241,14.508787116,178.262938671,0.234959362,-14.508386165
399336274.951353,240510_003123928.jpg,488369.81,7039154.295,443.511,0.970006633,-1.537706624,0.592274767,13.946949959,178.367028225,-0.205096648,-13.957810093
399336275.413253,240510_003124391.jpg,488360.06,7039152.126,443.446,0.971616736,-0.475421875,0.571943704,13.559556581,179.405376099,-0.445485352,-13.564228751
399336275.875154,240510_003124853.jpg,488350.25,7039149.972,443.377,0.972024383,0.989578453,0.079889311,13.471243582,-179.055374133,-0.309460819,-13.468001333
399336276.337054,240510_003125316.jpg,488340.406,7039147.906,443.319,0.972528848,0.991554892,0.424866751,13.340119463,-179.132225883,-0.643063865,-13.331561157
399336276.798954,240510_003125779.jpg,488330.528,7039145.851,443.28,0.973404821,0.992946511,0.439717307,13.120234535,-179.13177951,-0.654495699,-13.111452711
399336277.260854,240510_003126242.jpg,488320.636,7039143.819,443.237,0.974158528,1.127565524,0.529775701,12.925198407,-179.0185064,-0.76929492,-12.913380215
399336277.722755,240510_003126705.jpg,488310.721,7039141.84,443.195,0.974859691,0.711757024,0.356172785,12.75020009,-179.383314305,-0.505483704,-12.745258699
399336278.184655,240510_003127167.jpg,488300.814,7039139.913,443.14,0.975193916,0.150369176,0.649729855,12.651610639,-179.994198589,-0.667708289,-12.650706566
399336278.646555,240510_003127630.jpg,488290.906,7039137.933,443.102,0.97565803,1.061109266,-0.126745053,12.545545492,-178.935894161,-0.108223131,-12.545717511
399336279.108456,240510_003128093.jpg,488281.034,7039135.98,442.997,0.975534116,1.357326405,0.094215537,12.578471104,-178.695033313,-0.388704678,-12.572922718
399336279.570356,240510_003128556.jpg,488271.141,7039134.095,442.903,0.976597555,0.477663616,-0.324573517,12.291600623,-179.463149455,0.213747471,-12.293971803
399336280.032256,240510_003129019.jpg,488261.316,7039132.21,442.754,0.97663155,0.670933435,-0.451156749,12.278528636,-179.247538186,0.296340267,-12.28313451
399336280.494156,240510_003129482.jpg,488251.533,7039130.367,442.588,0.975853903,0.398676214,-0.538871889,12.48301034,-179.493227344,0.438054457,-12.48684839
399336280.956057,240510_003129944.jpg,488241.802,7039128.468,442.399,0.974834343,0.333237258,-1.153552057,12.71049849,-179.420102686,1.049465947,-12.719215007
399336281.417957,240510_003130407.jpg,488232.149,7039126.59,442.175,0.975158351,-0.305495885,-0.490711006,12.6680937,179.810911958,0.543843276,-12.665923604
399336281.890557,240510_003130881.jpg,488222.261,7039124.671,441.925,0.975358507,-0.563508553,-1.451443923,12.542850453,179.766316859,1.536317961,-12.532666084
399336282.363157,240510_003131354.jpg,488212.471,7039122.708,441.613,0.977710055,0.803904408,-0.731805279,11.970774578,-179.060938879,0.547049909,-11.980416818
399336282.835758,240510_003131828.jpg,488202.639,7039121.02,441.326,0.979145758,-1.350587752,-0.799650814,11.562843191,178.838709656,1.051636101,-11.542828872
399336283.308358,240510_003132301.jpg,488192.802,7039119.387,440.981,0.982175203,-2.577310311,-1.804169929,10.539983812,177.79665191,2.24018728,-10.456477041
399336283.780958,240510_003132775.jpg,488182.97,7039117.902,440.554,0.985869204,-2.620200654,-2.028826549,9.264992984,177.740762301,2.418772076,-9.171071702
399336284.253558,240510_003133248.jpg,488173.117,7039116.62,440.093,0.990029797,-2.017592147,-2.009093651,7.646737729,178.268304058,2.255161812,-7.57742781
399336284.726159,240510_003133722.jpg,488163.207,7039115.664,439.64,0.993924575,-2.18681971,-2.467777602,5.547042512,178.061921085,2.662138527,-5.455089399
399336285.198759,240510_003134195.jpg,488153.261,7039115.125,439.137,0.996499596,-3.148925514,-2.826959114,3.452989383,177.02554672,3.003213824,-3.297535673
399336285.671359,240510_003134669.jpg,488143.29,7039114.874,438.565,0.997765763,-2.438726589,-3.150556567,1.288681216,177.631439289,3.19741777,-1.155727215
399336286.14396,240510_003135143.jpg,488133.321,7039115.053,437.973,0.998314831,-2.807845656,-2.59726862,-1.108149078,177.14237452,2.535499913,1.234852156
399336286.61656,240510_003135616.jpg,488123.331,7039115.696,437.348,0.996258768,-3.757300557,-2.522892219,-3.890235351,176.080470391,2.253058636,4.049859425
399336287.08916,240510_003136090.jpg,488113.337,7039116.742,436.786,0.992057157,-3.028918704,-2.750411287,-6.45040622,176.681532565,2.384890495,6.592006677
399336287.56176,240510_003136563.jpg,488103.35,7039118.259,436.131,0.986158324,-2.933945124,-3.576332406,-8.679844239,176.558424319,3.082851378,8.863831162
399336288.034361,240510_003137037.jpg,488093.426,7039120.098,435.433,0.980101192,-1.885939911,-2.901909768,-10.941420861,177.598182981,2.485364411,11.04113704
399336288.506961,240510_003137510.jpg,488083.507,7039122.412,434.683,0.973552481,-2.421556809,-3.63859708,-12.584131975,176.84303545,3.015108323,12.743935719
399336288.968261,240510_003137972.jpg,488073.829,7039124.915,433.895,0.967483362,-2.32828094,-4.187302929,-13.9450176,176.729083857,3.493213672,14.12966386
399336289.429562,240510_003138435.jpg,488064.17,7039127.62,433.09,0.964288,-1.827729775,-3.44953913,-14.874137498,177.348073268,2.858028009,14.99516723
399336289.890862,240510_003138897.jpg,488054.464,7039130.509,432.293,0.960325473,-1.262394921,-3.883019335,-15.637490108,177.737160037,3.392514307,15.74714448
399336290.352162,240510_003139359.jpg,488044.719,7039133.502,431.511,0.956865052,-0.029864597,-4.299779142,-16.257145507,178.767959796,4.113894594,16.302426514
399336290.801162,240510_003139809.jpg,488035.231,7039136.514,430.813,0.956716371,0.947144549,-3.24999043,-16.522611566,179.986103929,3.380550301,16.4961396
399336291.250163,240510_003140259.jpg,488025.675,7039139.591,430.261,0.957522671,1.636725363,-2.311467921,-16.513347604,-179.085294198,2.67704547,16.458982135
399336291.699163,240510_003140709.jpg,488016.053,7039142.695,429.793,0.958066354,2.141223785,-2.000889352,-16.442873368,-178.510160516,2.52059747,16.372749516
399336292.148163,240510_003141159.jpg,488006.39,7039145.829,429.38,0.95817766,1.861561273,-1.874815482,-16.434758538,-178.742726063,2.320821624,16.378867539
399336292.597163,240510_003141608.jpg,487996.697,7039148.913,428.995,0.959090902,2.87625971,-1.029836674,-16.321792136,-177.527555916,1.79259296,16.257318465
399336293.046164,240510_003142058.jpg,487986.958,7039152.008,428.732,0.960333243,2.97307868,-0.857216912,-16.076251615,-177.379299701,1.643138984,16.016485997
399336293.495164,240510_003142508.jpg,487977.206,7039155.078,428.526,0.960644102,3.144503576,-0.347512558,-16.030368788,-177.07317639,1.199365644,15.990253645
399336293.933764,240510_003142948.jpg,487967.653,7039158.051,428.327,0.959373031,3.952633403,-0.517387769,-16.287784101,-176.350182335,1.600939149,16.219003818
399336294.372364,240510_003143387.jpg,487958.229,7039161.034,428.344,0.960344187,4.190836661,0.969030991,-16.067630341,-175.705741576,0.229162825,16.094542817
399336294.821065,240510_003143837.jpg,487948.62,7039164.105,428.481,0.959179181,3.267222513,1.221095987,-16.290720947,-176.521987094,-0.254806095,16.333324956
399336295.269765,240510_003144286.jpg,487939.089,7039167.219,428.61,0.957989196,2.255975678,1.271357856,-16.528521062,-177.475488677,-0.576696983,16.566302985
399336295.718465,240510_003144736.jpg,487929.645,7039170.309,428.802,0.957830516,1.862532124,1.999706148,-16.490364078,-177.645858231,-1.387429143,16.551423291
399336296.167165,240510_003145186.jpg,487920.231,7039173.315,429.056,0.959810418,2.621839151,2.026229753,-16.082213688,-176.919237314,-1.218444212,16.161387682
399336296.625866,240510_003145645.jpg,487910.649,7039176.285,429.298,0.962163782,3.294446794,2.01687225,-15.588692435,-176.284925178,-1.054282882,15.680919513
399336297.084566,240510_003146105.jpg,487901.11,7039179.197,429.531,0.964842993,2.987896009,1.951823109,-15.014611357,-176.608426767,-1.108600592,15.098374533
399336297.543266,240510_003146564.jpg,487891.594,7039182.001,429.756,0.965133661,3.014062239,1.742297254,-14.975398017,-176.63822395,-0.902258936,15.047751771
399336298.012267,240510_003147034.jpg,487881.928,7039184.875,429.968,0.966557485,2.245671025,1.861606797,-14.641705833,-177.356259076,-1.23200639,14.706665296
399336298.481267,240510_003147504.jpg,487872.293,7039187.656,430.187,0.969439168,1.902132222,1.700135241,-13.993066287,-177.742674943,-1.188810697,14.044756481
399336298.950267,240510_003147974.jpg,487862.667,7039190.237,430.409,0.973485827,2.719587211,1.497132915,-13.02316883,-177.012943183,-0.844535902,13.080767559
399336299.430167,240510_003148455.jpg,487852.889,7039192.744,430.663,0.978272715,1.829162148,2.420547619,-11.590206144,-177.720476958,-2.001574859,11.668726153
399336299.910068,240510_003148936.jpg,487843.082,7039194.925,430.96,0.983327457,2.538955728,1.957596077,-10.144312664,-177.155207299,-1.477637205,10.22442866
399336300.389968,240510_003149417.jpg,487833.309,7039196.841,431.243,0.988518211,2.66249654,1.866073961,-8.30596323,-177.095102932,-1.459681936,8.386383052
399336300.869868,240510_003149898.jpg,487823.548,7039198.433,431.45,0.993750577,2.559742727,1.369961911,-6.009195217,-177.310412512,-1.093354478,6.065510504
399336301.360869,240510_003150390.jpg,487813.58,7039199.552,431.619,0.996805457,4.61056593,1.509843096,-3.950841344,-175.29629904,-1.184078637,4.060285016
399336301.851869,240510_003150882.jpg,487803.65,7039200.387,431.812,0.998597885,4.637054906,1.470743493,-1.985390488,-175.314447941,-1.304601676,2.098343327
399336302.354769,240510_003151385.jpg,487793.579,7039200.913,432.025,0.999096324,3.951513618,1.642533579,0.362310606,-176.057786135,-1.663394771,-0.248366698
399336302.85767,240510_003151889.jpg,487783.592,7039201.008,432.232,0.997694896,3.530592192,1.826612134,2.950390299,-176.566210563,-2.002011555,-2.834047094
399336303.36057,240510_003152393.jpg,487773.66,7039200.635,432.425,0.994438557,3.291865754,1.366402677,5.620657788,-176.856492394,-1.679880861,-5.535265527
399336303.87387,240510_003152908.jpg,487763.622,7039199.766,432.615,0.98828782,3.345213879,1.605121177,8.450332292,-176.924912097,-2.076193071,-8.347697485
399336304.38717,240510_003153422.jpg,487753.659,7039198.402,432.799,0.980998107,3.726957464,1.250830769,10.97923039,-176.57769921,-1.934804639,-10.880704521
399336304.900471,240510_003153936.jpg,487743.814,7039196.602,432.96,0.971297375,4.000762623,1.645706304,13.551917494,-176.492923436,-2.532740489,-13.416866762
399336305.413771,240510_003154450.jpg,487734.039,7039194.43,433.132,0.962603397,3.313611482,1.399170227,15.560833657,-177.180813481,-2.234166577,-15.46535711
399336305.927071,240510_003154965.jpg,487724.313,7039191.903,433.241,0.955800443,3.5016608,1.027022912,16.980061935,-176.949058596,-2.002722536,-16.895311403
399336306.440372,240510_003155479.jpg,487714.633,7039189.091,433.34,0.949329953,4.437644543,0.815377674,18.217715993,-176.037558267,-2.158606587,-18.111429981
399336306.953672,240510_003155993.jpg,487704.978,7039186.141,433.414,0.942623425,3.93746856,1.120824164,19.395280735,-176.655508274,-2.361619786,-19.287784238
399336307.466972,240510_003156508.jpg,487695.361,7039182.943,433.488,0.935728959,4.35375718,0.940219334,20.561150637,-176.251020328,-2.405869868,-20.44665147
399336307.980273,240510_003157022.jpg,487685.777,7039179.591,433.553,0.929580071,3.690462826,1.065535966,21.536973291,-176.955807282,-2.34331463,-21.440359173
399336308.493573,240510_003157536.jpg,487676.236,7039176.087,433.652,0.926257465,3.486517561,1.344358641,22.035592564,-177.269502526,-2.551424361,-21.93384584
399336309.006873,240510_003158051.jpg,487666.704,7039172.506,433.754,0.923816609,3.163595564,0.931342567,22.425555208,-177.429006786,-2.066237415,-22.35345292
399336309.520173,240510_003158565.jpg,487657.222,7039168.873,433.85,0.920756142,2.692026629,0.971983953,22.879507891,-177.895908223,-1.941139421,-22.821004776
399336310.033474,240510_003159079.jpg,487647.802,7039165.152,433.947,0.919315947,2.881647512,0.969402363,23.091054489,-177.727541747,-2.020661644,-23.026577171
399336310.546774,240510_003159594.jpg,487638.409,7039161.436,434.026,0.918603694,2.520933504,0.774703985,23.201863911,-177.986729833,-1.704667918,-23.15485154
399336311.060074,240510_003200108.jpg,487629.112,7039157.72,434.072,0.917798599,2.653222334,0.756826542,23.319291979,-177.861645631,-1.74463417,-23.269192208
399336311.573375,240510_003200622.jpg,487619.936,7039153.994,434.133,0.916490221,3.337107236,0.766606677,23.507751159,-177.243812369,-2.032595534,-23.43650814
399336312.097275,240510_003201147.jpg,487610.678,7039150.244,434.221,0.915359867,2.948879121,0.880778893,23.665939512,-177.650860591,-1.98921319,-23.602468588
399336312.631475,240510_003201682.jpg,487601.359,7039146.456,434.323,0.914450652,2.549651255,0.899022805,23.794818472,-178.028153046,-1.850522027,-23.742949812
399336313.165676,240510_003202218.jpg,487592.17,7039142.688,434.414,0.913811568,2.345041795,0.901994624,23.885359497,-178.219436688,-1.773696002,-23.839319107
399336313.710376,240510_003202763.jpg,487582.924,7039138.864,434.509,0.913356247,2.425640865,0.577963278,23.959164126,-178.016863708,-1.512973612,-23.920732686
399336314.265076,240510_003203319.jpg,487573.677,7039135.077,434.587,0.912984279,1.533053206,0.63862269,24.010172213,-178.858215006,-1.207468052,-23.98958541
399336314.831677,240510_003203887.jpg,487564.494,7039131.28,434.646,0.912038424,1.360363552,0.589796781,24.144251374,-178.998665354,-1.095075735,-24.127670427
399336315.420777,240510_003204477.jpg,487555.321,7039127.398,434.706,0.909430132,1.972117025,0.458695982,24.509869728,-178.394810225,-1.235752363,-24.484657707
399336316.048477,240510_003205106.jpg,487546.056,7039123.43,434.768,0.90644443,2.020554785,0.416735156,24.919925033,-178.342115034,-1.229573514,-24.894781526
399336316.734178,240510_003205793.jpg,487536.744,7039119.365,434.838,0.903292734,1.899989643,0.335149414,25.346445183,-178.425400456,-1.116690019,-25.325540852
399336317.502878,240510_003206564.jpg,487527.318,7039115.178,434.908,0.900181461,1.549020609,0.373165453,25.759429068,-178.766013054,-1.009838285,-25.743508087
399336318.386779,240510_003207449.jpg,487517.82,7039110.869,434.98,0.896884804,1.474561304,0.200301835,26.192663868,-178.764294823,-0.831363053,-26.181125083
399336319.54538,240510_003208610.jpg,487507.63,7039106.146,435.028,0.894286425,1.641325998,-0.235864471,26.527857117,-178.425501849,-0.523235956,-26.5240627
399336321.759981,240510_003210829.jpg,487496.438,7039099.385,435.071,0.594014541,2.006441473,0.244514934,53.537164547,-179.002790967,-1.759282479,-53.517593086
399336323.822882,240510_003212896.jpg,487493.635,7039091.103,434.919,-0.200760108,0.657121262,-0.850860181,101.588272823,-179.297790909,-0.815515274,-101.588171347
399336325.349883,240510_003214426.jpg,487496.867,7039083.17,434.623,-0.547195988,1.167346003,-0.976895454,123.198062358,-179.82086905,-1.512040692,-123.205644066
399336326.573584,240510_003215652.jpg,487501.951,7039075.603,434.34,-0.593712993,2.524109811,-0.767116485,126.444764549,179.118197665,-2.485788478,-126.480798195
399336327.641084,240510_003216722.jpg,487507.472,7039067.856,434.096,-0.604069378,2.52400143,-0.708013767,127.18580208,179.039174118,-2.438388529,-127.22185085
399336328.591185,240510_003217674.jpg,487513.054,7039060.12,433.9,-0.606474529,2.451016201,-0.19014235,127.355959939,178.665259404,-2.063693258,-127.384083326
399336329.474185,240510_003218559.jpg,487518.766,7039052.232,433.751,-0.606795155,2.219943895,-0.425320913,127.380054885,178.991385085,-2.022279181,-127.406103577
399336330.319386,240510_003219406.jpg,487524.606,7039044.171,433.574,-0.606795804,2.226337363,-0.407545248,127.380001478,178.973398743,-2.016576362,-127.405995302
399336331.132886,240510_003220221.jpg,487530.439,7039036.16,433.4,-0.610020946,2.176468385,-0.598922866,127.614323583,179.147010466,-2.089564262,-127.641258345
399336331.935687,240510_003221025.jpg,487536.342,7039028.081,433.195,-0.609667293,2.047364425,-0.948514521,127.592373524,179.503286623,-2.200725505,-127.618856412
399336332.724687,240510_003221816.jpg,487542.22,7039020.075,432.954,-0.603564945,2.719802021,-0.927933788,127.151888077,179.097222494,-2.72753318,-127.195407416
399336333.502188,240510_003222595.jpg,487547.908,7039011.951,432.678,-0.575310748,2.155190129,-1.143494516,125.148523535,179.694679399,-2.420199998,-125.176475003
399336334.269188,240510_003223363.jpg,487553.252,7039003.559,432.377,-0.523271034,2.334021957,-1.333746234,121.57813253,179.914148329,-2.6863725,-121.607310387
399336335.036189,240510_003224132.jpg,487558.042,7038994.674,432.05,-0.446769275,2.009889935,-1.36338999,116.558254206,-179.678806966,-2.407203086,-116.575423578
399336335.792789,240510_003224890.jpg,487561.974,7038985.428,431.736,-0.348709968,2.224283535,-1.261246756,110.423697296,-179.593938227,-2.524442086,-110.439246181
399336336.549389,240510_003225648.jpg,487564.853,7038975.809,431.457,-0.245179101,1.936312399,-1.206697195,104.20249629,-179.304857637,-2.173329365,-104.209722593
399336337.30599,240510_003226406.jpg,487566.688,7038966.003,431.201,-0.13840097,2.173068112,-1.14620035,97.96072232,-179.16541418,-2.311019469,-97.965654843
399336338.07419,240510_003227176.jpg,487567.447,7038955.975,430.959,-0.02956119,2.447655358,-1.02579271,91.695052083,-179.046593876,-2.477071557,-91.69638763
399336338.842391,240510_003227945.jpg,487567.109,7038945.991,430.718,0.08293302,2.715319921,-1.086444919,85.23970946,-178.691550168,-2.615932079,-85.235622836
399336339.621391,240510_003228726.jpg,487565.599,7038936.059,430.477,0.205917824,2.869770686,-0.857017626,78.109712429,-178.569397708,-2.631767279,-78.098359926
399336340.410592,240510_003229517.jpg,487562.843,7038926.373,430.293,0.332997152,3.214435977,-0.127429362,70.539587575,-178.807168864,-2.988116436,-70.512091103
399336341.199792,240510_003230307.jpg,487558.839,7038917.171,430.237,0.449691047,3.201619075,0.452915948,63.26159587,-178.961453581,-3.062480078,-63.221209399
399336341.988993,240510_003231098.jpg,487553.698,7038908.549,430.316,0.557090192,2.700242037,1.44801697,56.114752528,-179.693402685,-3.048069295,-56.072473796
399336342.778193,240510_003231889.jpg,487547.539,7038900.656,430.505,0.649063393,1.881111717,1.787330951,49.482068131,179.866146281,-2.590597798,-49.455725837
399336343.567394,240510_003232680.jpg,487540.558,7038893.523,430.736,0.726057686,0.777566711,2.06503064,43.375151591,179.149360478,-2.03463239,-43.376179296
399336344.356594,240510_003233470.jpg,487532.901,7038887.158,430.964,0.7889355,0.422578754,1.643927159,37.848744952,179.327148707,-1.557339293,-37.851772831
399336345.145794,240510_003234261.jpg,487524.776,7038881.474,431.148,0.836796988,1.562033269,0.800592727,33.146590678,-179.128294645,-1.524499493,-33.124070216
399336345.946095,240510_003235063.jpg,487516.232,7038876.46,431.221,0.873373295,2.306434991,0.391583976,29.095941056,-178.173841148,-1.463773331,-29.064729972
399336346.770995,240510_003235890.jpg,487507.313,7038872.013,431.198,0.90136817,2.835388592,-0.307015051,25.60335614,-177.310081173,-0.949301577,-25.588674061
399336347.646696,240510_003236767.jpg,487498.029,7038868.084,431.077,0.921125269,2.285185829,-0.925093467,22.826977847,-177.534873127,-0.036085517,-22.844674942
399336348.604397,240510_003237727.jpg,487488.501,7038864.518,430.846,0.930456121,1.590377695,-1.955734009,21.339964493,-177.80643069,1.239252538,-21.390900122
399336349.718297,240510_003238843.jpg,487478.698,7038860.896,430.415,0.90703401,0.624342469,-3.42100967,24.621392959,-178.00538158,2.844880053,-24.689728654
399336351.078098,240510_003240205.jpg,487469.347,7038856.196,429.757,0.838596137,1.659915496,-4.47064597,32.695819836,-176.185702372,2.857108699,-32.855926695
399336352.929599,240510_003242060.jpg,487460.388,7038849.87,428.854,0.769925236,3.841089305,-4.663677093,39.389911733,-174.07496248,1.153051314,-39.606096941
399336359.483103,240510_003248627.jpg,487450.682,7038843.298,428.007,0.969350336,5.246253575,-0.686458348,14.098723311,-174.745792371,-0.614542213,-14.101930912
399337092.27256,240510_004502866.jpg,487543.78,7038897.656,430.515,-0.63763764,0.248536288,-0.728679666,-129.642150606,179.282379993,-0.274471265,129.638868746
399337093.241552,240510_004503837.jpg,487549.987,7038905.449,430.31,-0.547445125,0.378506354,-0.329327827,-123.210256645,179.51896799,0.134999642,123.209734134
399337094.178553,240510_004504775.jpg,487555.283,7038913.783,430.179,-0.458888039,0.436657744,0.334391835,-117.329878282,-179.902143097,0.539779026,117.33065741
399337095.105453,240510_004505704.jpg,487559.755,7038922.647,430.176,-0.357556689,-0.215003603,1.254358971,-110.965857507,-178.751439287,0.246352912,110.960748264
399337096.009854,240510_004506610.jpg,487563.106,7038931.946,430.306,-0.23290706,-0.127717728,1.692628535,-103.480768363,-178.324339507,0.268675653,103.474871372
399337096.887854,240510_004507490.jpg,487565.153,7038941.558,430.517,-0.103114628,0.591143625,2.205660049,-95.925769636,-177.867703036,0.813812931,95.921904947
399337097.753655,240510_004508357.jpg,487565.963,7038951.466,430.766,0.010955659,1.350439343,2.080568273,-89.371562947,-177.905282178,1.325586172,89.371761518
399337098.597755,240510_004509203.jpg,487565.739,7038961.329,431.005,0.123223298,1.214647413,2.168612831,-82.913365001,-177.698848616,0.93624293,82.917476204
399337099.429656,240510_004510037.jpg,487564.39,7038971.093,431.255,0.235344954,0.888630248,2.248874955,-76.370772787,-177.60587885,0.332602939,76.381207274
399337100.250156,240510_004510859.jpg,487561.966,7038980.635,431.53,0.336569086,0.746016518,2.436103531,-70.303783595,-177.455897225,-0.119282063,70.322248695
399337101.070657,240510_004511681.jpg,487558.533,7038989.97,431.85,0.427280237,0.391430034,2.503354178,-64.66620923,-177.57054529,-0.717532009,64.68994943
399337101.880257,240510_004512492.jpg,487554.293,7038998.864,432.181,0.494901014,0.696574964,2.50347003,-60.290117523,-177.481076305,-0.635733882,60.319295079
399337102.689858,240510_004513303.jpg,487549.468,7039007.472,432.505,0.556069428,-0.565948927,2.286034262,-56.166870974,-178.416058555,-1.742702921,56.179679602
399337103.499458,240510_004514114.jpg,487544.065,7039015.68,432.807,0.602185544,-1.033172212,2.417352178,-52.914401814,-178.694408494,-2.281346413,52.918622155
399337104.309059,240510_004514926.jpg,487538.22,7039023.562,433.076,0.629697776,-0.268066432,1.829576494,-50.926449297,-178.748238269,-1.361400626,50.937059051
399337105.118659,240510_004515737.jpg,487532.24,7039031.266,433.297,0.633671035,0.039026097,1.702428427,-50.63552462,-178.658731485,-1.049835675,50.648409996
399337105.938959,240510_004516559.jpg,487526.185,7039038.971,433.489,0.635570306,0.945059141,1.455569998,-50.500110165,-178.275666636,-0.197247781,50.515100636
399337106.78216,240510_004517404.jpg,487520.116,7039046.734,433.669,0.63277451,1.20399272,1.435713088,-50.707972391,-178.126476033,0.02190307,50.722716985
399337107.648961,240510_004518272.jpg,487514.087,7039054.504,433.84,0.628132524,1.540455855,1.312022498,-51.05345987,-178.011407702,0.372425059,51.064654214
399337108.557961,240510_004519183.jpg,487508.103,7039062.333,434.023,0.621660445,1.894325159,1.4860875,-51.525639898,-177.658434423,0.557622663,51.538827449
399337109.611262,240510_004520239.jpg,487501.925,7039070.522,434.263,0.618513706,2.346451704,1.508714173,-51.755286976,-177.363251856,0.907992654,51.765301198
399337111.008063,240510_004521638.jpg,487495.356,7039079.325,434.577,0.622097325,1.756405453,2.013551673,-51.480804373,-177.331603455,0.120036231,51.508876845
399337117.561567,240510_004528205.jpg,487488.103,7039089.066,435.07,0.604560875,0.588781692,2.804714417,-52.729921296,-177.411890745,-1.229211525,52.772099728
399337124.11507,240510_004534771.jpg,487487.894,7039089.371,435.115,0.603480842,0.494055281,2.791975354,-52.808244201,-177.477555265,-1.29345614,52.848759969
399337130.668574,240510_004541337.jpg,487487.896,7039089.372,435.132,0.603476766,0.494794155,2.791355698,-52.808560757,-177.477595559,-1.292479708,52.849069904
399337057.410541,240510_004427934.jpg,487450.644,7038843.289,427.991,0.969737682,5.25141725,-0.7949384,14.001665419,-174.713628558,-0.502192484,-14.014890622
399337063.964045,240510_004434501.jpg,487450.646,7038843.297,428.012,0.969748083,5.246927467,-0.790003491,13.999473207,-174.719152482,-0.505667431,-14.012305364
399337070.284849,240510_004440834.jpg,487447.268,7038843.176,427.987,0.914832513,4.677417684,1.397113004,-23.717873313,-175.157406713,0.603618296,23.749451046
399337074.74315,240510_004445301.jpg,487443.987,7038850.475,428.16,-0.466552183,4.433263259,1.298310284,-117.832771467,179.075242776,4.5217794,117.919412045
399337077.833052,240510_004448397.jpg,487449.878,7038855.329,428.379,-0.966582202,2.86088341,4.552319356,-165.95253352,178.323120676,5.101163058,166.140570817
399337080.126853,240510_004450696.jpg,487458.4,7038856.268,428.93,-0.983049903,0.421440861,5.212501924,-170.965090873,-179.596218614,5.207808914,170.965646908
399337081.874554,240510_004452447.jpg,487466.957,7038857.96,429.552,-0.951402642,0.840057919,4.934160309,-162.821283179,-179.344222262,4.956167005,162.828795732
399337083.337755,240510_004453913.jpg,487475.653,7038860.611,430.134,-0.935532031,-0.033177737,4.3910627,-159.83870686,-178.452686833,4.104878151,159.781756794
399337084.676156,240510_004455254.jpg,487484.651,7038863.815,430.596,-0.923405172,-0.014558521,3.088560165,-157.696067192,-178.813008876,2.847748478,157.666003702
399337085.907856,240510_004456488.jpg,487493.669,7038867.282,430.89,-0.920921237,-0.559358524,1.903186007,-157.200166263,-178.745932287,1.534631069,157.173986125
399337087.065157,240510_004457648.jpg,487502.703,7038870.841,431.053,-0.910698358,-1.098664365,1.206768268,-155.689887773,-178.501351831,0.645085826,155.669825423
399337088.184358,240510_004458769.jpg,487511.695,7038874.863,431.108,-0.886921765,-0.570954487,0.753704154,-152.550527951,-179.144974073,0.403786764,152.543711026
399337089.255158,240510_004459842.jpg,487520.417,7038879.422,431.093,-0.855427096,0.368939511,-0.053780006,-148.851764913,179.658074242,0.143440109,148.852001273
399337090.272259,240510_004500861.jpg,487528.717,7038884.554,430.958,-0.804329747,0.98253651,-0.566858207,-143.586063254,178.874983366,0.125947065,143.582451568
399337091.277859,240510_004501869.jpg,487536.626,7038890.672,430.751,-0.726420513,1.188403036,-0.965779559,-136.624394926,178.47546132,0.113253004,136.615926761
399337149.161269,240510_004559867.jpg,487486.633,7039100.856,435.255,-0.605643509,2.661136211,-0.350621992,-127.29663324,178.110525688,1.902179347,127.319873916
399337150.56627,240510_004601274.jpg,487493.428,7039105.984,435.119,-0.892147435,2.247100562,0.58629896,-153.20388444,178.260046905,1.533569215,153.238597601
399337147.101184,240510_004557802.jpg,487485.956,7039092.518,435.25,0.316460401,0.089615172,2.583492576,-71.522478778,-177.522061331,-0.734155943,71.540334063
399337193.676689,240510_004644470.jpg,488321.542,7039148.12,443.141,-0.974235064,3.16986839,0.630660319,-167.098785136,177.05288497,1.318937301,167.150073214
399337194.14779,240510_004644942.jpg,488331.478,7039150.13,443.185,-0.973058013,2.80695645,1.178192985,-166.836798059,177.536262375,1.782210386,166.903863985
399337194.61889,240510_004645414.jpg,488341.442,7039152.187,443.238,-0.972206064,2.51406307,0.666072127,-166.589449319,177.710798084,1.227936033,166.628516479
399337195.08999,240510_004645886.jpg,488351.39,7039154.325,443.277,-0.971154791,2.874469286,0.820893696,-166.34027107,177.402322314,1.472833926,166.39416074
399337195.561091,240510_004646358.jpg,488361.344,7039156.516,443.307,-0.970368747,3.502378478,0.791133574,-166.149048475,176.790426942,1.602260856,166.218016816
399337196.032191,240510_004646830.jpg,488371.291,7039158.701,443.378,-0.969350802,3.129865348,1.036993819,-165.922952498,177.217572549,1.762717698,165.993971972
399337196.492791,240510_004647292.jpg,488381,7039160.917,443.441,-0.96855738,3.780189293,-0.050956551,-165.700471005,176.327131096,0.881927736,165.727024982
399337196.963391,240510_004647763.jpg,488390.77,7039163.164,443.483,-0.965295017,3.177271588,0.466432855,-164.968920437,177.05441653,1.27120681,165.014462242
399337197.433992,240510_004648235.jpg,488400.401,7039165.558,443.514,-0.962042357,3.793165386,0.711956494,-164.274938392,176.543212438,1.708753206,164.349969492
399337197.914792,240510_004648716.jpg,488410.117,7039168.082,443.554,-0.958321976,3.841389552,0.702597353,-163.505893929,176.517545423,1.759658262,163.582841962
399337198.395592,240510_004649198.jpg,488419.677,7039170.702,443.641,-0.954479744,3.923379074,0.786886046,-162.750559897,176.487498341,1.909863058,162.835957547
399337198.886793,240510_004649690.jpg,488429.295,7039173.434,443.766,-0.950351268,3.196512463,1.203645592,-161.991744341,177.332752731,2.128014728,162.074734269
399337199.377993,240510_004650183.jpg,488438.756,7039176.237,443.9,-0.942784232,1.976413416,1.524261841,-160.659177704,178.640636823,2.088989246,160.710119879
399337199.883493,240510_004650689.jpg,488448.282,7039179.413,444.074,-0.931618556,2.35344318,1.171693213,-158.789193326,178.230790549,1.940039328,158.843097725
399337200.388993,240510_004651196.jpg,488457.559,7039182.874,444.307,-0.920071259,3.081697266,2.014229496,-157.083967608,177.94445578,3.049245342,157.192661495
399337200.905894,240510_004651713.jpg,488466.841,7039186.593,444.633,-0.908549063,2.64882965,2.33498101,-155.468741914,178.558388142,3.218446088,155.563013164
399337201.433994,240510_004652243.jpg,488476.062,7039190.535,444.969,-0.902028508,1.894095637,2.811233881,-154.627750175,179.492490313,3.346795007,154.68882822
399337201.983294,240510_004652793.jpg,488485.324,7039194.642,445.414,-0.896542089,1.105521095,3.048552888,-153.927360302,-179.652905947,3.219796321,153.946811765
399337202.556095,240510_004653367.jpg,488494.514,7039198.903,445.959,-0.8934057,1.586184149,3.604338665,-153.585543159,-179.817747973,3.928459134,153.628932797
399337203.151995,240510_004653964.jpg,488503.593,7039203.182,446.533,-0.899387341,3.028112364,3.558155965,-154.362627152,178.805014656,4.510459813,154.503426485
399337203.794095,240510_004654607.jpg,488512.902,7039207.263,447.143,-0.908505249,2.594429257,3.586335281,-155.604805219,179.1152495,4.330950077,155.719179057
399337204.494096,240510_004655309.jpg,488522.339,7039211.235,447.788,-0.912798001,3.201150428,3.962287298,-156.265057202,178.658368511,4.906936643,156.432924021
399337205.261096,240510_004656077.jpg,488531.836,7039215.124,448.495,-0.910030994,2.851368085,4.180813879,-155.907830875,179.098591866,4.97262337,156.050690043
399337206.130597,240510_004656948.jpg,488541.41,7039219.323,449.211,-0.880346123,2.322150347,3.74626286,-151.963540251,179.708842129,4.391952847,152.050337373
399337207.141797,240510_004657962.jpg,488550.587,7039224.359,449.922,-0.824012149,2.384762564,3.713730724,-145.703948138,-179.879660449,4.405939915,145.77631667
399337208.355698,240510_004659178.jpg,488559.008,7039230.574,450.614,-0.691114417,2.20417896,3.203164597,-133.83027312,-179.216651072,3.803627327,133.865620432
399337209.639199,240510_004700464.jpg,488564.987,7039238.448,451.096,-0.385847711,2.92214131,1.694846231,-112.71828781,-179.565859638,3.346383951,112.748692331
399337210.8087,240510_004701636.jpg,488567.923,7039247.539,451.085,-0.138157201,-0.462202905,-1.398419587,-97.947410694,178.681476975,-0.652189158,97.945588236
399337211.8321,240510_004702661.jpg,488569.4,7039256.897,450.693,-0.158630321,-0.458220128,-2.536384036,-99.1408062,177.572150911,-0.856114364,99.132893696
399337212.760201,240510_004703591.jpg,488571.416,7039266.304,450.23,-0.224595521,0.291120759,-2.230546513,-102.995386825,177.76449384,-0.218946298,102.985548873
399337213.602201,240510_004704435.jpg,488573.976,7039275.795,449.706,-0.247506632,0.998892207,-2.300209264,-104.348777183,177.527637029,0.396465147,104.337409183
399337214.377207,240510_004705211.jpg,488576.674,7039285.376,449.152,-0.245270109,1.608255049,-2.514849435,-104.218659363,177.171212132,0.939911098,104.206731083
399337215.090308,240510_004705926.jpg,488579.333,7039294.883,448.568,-0.243205178,1.614013941,-2.52659514,-104.096594189,177.16044041,0.948663068,104.084680437
399337215.756308,240510_004706593.jpg,488581.985,7039304.337,447.975,-0.243750116,1.30789159,-2.640886418,-104.130130463,177.123809672,0.622421753,104.115771249
399337216.399309,240510_004707237.jpg,488584.669,7039313.958,447.342,-0.238485531,1.239570632,-2.969975799,-103.822774556,176.824273054,0.493082838,103.804488477
399337217.008609,240510_004707848.jpg,488587.226,7039323.533,446.688,-0.234325576,2.086968382,-3.147863122,-103.579292011,176.455047239,1.288299528,103.562041594
399337217.592609,240510_004708433.jpg,488589.815,7039333.084,446.021,-0.236566207,1.622965247,-3.248291195,-103.713028045,176.464414123,0.805681269,103.692089919
399337218.16461,240510_004709006.jpg,488592.423,7039342.767,445.289,-0.234853166,1.927596203,-3.491401648,-103.615270452,176.158222539,1.050612179,103.592001217
399337218.72091,240510_004709564.jpg,488595.034,7039352.463,444.561,-0.231121124,1.571645513,-3.521393274,-103.39528179,176.215429093,0.712282559,103.370731977
399337219.26701,240510_004710111.jpg,488597.595,7039362.237,443.823,-0.229368433,1.881452388,-3.325450367,-103.289062586,176.336154567,1.065593652,103.268759672
399337219.802311,240510_004710647.jpg,488600.123,7039372.038,443.124,-0.22824954,2.829375834,-3.215611668,-103.221583079,176.227675597,2.0173791,103.208864027
399337220.324511,240510_004711170.jpg,488602.709,7039381.74,442.536,-0.227857358,1.583546448,-2.393351686,-103.189022299,177.312338847,0.994198247,103.179423279
399337220.836311,240510_004711683.jpg,488605.208,7039391.407,442.031,-0.231421415,2.498294202,-1.844638496,-103.394303396,177.630121971,2.000890301,103.395618725
399337221.348111,240510_004712196.jpg,488607.784,7039401.138,441.64,-0.226884333,2.193214869,-1.701908141,-103.125931392,177.847640123,1.747359321,103.126309481
399337221.859912,240510_004712709.jpg,488610.3,7039410.873,441.302,-0.229159463,2.486626024,-1.469485616,-103.258428604,178.002240723,2.081046835,103.262943924
399337222.371712,240510_004713222.jpg,488612.866,7039420.59,440.967,-0.227892025,2.056259211,-1.525170151,-103.184112345,178.048973184,1.652133238,103.184988136
399337222.883512,240510_004713735.jpg,488615.372,7039430.333,440.701,-0.224129546,2.54474725,-1.175454336,-102.960723692,178.286227352,2.213862838,102.967831826
399337223.395313,240510_004714247.jpg,488617.906,7039440.123,440.438,-0.222001848,1.886384109,-0.804661914,-102.834116549,178.798560208,1.658304591,102.838317661
399337223.907113,240510_004714760.jpg,488620.419,7039449.983,440.164,-0.225183256,1.968746905,-0.750719464,-103.02107599,178.82708311,1.746715778,103.026115348
399337224.408013,240510_004715262.jpg,488622.913,7039459.701,439.893,-0.230472616,2.504625641,-1.384659306,-103.335298482,178.077719918,2.115398377,103.340636579
399337224.908913,240510_004715764.jpg,488625.499,7039469.347,439.625,-0.237410357,2.190782251,-0.945721377,-103.742299195,178.563188824,1.901101234,103.748131632
399337225.409814,240510_004716266.jpg,488628.137,7039478.974,439.375,-0.240951571,2.041731921,-1.750611541,-103.956095239,177.81184174,1.557300894,103.954770485
399337225.921514,240510_004716779.jpg,488630.801,7039488.727,439.124,-0.240519441,2.555528083,-0.953761828,-103.925902399,178.461455422,2.248396266,103.934904278
399337226.433214,240510_004717291.jpg,488633.452,7039498.457,438.895,-0.234457053,2.659512025,-1.335360497,-103.569926407,178.080554546,2.269537498,103.57706663
399337226.944915,240510_004717804.jpg,488635.998,7039508.108,438.619,-0.227612763,3.036023552,-1.563773184,-103.167903998,177.788556671,2.597432535,103.176745601
399337227.467315,240510_004718327.jpg,488638.545,7039517.857,438.331,-0.218700991,2.402130846,-1.459432807,-102.64300161,178.052996162,2.022170755,102.646886292
399337227.989715,240510_004718851.jpg,488640.952,7039527.523,438.075,-0.210076727,2.26686299,-1.040930436,-102.134718225,178.508142527,1.995039843,102.140185574
399337228.534916,240510_004719397.jpg,488643.306,7039537.462,437.79,-0.19875655,2.592975598,-1.107393482,-101.471934305,178.401365818,2.318413488,101.479318819
399337229.080116,240510_004719943.jpg,488645.53,7039547.253,437.529,-0.189544824,2.308600488,-1.590604164,-100.935726074,178.003251118,1.962668171,100.938008562
399337229.635616,240510_004720500.jpg,488647.623,7039557.064,437.24,-0.194993454,3.694634657,-1.517508683,-101.253734853,177.79312585,3.324502148,101.268998105
399337230.201617,240510_004721067.jpg,488649.873,7039566.825,436.976,-0.200220168,2.87013957,-1.300857957,-101.55840124,178.152950348,2.548692091,101.567021547
399337230.782917,240510_004721650.jpg,488652.077,7039576.6,436.725,-0.208165324,4.056660726,-1.282954772,-102.02369306,177.902048616,3.697208247,102.046119196
399337231.388617,240510_004722256.jpg,488654.502,7039586.387,436.501,-0.219638027,2.928718394,-1.350523559,-102.697469332,178.0413284,2.557667109,102.706795905
399337232.035918,240510_004722905.jpg,488657.012,7039596.284,436.3,-0.216884129,2.493798267,-1.07321915,-102.534354318,178.413469519,2.198988176,102.541536519
399337232.738918,240510_004723609.jpg,488659.475,7039606.326,436.146,-0.216487388,3.016711014,-1.019454353,-102.510835827,178.35338167,2.721507445,102.523205592
399337233.520719,240510_004724393.jpg,488661.941,7039616.454,436.016,-0.213727671,3.467428395,-0.629465272,-102.347591615,178.645051631,3.24953695,102.367046257
399337234.391419,240510_004725265.jpg,488664.46,7039626.598,435.969,-0.234917411,4.079549957,-0.404804277,-103.593664784,178.648349534,3.866646979,103.624933457
399337235.36092,240510_004726237.jpg,488667.178,7039636.551,435.914,-0.245696504,3.881014713,-0.556219253,-104.230567034,178.507799999,3.621867446,104.258972553
399337151.671942,240510_004602382.jpg,487501.88,7039109.689,435.057,-0.908482458,1.519168994,0.950608156,-155.372657139,179.016469767,1.49449103,155.39799899
399337152.612642,240510_004603325.jpg,487510.599,7039113.431,435.006,-0.905826145,1.576462997,0.745124979,-155.00320002,178.887540968,1.338957697,155.026374547
399337153.464566,240510_004604178.jpg,487519.542,7039117.363,434.938,-0.907858723,2.232556565,0.612866143,-155.276990035,178.229963566,1.487604078,155.311837095
399337154.243467,240510_004604959.jpg,487528.588,7039121.178,434.849,-0.91620305,2.660052895,0.706118999,-156.449197585,177.84504695,1.706860224,156.497607156
399337154.965767,240510_004605683.jpg,487537.659,7039124.816,434.794,-0.91570716,2.063698855,0.76943143,-156.380010912,178.418927032,1.528951557,156.414882109
399337155.652767,240510_004606371.jpg,487546.81,7039128.563,434.747,-0.913322416,2.040743466,0.420588418,-156.03295529,178.307846908,1.210861755,156.058269058
399337156.304668,240510_004607024.jpg,487555.927,7039132.315,434.691,-0.914311662,1.775685323,0.543704662,-156.175282111,178.596917246,1.212213536,156.198486567
399337156.942268,240510_004607663.jpg,487565.254,7039136.121,434.616,-0.915201623,1.543287812,0.986544165,-156.315350821,178.984296855,1.520623987,156.342026091
399337157.542668,240510_004608265.jpg,487574.454,7039139.854,434.587,-0.915858589,1.349050882,0.823558334,-156.403403484,179.094835256,1.292218535,156.423229622
399337158.121569,240510_004608845.jpg,487583.677,7039143.617,434.519,-0.915060212,1.595451869,0.52044544,-156.281244115,178.750325856,1.115938764,156.300599884
399337158.679169,240510_004609403.jpg,487592.874,7039147.356,434.434,-0.913560209,0.973005697,0.584156596,-156.069754515,179.349085613,0.92650432,156.079920131
399337159.225969,240510_004609951.jpg,487602.136,7039151.231,434.347,-0.912448411,1.697888957,0.501470178,-155.911359577,178.656325509,1.148444297,155.932196386
399337159.76267,240510_004610489.jpg,487611.477,7039155.126,434.254,-0.912149177,1.633080919,0.323488609,-155.866512105,178.643727161,0.960802505,155.882446661
399337160.27747,240510_004611005.jpg,487620.654,7039158.968,434.169,-0.911744692,1.808114005,0.181772413,-155.808477308,178.427108065,0.904718645,155.823724598
399337160.79227,240510_004611521.jpg,487630.006,7039162.917,434.078,-0.911033246,2.417102252,0.653786505,-155.716754733,178.067101271,1.586945258,155.757237641
399337161.296171,240510_004612025.jpg,487639.368,7039166.811,434.056,-0.911902578,1.551554546,0.779458665,-155.841719636,178.904771868,1.343609543,155.865038597
399337161.788871,240510_004612519.jpg,487648.702,7039170.667,433.993,-0.916441186,1.295591607,0.389663305,-156.476436693,178.969292604,0.872335106,156.488639684
399337162.271171,240510_004613002.jpg,487658,7039174.371,433.916,-0.920848504,0.804686268,0.446747711,-157.118674133,179.433866098,0.722536799,157.125334081
399337162.753471,240510_004613486.jpg,487667.446,7039178.014,433.866,-0.925202743,0.337623004,0.755118062,-157.777289424,179.974298846,0.824627338,157.779642368
399337163.225272,240510_004613958.jpg,487676.841,7039181.495,433.791,-0.929708348,-0.545956731,0.206972468,-158.45888497,-179.415109166,-0.009403938,158.457926612
399337163.697072,240510_004614431.jpg,487686.307,7039184.875,433.752,-0.93427966,-1.107790012,0.695205236,-159.194303855,-178.716847644,0.254473825,159.184702882
399337164.168872,240510_004614904.jpg,487695.868,7039188.185,433.706,-0.93952454,-1.01360044,0.556681463,-160.053795046,-178.85654583,0.175736643,160.047091054
399337164.640673,240510_004615377.jpg,487705.501,7039191.298,433.659,-0.94762066,-1.708217352,0.272791336,-161.456006966,-178.293190409,-0.286036985,161.456193273
399337165.112473,240510_004615849.jpg,487715.146,7039194.152,433.603,-0.956542801,-1.897200739,0.222411407,-163.137287983,-178.119395479,-0.33882288,163.139164101
399337165.584273,240510_004616322.jpg,487724.827,7039196.698,433.494,-0.964742118,-2.38700128,0.049224084,-164.839921635,-177.682849837,-0.577723023,164.850587715
399337166.056073,240510_004616795.jpg,487734.507,7039198.968,433.389,-0.971998768,-2.211742104,-0.309803433,-166.525314074,-177.920716113,-0.817164997,166.546138044
399337166.527874,240510_004617267.jpg,487744.188,7039200.961,433.198,-0.979333692,-1.527371809,-0.432877084,-168.471412926,-178.589096564,-0.730057954,168.486187939
399337166.999674,240510_004617740.jpg,487753.913,7039202.57,433.024,-0.985903569,-1.851210021,-0.321264057,-170.534773351,-178.22616783,-0.622044349,170.549610472
399337167.471474,240510_004618213.jpg,487763.682,7039203.809,432.837,-0.992098849,-2.106837052,-0.316785646,-173.017553143,-177.946783775,-0.571250005,173.033635841
399337167.953975,240510_004618696.jpg,487773.702,7039204.639,432.659,-0.996547506,-2.117790907,-0.296616549,-175.584798344,-177.910870807,-0.459556621,175.598683663
399337168.436475,240510_004619180.jpg,487783.765,7039205,432.477,-0.999031434,-2.526644849,-0.317913752,-178.223718202,-177.484180291,-0.396786857,178.239471674
399337168.918975,240510_004619663.jpg,487793.864,7039204.887,432.258,-0.999420412,-3.240850843,-0.360332332,179.244281002,-176.754798259,-0.318059473,-179.225039238
399337169.401475,240510_004620147.jpg,487803.998,7039204.401,432.071,-0.998007717,-2.67767633,-0.41437424,176.867663853,-177.303574397,-0.268096869,-176.85163278
399337169.883976,240510_004620630.jpg,487814.151,7039203.435,431.869,-0.995056045,-3.189927254,-0.75745414,174.631706784,-176.753314347,-0.455466701,-174.597666909
399337170.366476,240510_004621114.jpg,487824.291,7039202.107,431.603,-0.990846034,-2.909308032,-0.483414659,172.458503165,-177.052488273,-0.098051951,-172.443661868
399337170.838576,240510_004621587.jpg,487834.239,7039200.464,431.359,-0.986054424,-2.107373031,-0.945153518,170.629192172,-177.766517175,-0.589487993,-170.600277456
399337171.310676,240510_004622060.jpg,487844.186,7039198.477,431.07,-0.980629166,-1.786388027,-0.934719322,168.879501348,-178.066423448,-0.572879923,-168.855221348
399337171.771677,240510_004622522.jpg,487853.923,7039196.221,430.775,-0.976226477,-1.839547984,-1.153228937,167.657224749,-177.956028418,-0.733286866,-167.625587609
399337172.232677,240510_004622984.jpg,487863.696,7039193.793,430.497,-0.973333268,-0.990642094,-0.335392397,166.858168123,-178.958213082,-0.102517026,-166.854307331
399337172.682677,240510_004623434.jpg,487873.312,7039191.273,430.256,-0.971507506,-0.519958027,-0.209132877,166.402999853,-179.44437192,-0.082278237,-166.40162965
399337173.132677,240510_004623885.jpg,487882.988,7039188.611,430.049,-0.96823659,-0.574404435,-0.504115741,165.634322201,-179.317487832,-0.346803445,-165.6297009
399337173.582678,240510_004624336.jpg,487892.721,7039185.879,429.836,-0.966015652,0.807623204,-0.481361181,165.12910007,179.344530732,-0.673315585,-165.136327923
399337174.032678,240510_004624787.jpg,487902.491,7039183.011,429.586,-0.963709886,1.344093409,-0.431455688,164.621043507,178.820217954,-0.773162153,-164.634055444
399337174.470978,240510_004625226.jpg,487912.057,7039180.076,429.352,-0.960937403,1.328472356,-0.895530811,164.051550697,178.970207095,-1.226286464,-164.072925681
399337174.909278,240510_004625666.jpg,487921.656,7039177.009,429.072,-0.958300201,0.919429365,-1.174663428,163.52730241,179.452659484,-1.387263729,-163.543314592
399337175.347579,240510_004626105.jpg,487931.3,7039173.89,428.777,-0.957102898,1.536650509,-0.860116869,163.268300681,178.777532618,-1.266215987,-163.293318608
399337175.775179,240510_004626533.jpg,487940.765,7039170.809,428.581,-0.957638167,2.162326702,-0.264946529,163.355618023,178.006227952,-0.873766296,-163.375829125
399337176.202779,240510_004626962.jpg,487950.284,7039167.711,428.433,-0.957884569,2.436954888,0.083464784,163.403112324,177.643136489,-0.617108092,-163.414059798
399337176.63038,240510_004627390.jpg,487959.849,7039164.562,428.343,-0.957901498,1.770199159,-0.060015063,163.406424071,178.322742974,-0.564051321,-163.415619166
399337177.05798,240510_004627818.jpg,487969.378,7039161.436,428.331,-0.95851173,1.373480742,1.614507808,163.606142886,178.228762569,1.158019957,-163.568961565
399337177.48558,240510_004628247.jpg,487978.98,7039158.428,428.491,-0.959742881,2.923010423,1.796311386,163.876857526,176.695961495,0.909164267,-163.804940391
399337177.91318,240510_004628675.jpg,487988.528,7039155.418,428.693,-0.959352244,3.637216177,2.481459736,163.884542687,175.819605286,1.366470068,-163.756078661
399337178.34078,240510_004629104.jpg,487998.079,7039152.405,428.949,-0.961761112,3.329462408,2.427400199,164.381933996,176.142401975,1.434258074,-164.263267917
399337178.768381,240510_004629532.jpg,488007.612,7039149.502,429.3,-0.959953886,4.06755887,2.972533083,164.091111983,175.275563462,1.732916782,-163.914307646
399337179.195981,240510_004629961.jpg,488017.092,7039146.507,429.705,-0.959184209,3.439845515,3.214085966,163.97605422,175.807730887,2.129724444,-163.801811851
399337179.623581,240510_004630389.jpg,488026.529,7039143.523,430.161,-0.958477983,3.279862063,3.629322074,163.915570687,175.842996047,2.56765198,-163.718695467
399337180.051182,240510_004630817.jpg,488035.935,7039140.555,430.654,-0.958903359,3.317622175,4.008451265,164.092426553,175.709518946,2.933268861,-163.866690438
399337180.489182,240510_004631256.jpg,488045.521,7039137.65,431.288,-0.959343994,4.823761868,4.936331762,164.443198239,174.024028335,3.437496374,-164.05613919
399337180.927182,240510_004631695.jpg,488055.036,7039134.7,432.019,-0.959683623,3.523517862,5.078099982,164.561099796,175.24575114,3.939418631,-164.241588053
399337181.365182,240510_004632134.jpg,488064.49,7039131.849,432.797,-0.960708899,3.925078245,5.218224287,164.83077343,174.839179301,3.989026132,-164.472419935
399337181.813583,240510_004632583.jpg,488074.092,7039128.992,433.587,-0.963599121,3.309514049,5.15836005,165.459221547,175.494696803,4.145604601,-165.147331955
399337182.261983,240510_004633033.jpg,488083.628,7039126.337,434.384,-0.971555771,3.670427631,4.713146346,167.241151965,175.374024974,3.769554714,-166.938118272
399337182.721983,240510_004633494.jpg,488093.373,7039123.938,435.116,-0.979804476,3.040957304,4.439628152,169.487043442,176.19575487,3.797589995,-169.243299457
399337183.181983,240510_004633954.jpg,488103.107,7039121.994,435.791,-0.985669481,3.774639995,4.595035003,171.615158898,175.589255881,3.979008941,-171.3107634
399337183.641984,240510_004634415.jpg,488112.834,7039120.43,436.427,-0.991545011,4.123344,4.306577638,174.165077027,175.45394166,3.848036244,-173.857581017
399337184.114284,240510_004634889.jpg,488122.802,7039119.291,437.023,-0.995841943,4.081927637,3.994675483,177.119032639,175.716763393,3.768997611,-176.836006863
399337184.586584,240510_004635362.jpg,488132.746,7039118.751,437.595,-0.997077637,5.694465234,4.014521428,179.961844561,174.293015749,3.985763726,-179.563848192
399337185.058884,240510_004635835.jpg,488142.651,7039118.57,438.209,-0.995869008,4.588942242,4.120712987,-177.335984243,175.598191461,4.311336536,177.66649275
399337185.541485,240510_004636319.jpg,488152.737,7039118.869,438.822,-0.9933099,3.65838169,3.780968534,-174.838490424,176.69063687,4.082517636,175.076908258
399337186.024085,240510_004636802.jpg,488162.767,7039119.59,439.366,-0.989919677,3.260097064,3.599918046,-172.905580198,177.204852888,3.964879908,173.104501004
399337186.506685,240510_004637286.jpg,488172.753,7039120.669,439.858,-0.986177573,3.356809842,3.403491105,-171.259124193,177.195018925,3.864180765,171.453205376
399337186.989286,240510_004637769.jpg,488182.7,7039122.008,440.301,-0.983433706,3.725934837,3.2707095,-170.231999077,176.87807625,3.844594409,170.442889821
399337187.471886,240510_004638253.jpg,488192.621,7039123.505,440.773,-0.979660955,3.325869457,3.14644938,-168.992750697,177.332342663,3.71447562,169.170337478
399337187.954486,240510_004638736.jpg,488202.534,7039125.2,441.2,-0.978260028,2.950165981,2.285086595,-168.379034621,177.569736009,2.826044384,168.497624583
399337188.437086,240510_004639220.jpg,488212.424,7039126.993,441.513,-0.97640319,2.926637652,2.367260623,-167.877091868,177.634701087,2.922535228,167.997696231
399337188.919687,240510_004639704.jpg,488222.331,7039128.909,441.799,-0.97597053,3.534442244,2.023007985,-167.69888938,176.976726218,2.722325154,167.832949224
399337189.402287,240510_004640187.jpg,488232.253,7039130.787,442.085,-0.975697573,2.903202732,2.188346088,-167.653328753,177.63119356,2.752323786,167.765495794
399337189.884887,240510_004640671.jpg,488242.211,7039132.673,442.355,-0.976785405,2.328186161,2.056823429,-167.925881433,178.153674754,2.493340598,168.007686386
399337190.367488,240510_004641154.jpg,488252.223,7039134.483,442.59,-0.97780245,1.301828082,1.533585449,-168.129865312,179.042591093,1.765291407,168.161929345
399337190.850088,240510_004641638.jpg,488262.251,7039136.366,442.714,-0.977377285,2.316089674,1.330551863,-167.988083021,178.012681481,1.779527468,168.045722001
399337191.321188,240510_004642110.jpg,488272.064,7039138.229,442.85,-0.975536275,2.498647701,1.524466987,-167.512760432,177.890884612,2.024243733,167.583128555
399337191.792288,240510_004642582.jpg,488281.899,7039140.205,442.952,-0.974910369,3.602064828,1.389251259,-167.332559995,176.790728002,2.139435405,167.436021131
399337192.263389,240510_004643054.jpg,488291.788,7039142.166,443.014,-0.97452405,3.180763314,0.839107989,-167.184908523,177.086219106,1.519712638,167.246750474
399337192.734489,240510_004643526.jpg,488301.689,7039144.162,443.045,-0.975003185,3.421915762,0.593258971,-167.295738014,176.79432092,1.327580097,167.350516327
399337193.205589,240510_004643998.jpg,488311.602,7039146.13,443.096,-0.974679687,3.366194761,0.897908391,-167.229125208,176.917074634,1.615437408,167.298866716
399337236.577521,240510_004727456.jpg,488670.091,7039647.104,435.869,-0.223261948,3.417426352,0.482982633,-102.907385892,179.707627028,3.435644706,102.930534735
399337238.432822,240510_004729315.jpg,488671.911,7039659.566,435.802,0.169555313,2.575929445,-1.341712616,-80.230664484,179.117335685,2.763249069,80.221915799
399337243.206825,240510_004734098.jpg,488671.864,7039673.942,435.619,-0.916386712,2.948760248,1.990265906,-156.545044154,178.08582888,2.993760899,156.64609724
399337245.485826,240510_004736382.jpg,488678.469,7039672.878,435.808,-0.589672143,2.085937779,2.057588581,126.18051704,177.111562701,-0.471618684,-126.154981023
399337247.029827,240510_004737929.jpg,488680.636,7039664.771,435.856,0.056530684,3.387666777,1.142061763,86.757121421,179.05379716,-3.446717529,-86.751852506
399337248.234727,240510_004739136.jpg,488679.002,7039655.735,435.887,0.204317004,2.378784834,1.41492274,78.201168009,179.103887303,-2.617970593,-78.19227073
399337249.248228,240510_004740151.jpg,488676.832,7039646.502,435.923,0.21693644,2.913645397,1.390534104,77.461058962,179.277894872,-3.145882711,-77.445539752
399337250.145328,240510_004741050.jpg,488674.402,7039637.209,435.984,0.232367361,2.742668245,1.21568747,76.553944475,179.457888124,-2.950120253,-76.538815682
399337250.962729,240510_004741869.jpg,488671.946,7039627.873,436.022,0.231341295,3.121607207,1.169476889,76.614653717,179.587606785,-3.307298074,-76.594716253
399337251.728229,240510_004742636.jpg,488669.373,7039618.509,436.076,0.240456505,2.391090073,1.359134382,76.075796307,179.258675229,-2.647967738,-76.064568971
399337252.45933,240510_004743369.jpg,488666.743,7039609.016,436.155,0.238746592,2.141278214,1.66689641,76.174789913,178.895721418,-2.477693964,-76.167509614
399337253.15513,240510_004744066.jpg,488664.104,7039599.5,436.281,0.237615548,1.439774951,1.947770515,76.239410211,178.453374775,-1.862137049,-76.240035383
399337253.82393,240510_004744736.jpg,488661.541,7039589.942,436.458,0.236882434,2.278192504,2.124109272,76.28116873,178.479769884,-2.716877408,-76.274969136
399337254.467331,240510_004745381.jpg,488658.935,7039580.422,436.666,0.237510924,1.884557268,2.200408834,76.24335072,178.313822927,-2.3538428,-76.241771816
399337255.099031,240510_004746014.jpg,488656.311,7039570.79,436.874,0.235990574,2.21921636,2.364701325,76.331533616,178.229801605,-2.715034731,-76.327660082
399337255.710231,240510_004746626.jpg,488653.734,7039561.211,437.119,0.231975489,2.297463872,2.409482742,76.568035698,178.193278195,-2.794156798,-76.563764678
399337256.310632,240510_004747228.jpg,488651.158,7039551.608,437.39,0.231032078,1.804007075,2.624035463,76.621437959,177.867821555,-2.362200921,-76.624042054
399337256.899532,240510_004747818.jpg,488648.633,7039541.98,437.671,0.233309094,2.35133501,2.272817044,76.490696802,178.342459452,-2.817064615,-76.48479533
399337257.476432,240510_004748396.jpg,488646.079,7039532.422,437.909,0.230437136,2.104386311,2.54561578,76.657364859,178.011954638,-2.634925354,-76.656303736
399337258.053333,240510_004748974.jpg,488643.506,7039522.707,438.17,0.234293308,2.102004689,2.493716934,76.430403645,178.072267445,-2.628308948,-76.428850188
399337258.619933,240510_004749542.jpg,488640.853,7039513.067,438.462,0.235948062,0.927172368,2.439264532,76.333280841,177.852041091,-1.477681394,-76.34117651
399337259.186533,240510_004750109.jpg,488638.263,7039503.289,438.734,0.232768869,1.926047171,2.231768965,76.522952429,178.28157774,-2.393196547,-76.52130371
399337259.742934,240510_004750667.jpg,488635.705,7039493.604,438.99,0.229047854,2.141165096,2.178395379,76.74284112,178.373695069,-2.583639225,-76.738787504
399337260.299334,240510_004751224.jpg,488633.158,7039483.845,439.23,0.228453809,2.312511478,1.972806937,76.779596296,178.611274099,-2.702358377,-76.7725254
399337260.855735,240510_004751782.jpg,488630.591,7039474.088,439.468,0.228899792,2.121142304,2.660968806,76.746770316,177.899486501,-2.674515519,-76.746512856
399337261.400835,240510_004752328.jpg,488628.09,7039464.485,439.72,0.229310177,2.712860928,2.167895769,76.727473005,178.516031906,-3.137809023,-76.716785175
399337261.945935,240510_004752874.jpg,488625.561,7039454.896,440.008,0.22991364,2.694762075,2.045183517,76.692968938,178.633093842,-3.09288799,-76.681769043
399337262.491035,240510_004753420.jpg,488623.057,7039445.304,440.257,0.22759716,3.101966054,2.031442769,76.829582412,178.732079294,-3.482772133,-76.81314043
399337263.036136,240510_004753967.jpg,488620.569,7039435.73,440.518,0.224969011,3.068385166,2.187686832,76.983024768,178.563035064,-3.481808995,-76.968118284
399337263.591736,240510_004754523.jpg,488617.993,7039426.009,440.799,0.228449677,1.726933342,1.823731531,76.780995591,178.622237906,-2.098486769,-76.778720245
399337264.147336,240510_004755080.jpg,488615.479,7039416.372,441.084,0.229726086,2.502543997,2.218125146,76.702502124,178.420105578,-2.945413767,-76.694663779
399337264.713337,240510_004755647.jpg,488612.907,7039406.637,441.424,0.233638561,1.99334791,2.168599717,76.472220701,178.360848168,-2.445349576,-76.469455154
399337265.279337,240510_004756214.jpg,488610.331,7039397.025,441.764,0.237831746,2.290106597,2.791537932,76.21808088,177.837797155,-2.888855859,-76.21677906
399337265.855737,240510_004756792.jpg,488607.732,7039387.328,442.171,0.234251499,3.056970698,3.5445892,76.419497162,177.276236596,-3.802795904,-76.41532977
399337266.432138,240510_004757369.jpg,488605.178,7039377.73,442.696,0.228945219,3.215849341,4.028738964,76.725261763,176.821376969,-4.053682955,-76.724654577
399337267.021138,240510_004757959.jpg,488602.634,7039368.05,443.321,0.226986604,3.171799135,4.431493031,76.833915958,176.411461991,-4.096267918,-76.839543541
399337267.620638,240510_004758560.jpg,488600.09,7039358.338,444.017,0.228004227,3.03079375,4.862685317,76.765588727,175.964209202,-4.06174781,-76.78003207
399337268.230539,240510_004759171.jpg,488597.514,7039348.585,444.77,0.227890097,2.625585605,4.708154678,76.775369184,176.021224593,-3.631520605,-76.793565465
399337268.840439,240510_004759782.jpg,488595.002,7039338.977,445.491,0.233759819,2.986996642,4.905466825,76.424311852,175.936562534,-4.053150597,-76.440171184
399337269.47444,240510_004800418.jpg,488592.347,7039329.2,446.228,0.237988888,2.646800867,4.506706877,76.181937974,176.259709309,-3.645142734,-76.19680268
399337270.11894,240510_004801063.jpg,488589.68,7039319.53,446.903,0.241705245,2.315561917,4.159510884,75.968338994,176.529812058,-3.253892143,-75.982789548
399337270.80004,240510_004801746.jpg,488586.906,7039309.73,447.57,0.24380929,1.504737028,4.060928666,75.845440545,176.434193604,-2.4513833,-75.868317779
399337271.514641,240510_004802462.jpg,488584.177,7039299.888,448.202,0.23808301,1.658777692,3.701219205,76.190557266,176.805459646,-2.493763896,-76.206436275
399337272.281741,240510_004803230.jpg,488581.517,7039289.999,448.817,0.232926916,1.983488683,3.645948976,76.49620534,176.92174028,-2.779415226,-76.507713626
399337273.112542,240510_004804063.jpg,488578.909,7039280.057,449.383,0.213945596,1.910720511,3.197992604,77.620795398,177.289607713,-2.551603345,-77.627782254
399337274.026542,240510_004804979.jpg,488576.682,7039269.897,449.9,0.142956393,2.986474886,2.68720684,81.768002331,177.771730721,-3.340074499,-81.762932469
399337275.113243,240510_004806068.jpg,488575.456,7039259.175,450.377,0.000900636,3.88220361,2.158720416,89.948336194,177.848116582,-3.883790744,-89.948197634
399337276.611244,240510_004807568.jpg,488575.977,7039247.538,450.872,-0.175387198,3.810509234,2.694540956,100.117335413,176.68214415,-3.278322062,-100.122738981
399337283.164748,240510_004814135.jpg,488577.731,7039239.032,451.317,-0.30198823,1.43459175,3.133020197,107.612839918,176.584428604,-0.421705643,-107.586156958
399337289.718252,240510_004820701.jpg,488577.774,7039238.886,451.332,-0.301057913,1.393918709,3.103588955,107.556307079,176.625119821,-0.395162773,-107.530161227
399337337.157061,240510_004908234.jpg,488247.502,7039129.469,442.473,0.975240435,0.800733204,-0.394963469,12.649892758,-179.131332176,0.20827408,-12.654246478
399337337.635862,240510_004908714.jpg,488237.716,7039127.566,442.258,0.975282228,0.259680535,-0.898707603,12.613635656,-179.549270555,0.81805904,-12.618932417
399337338.114662,240510_004909193.jpg,488227.937,7039125.685,442.058,0.975884411,-0.408641299,-0.992638884,12.447560206,179.816194368,1.054985306,-12.442388631
399337338.593462,240510_004909673.jpg,488218.152,7039123.792,441.768,0.976831794,0.195451289,-1.574420208,12.132652919,-179.476941562,1.49527781,-12.142234221
399337339.072263,240510_004910153.jpg,488208.363,7039122.022,441.504,0.978152387,-1.386156876,-1.188456958,11.811438215,178.887823141,1.444071329,-11.783137066
399337339.551063,240510_004910633.jpg,488198.543,7039120.303,441.166,0.980435858,-1.714560281,-1.428314985,11.126008746,178.594468012,1.728863053,-11.083542403
399337340.029863,240510_004911112.jpg,488188.691,7039118.749,440.778,0.983320783,-2.880864063,-2.015189396,10.135337203,177.518612069,2.484825625,-10.031027039
399337340.508663,240510_004911592.jpg,488178.832,7039117.307,440.334,0.986726013,-2.446365386,-2.118245482,8.934062753,177.9123993,2.467158314,-8.844053666
399337340.987464,240510_004912072.jpg,488168.942,7039116.087,439.872,0.991498544,-1.734833658,-1.964968855,6.997651584,178.518292463,2.157529535,-6.940139787
399337341.466264,240510_004912552.jpg,488158.99,7039115.285,439.392,0.995404406,-2.672839985,-2.144326289,4.744964746,177.513981106,2.352304829,-4.644072845
399337341.945064,240510_004913031.jpg,488148.994,7039114.861,438.861,0.997536896,-2.952998898,-2.550856187,2.565435517,177.163626704,2.673296612,-2.433704072
399337342.423864,240510_004913511.jpg,488138.963,7039114.775,438.268,0.998185521,-2.499778466,-2.962984627,0.214366051,177.510490124,2.965301339,-0.085486006
399337342.902665,240510_004913991.jpg,488128.898,7039115.156,437.699,0.997133468,-2.94247741,-3.259180334,-2.264277549,176.929371284,3.131539801,2.431698077
399337343.381465,240510_004914471.jpg,488118.851,7039115.995,437.103,0.994434247,-3.273827263,-3.099325676,-4.890121267,176.472902801,2.79952089,5.06466226
399337343.860265,240510_004914950.jpg,488108.801,7039117.269,436.481,0.98928084,-3.224004434,-3.336521455,-7.507890679,176.366533397,2.876685113,7.692806089
399337344.339066,240510_004915430.jpg,488098.758,7039118.901,435.764,0.982723749,-0.875545538,-3.471718935,-9.938539962,178.538658807,3.26323987,10.006562322
399337344.804866,240510_004915897.jpg,488089.041,7039121.09,435.113,0.976026421,-3.31552433,-4.032208872,-11.788771956,175.928105756,3.257289966,12.021030321
399337345.270666,240510_004916364.jpg,488079.324,7039123.452,434.334,0.967662011,-2.043945675,-4.417061397,-13.832408257,176.956596562,3.791009663,14.011743464
399337345.736466,240510_004916830.jpg,488069.644,7039126.189,433.497,0.963971216,-2.210643356,-4.221779479,-14.749787712,176.785280821,3.510488196,14.929577041
399337346.202267,240510_004917297.jpg,488059.931,7039129.086,432.684,0.960841335,-2.237684883,-3.904205977,-15.521957165,176.798101112,3.154320913,15.686194656
399337346.656267,240510_004917752.jpg,488050.408,7039131.993,431.906,0.957986132,-0.975631863,-3.852154676,-16.135824248,177.992032533,3.423244532,16.228503267
399337347.110267,240510_004918207.jpg,488040.852,7039135.005,431.172,0.957099199,0.044762106,-3.930422867,-16.300027124,178.940684435,3.77984507,16.333368735
399337347.564267,240510_004918662.jpg,488031.277,7039138.034,430.531,0.958448229,1.206796066,-2.727934672,-16.262894444,-179.603011787,2.952425098,16.223935032
399337348.018268,240510_004919117.jpg,488021.623,7039141.095,430.019,0.959517682,1.604679922,-1.947697873,-16.152492472,-178.998389015,2.313324521,16.105018807
399337348.472268,240510_004919572.jpg,488011.904,7039144.158,429.578,0.959606531,2.215189709,-1.920452518,-16.1373526,-178.40337399,2.45591987,16.066045943
399337348.926268,240510_004920026.jpg,488002.18,7039147.254,429.168,0.959844762,2.073961388,-1.738005497,-16.108283786,-178.487528071,2.241046783,16.047284078
399337349.380269,240510_004920481.jpg,487992.44,7039150.276,428.846,0.960020577,3.35734258,-1.016530033,-16.131872306,-177.055623667,1.904667803,16.053206184
399337349.834269,240510_004920936.jpg,487982.711,7039153.381,428.598,0.960722878,2.671277019,-0.437357456,-16.01187234,-177.5522997,1.154429522,15.977067797
399337350.288269,240510_004921391.jpg,487972.936,7039156.417,428.426,0.959493364,3.701372595,-0.819710011,-16.251111764,-176.67446387,1.818066819,16.171929984
399337350.731169,240510_004921835.jpg,487963.475,7039159.413,428.261,0.959850363,4.027596982,0.775439163,-16.179780547,-175.916707667,0.377287957,16.193649904
399337351.17407,240510_004922279.jpg,487954.001,7039162.414,428.364,0.958734683,4.033952688,1.384243694,-16.368703122,-175.740544663,-0.189501187,16.424539148
399337351.61697,240510_004922722.jpg,487944.572,7039165.524,428.505,0.957848371,2.382222703,1.42694554,-16.544547757,-177.310045752,-0.688821115,16.590431016
399337352.05987,240510_004923166.jpg,487935.186,7039168.606,428.657,0.957931089,1.806255997,1.648459417,-16.507823824,-177.799362798,-1.066562204,16.554339215
399337352.51287,240510_004923620.jpg,487925.615,7039171.697,428.892,0.959081104,1.919643663,1.973269012,-16.238895393,-177.604565408,-1.356379904,16.300358878
399337352.965871,240510_004924074.jpg,487916.045,7039174.677,429.143,0.961637782,3.017913854,1.838382843,-15.721930671,-176.59698859,-0.949620426,15.798605064
399337353.418871,240510_004924528.jpg,487906.5,7039177.585,429.388,0.964347797,3.218464387,1.697819819,-15.153772934,-176.449939252,-0.795331441,15.22615617
399337353.871871,240510_004924982.jpg,487896.986,7039180.416,429.616,0.965491901,2.975426526,1.834601253,-14.884848969,-176.653188148,-1.006504159,14.961939488
399337354.324871,240510_004925436.jpg,487887.497,7039183.192,429.834,0.966253115,2.852186308,1.633713538,-14.73707143,-176.826128073,-0.852825071,14.801410173
399337354.788972,240510_004925901.jpg,487877.849,7039186.02,430.044,0.967006324,2.143176781,2.013617312,-14.519674154,-177.4198239,-1.410293648,14.589144581
399337355.253072,240510_004926366.jpg,487868.235,7039188.759,430.267,0.969150645,2.253733156,1.852932933,-14.042393724,-177.363557178,-1.249205012,14.107631177
399337355.727472,240510_004926841.jpg,487858.468,7039191.418,430.5,0.973048865,2.354215457,1.821022892,-13.093623091,-177.293994241,-1.23876728,13.160342117
399337356.201873,240510_004927316.jpg,487848.811,7039193.893,430.792,0.978674691,1.823006567,2.340093209,-11.49130147,-177.746082592,-1.92803122,11.566515979
399337356.687873,240510_004927803.jpg,487838.943,7039196.024,431.093,0.985610608,2.758201889,2.188036464,-9.320992075,-176.922794466,-1.709374955,9.419627057
399337357.173873,240510_004928290.jpg,487829.086,7039197.813,431.347,0.989889462,3.027856908,1.703135885,-7.779807574,-176.768984272,-1.275270311,7.860827334
399337357.659873,240510_004928777.jpg,487819.291,7039199.338,431.538,0.993209583,3.207815365,1.820918554,-6.183704355,-176.613975041,-1.461828396,6.277938731
399337358.157574,240510_004929276.jpg,487809.287,7039200.516,431.746,0.996957047,4.179286278,1.520562771,-3.818341592,-175.728469374,-1.235090981,3.919917587
399337358.655274,240510_004929775.jpg,487799.335,7039201.311,431.955,0.998976703,4.038496351,1.586102363,-1.048593414,-175.93232481,-1.507949167,1.158098869
399337359.152974,240510_004930273.jpg,487789.405,7039201.68,432.163,0.998752888,2.633659675,1.365637653,1.794749346,-177.409418554,-1.446061848,-1.730622023
399337359.660675,240510_004930782.jpg,487779.335,7039201.449,432.354,0.996010436,3.401826489,1.600062483,4.534091102,-176.733694275,-1.860878371,-4.433483792
399337360.168375,240510_004931291.jpg,487769.299,7039200.822,432.536,0.991644467,2.635994819,1.551148478,7.032234401,-177.572127841,-1.860370184,-6.957085224
399337360.676075,240510_004931800.jpg,487759.327,7039199.704,432.737,0.984462832,3.115600262,1.838602645,9.790537059,-177.239850105,-2.33844102,-9.68415835
399337361.183776,240510_004932308.jpg,487749.41,7039198.096,432.896,0.975997609,3.630085642,1.36071564,12.383273401,-176.744024044,-2.104448395,-12.280312505
399337361.691476,240510_004932817.jpg,487739.596,7039196.08,433.082,0.967171398,3.720308748,1.483543294,14.544347449,-176.768697588,-2.366690116,-14.429381325
399337362.199176,240510_004933326.jpg,487729.847,7039193.736,433.22,0.959495775,3.464352755,1.336238031,16.216976076,-177.044251268,-2.2478135,-16.11854605
399337362.706876,240510_004933834.jpg,487720.157,7039191.097,433.322,0.951981055,3.805242553,0.921042862,17.720116042,-176.653743728,-2.033139296,-17.630110259
399337363.214577,240510_004934343.jpg,487710.52,7039188.177,433.399,0.943177787,4.222388296,0.97127946,19.307137123,-176.333670443,-2.3093904,-19.197396771
399337363.722277,240510_004934852.jpg,487700.909,7039185.023,433.479,0.937042489,4.154420087,0.825187664,20.350429199,-176.389617276,-2.215614188,-20.250650578
399337364.229977,240510_004935360.jpg,487691.32,7039181.688,433.537,0.933279849,4.38679271,1.033455906,20.953099322,-176.269705608,-2.529979804,-20.831108385
399337364.737678,240510_004935869.jpg,487681.697,7039178.298,433.617,0.929638493,3.327048325,1.049703583,21.528586827,-177.288062799,-2.195403922,-21.446114881
399337365.234878,240510_004936367.jpg,487672.281,7039174.831,433.734,0.926143525,3.259770166,0.940507041,22.072862421,-177.330591715,-2.0948717,-21.997274187
399337365.732078,240510_004936866.jpg,487662.869,7039171.275,433.809,0.921958045,2.846422815,1.366468757,22.682374143,-177.898169116,-2.356621281,-22.60516872
399337366.229278,240510_004937364.jpg,487653.445,7039167.603,433.907,0.91898325,2.655865219,1.17935677,23.130427695,-178.018838153,-2.126565461,-23.066297046
399337366.726479,240510_004937862.jpg,487644.028,7039163.839,434.01,0.915773113,2.600783609,1.015937299,23.601732675,-178.021705931,-1.971265311,-23.544617246
399337367.223679,240510_004938360.jpg,487634.615,7039160.003,434.072,0.913667597,2.415419194,0.820881928,23.908491836,-178.123029249,-1.728832149,-23.862851554
399337367.720879,240510_004938858.jpg,487625.224,7039156.099,434.116,0.912267431,2.81559938,0.790886822,24.106729714,-177.751374152,-1.871020299,-24.050560074
399337368.21808,240510_004939356.jpg,487615.871,7039152.151,434.181,0.910903392,3.496944199,1.064021111,24.287682124,-177.247580496,-2.405922265,-24.197384151
399337309.378763,240510_004840401.jpg,488577.777,7039238.887,451.33,-0.301050461,1.392449334,3.122457562,107.556182542,176.60759258,-0.388093412,-107.529697954
399337315.117377,240510_004846151.jpg,488578.365,7039236.776,451.423,-0.210356549,0.685376299,3.342678616,102.170105531,176.592478323,0.032444773,-102.149066184
399337317.139378,240510_004848177.jpg,488577.825,7039229.293,451.587,0.419944184,1.183053549,-1.628881052,65.145579791,-178.025210011,-0.390628027,-65.155746262
399337318.494078,240510_004849534.jpg,488572.36,7039222.497,451.174,0.780958854,3.419366509,-2.638234512,38.541334262,-175.684242427,-0.072588366,-38.617393988
399337319.504479,240510_004850547.jpg,488564.613,7039217.6,450.614,0.870963786,3.048816403,-2.487709318,29.284773696,-176.1252324,0.672578175,-29.373767717
399337320.365637,240510_004851409.jpg,488555.969,7039213.411,450.038,0.901794738,2.188575186,-2.668684465,25.417787845,-176.877735726,1.465425203,-25.508769472
399337321.128152,240510_004852173.jpg,488547.024,7039209.706,449.413,0.921883804,1.0080063,-2.940382957,22.551292822,-177.940201865,2.324143491,-22.619059341
399337321.825253,240510_004852872.jpg,488537.906,7039206.373,448.768,0.934864218,0.537695299,-2.676512532,20.556104764,-178.555650586,2.313141347,-20.597941815
399337322.475253,240510_004853523.jpg,488528.64,7039203.206,448.122,0.934472415,0.463888609,-2.652515768,20.623022438,-178.63049489,2.315058061,-20.661551882
399337323.089953,240510_004854139.jpg,488519.345,7039199.922,447.484,0.933265114,1.32868119,-2.793829046,20.801183281,-177.764650666,2.134945505,-20.87532809
399337323.680854,240510_004854731.jpg,488509.942,7039196.619,446.842,0.931912634,1.425175452,-2.707318697,21.029482257,-177.697248893,2.010695899,-21.103656143
399337324.247954,240510_004855299.jpg,488500.562,7039193.349,446.236,0.930799454,0.153611845,-2.262263227,21.256448012,-179.035775086,2.049101552,-21.276839095
399337324.804154,240510_004855857.jpg,488491.077,7039189.972,445.721,0.930146239,-0.258949952,-1.880404091,21.39481762,-179.554282046,1.842096338,-21.397843756
399337325.338255,240510_004856392.jpg,488481.744,7039186.586,445.295,0.929983392,-0.107420778,-1.440593476,21.452840764,-179.572186845,1.377305036,-21.456717316
399337325.859655,240510_004856914.jpg,488472.425,7039183.202,444.908,0.932490035,0.393633025,-1.229945313,21.069086456,-179.189717402,1.003660079,-21.080471625
399337326.381055,240510_004857437.jpg,488462.91,7039179.85,444.564,0.937660018,0.628878114,-1.08600929,20.236371872,-179.03355131,0.799027417,-20.24912225
399337326.892255,240510_004857949.jpg,488453.388,7039176.712,444.293,0.942505407,-0.385213134,-0.817161552,19.429970275,179.909748619,0.896503344,-19.426575782
399337327.403456,240510_004858461.jpg,488443.723,7039173.677,444.104,0.947929813,-0.98349448,-0.327496183,18.48701936,179.172701627,0.620498165,-18.479769721
399337327.902956,240510_004858962.jpg,488434.136,7039170.854,443.975,0.952771797,-2.023492818,0.127750928,17.59315325,178.034758677,0.488159803,-17.587058817
399337328.402456,240510_004859462.jpg,488424.451,7039168.078,443.852,0.953794588,-1.797334184,0.220965496,17.397227534,178.220995039,0.325042604,-17.395661415
399337328.901957,240510_004859963.jpg,488414.696,7039165.36,443.774,0.956399322,-2.460843497,0.361123861,16.888346236,177.542910702,0.367983159,-16.888218933
399337329.391257,240510_004900453.jpg,488405.064,7039162.763,443.726,0.960862411,-2.078913569,0.359993606,15.984160029,177.904695842,0.225107935,-15.986581444
399337329.880557,240510_004900943.jpg,488395.344,7039160.343,443.648,0.96413653,-3.032055211,0.511497945,15.283577063,176.943226363,0.30479676,-15.288980159
399337330.369857,240510_004901433.jpg,488385.592,7039157.903,443.601,0.96661802,-1.191273986,0.324818134,14.739464443,178.767225383,-0.012288246,-14.742977311
399337330.859158,240510_004901924.jpg,488375.766,7039155.658,443.548,0.968484902,-1.838538724,0.031683554,14.316392447,178.21285404,0.422235177,-14.310341565
399337331.348458,240510_004902414.jpg,488365.935,7039153.428,443.475,0.969805212,-1.122411749,0.292634846,14.004073276,178.842032241,-0.013591865,-14.007082113
399337331.837758,240510_004902904.jpg,488356.073,7039151.222,443.402,0.970554549,-0.010267007,0.288182171,13.825546109,179.922546216,-0.278560766,-13.825758791
399337332.327059,240510_004903394.jpg,488346.193,7039149.01,443.313,0.97137747,1.109242711,0.276311935,13.626986003,-178.986177021,-0.530876182,-13.619606295
399337332.816359,240510_004903885.jpg,488336.291,7039146.887,443.261,0.972798905,1.301796072,0.745671511,13.258947862,-178.90286979,-1.024796904,-13.240642549
399337333.305659,240510_004904375.jpg,488326.343,7039144.839,443.236,0.973989674,1.217869472,0.466472597,12.970794076,-178.916968136,-0.728697372,-12.958934726
399337333.79496,240510_004904865.jpg,488316.378,7039142.829,443.203,0.974669381,1.218042438,0.384972722,12.798714453,-178.896600143,-0.646097295,-12.788388747
399337334.28426,240510_004905356.jpg,488306.387,7039140.875,443.151,0.975339915,0.511942547,0.058514021,12.629693906,-179.512143613,-0.170361655,-12.628710155
399337334.76306,240510_004905835.jpg,488296.621,7039138.963,443.098,0.975823374,0.517742721,0.601935378,12.488148921,-179.623433018,-0.700456536,-12.483110659
399337335.24186,240510_004906315.jpg,488286.821,7039137.004,443.024,0.975937829,1.842781034,0.106435703,12.471661067,-178.223146779,-0.502916655,-12.462140322
399337335.720661,240510_004906795.jpg,488276.994,7039135.149,442.924,0.976056914,0.540638723,-0.018277806,12.440461884,-179.467049727,-0.100013689,-12.440088214
399337336.199461,240510_004907274.jpg,488267.159,7039133.243,442.802,0.976737139,1.16136222,-0.015958035,12.258153381,-178.860941055,-0.232300021,-12.256004807
399337336.678261,240510_004907754.jpg,488257.293,7039131.39,442.67,0.975932798,0.479046495,-0.436845207,12.465983393,-179.43692873,0.321335982,-12.469409627
399337368.71528,240510_004939855.jpg,487606.543,7039148.268,434.283,0.9121982,2.745488452,0.952927217,24.110934086,-177.881478626,-1.990276409,-24.051282468
399337369.21248,240510_004940353.jpg,487597.323,7039144.435,434.393,0.91269373,2.548270026,1.116658153,24.034664877,-178.125499801,-2.056657601,-23.976162022
399337369.70968,240510_004940851.jpg,487588.203,7039140.647,434.478,0.913685379,2.697412975,0.866617808,23.904450559,-177.88345687,-1.884428206,-23.849222114
399337370.217281,240510_004941360.jpg,487579.015,7039136.865,434.558,0.914277517,2.427530103,0.851964195,23.821032747,-178.121815086,-1.759232638,-23.774129773
399337370.736881,240510_004941880.jpg,487569.792,7039133.136,434.637,0.915110447,1.372891611,0.641365724,23.708773304,-178.999613344,-1.139641476,-23.691127975
399337371.278081,240510_004942423.jpg,487560.502,7039129.325,434.695,0.915714052,1.900313079,0.583815835,23.623974714,-178.491729657,-1.296564492,-23.597216121
399337371.841782,240510_004942987.jpg,487551.186,7039125.517,434.761,0.914416331,2.035414396,0.510091768,23.810529897,-178.3426582,-1.288560225,-23.782823356
399337372.427982,240510_004943575.jpg,487541.948,7039121.715,434.842,0.913183535,1.907781411,0.087563254,23.989936446,-178.291870805,-0.856414343,-23.975715337
399337373.077383,240510_004944225.jpg,487532.489,7039117.78,434.917,0.910651661,1.648075306,0.087873091,24.344439495,-178.533866817,-0.760283309,-24.333452961
399337373.802383,240510_004944952.jpg,487523.036,7039113.765,434.985,0.904869826,1.278050585,0.354828999,25.134179366,-178.992563429,-0.864768599,-25.122617827
399337374.652184,240510_004945803.jpg,487513.429,7039109.483,435.053,0.896135234,1.177198372,-0.159799215,26.290106601,-178.872943184,-0.379367571,-26.288034518
399337375.853784,240510_004947007.jpg,487503.017,7039104.415,435.106,0.848806688,0.499879206,-0.109656176,31.874142027,-179.516440628,-0.172156202,-31.873917639
399337377.593085,240510_004948750.jpg,487494.968,7039097.237,435.116,0.393712795,1.018438808,-0.503463604,66.80170719,-179.135278702,-0.738867969,-66.800647035
399337379.160546,240510_004950321.jpg,487494.444,7039088.466,434.891,-0.418471113,0.819923212,-1.149925433,114.755937065,-179.298496449,-1.226625613,-114.756658854
399337380.368147,240510_004951531.jpg,487498.771,7039080.649,434.555,-0.551489663,1.81220477,-0.520508501,123.488782946,179.435310783,-1.798818968,-123.505882606
399337381.376634,240510_004952541.jpg,487503.876,7039072.83,434.293,-0.581044291,2.543808354,-0.410925187,125.544457264,178.856503376,-2.308533917,-125.576632492
399337382.277934,240510_004953444.jpg,487509.32,7039064.919,434.061,-0.60038755,2.204334353,0.04083422,126.918035885,178.644949772,-1.738206395,-126.937823326
399337383.101335,240510_004954269.jpg,487514.979,7039057.056,433.888,-0.610504282,2.048145046,0.136393662,127.647006726,178.642842722,-1.538933098,-127.662812011
399337383.878925,240510_004955048.jpg,487520.825,7039049.134,433.728,-0.619959181,1.89431559,-0.161658793,128.334770932,178.953390199,-1.586588538,-128.351942525
399337384.626525,240510_004955798.jpg,487526.786,7039041.229,433.554,-0.621996869,2.204328806,-0.468556818,128.48518428,178.996106502,-2.017087156,-128.511876319
399337385.364026,240510_004956537.jpg,487532.82,7039033.219,433.357,-0.616361859,2.346082175,-0.725458951,128.075785517,179.124985845,-2.293969374,-128.108159489
399337386.091526,240510_004957265.jpg,487538.729,7039025.162,433.137,-0.600471982,2.5820836,-1.059305454,126.931454403,179.295468475,-2.699871612,-126.971924839
399337386.819026,240510_004957994.jpg,487544.439,7039016.985,432.885,-0.580913954,2.323468068,-1.243654052,125.543868584,179.661445548,-2.613000799,-125.576801143
399337387.557627,240510_004958734.jpg,487549.997,7039008.61,432.59,-0.557113133,2.246215359,-1.379466574,123.885749908,179.892967777,-2.633314138,-123.915244647
399337388.307327,240510_004959485.jpg,487555.208,7039000.003,432.277,-0.499109691,2.088894517,-1.656019608,119.970550146,-179.608876716,-2.636405546,-119.991734641
399337389.067428,240510_005000247.jpg,487559.711,7038991.035,431.942,-0.41054054,2.282103015,-1.470332601,114.259517132,-179.597067641,-2.684360369,-114.279366305
399337389.827528,240510_005001009.jpg,487563.191,7038981.735,431.64,-0.309295912,1.886806335,-1.260476545,108.030142975,-179.385029739,-2.184369533,-108.039189488
399337390.597729,240510_005001780.jpg,487565.671,7038972.05,431.363,-0.203858354,2.028797038,-1.049646556,101.77032926,-179.385772332,-2.200425043,-101.777141258
399337391.378729,240510_005002563.jpg,487567.089,7038962.076,431.109,-0.092569317,2.366761681,-1.043596367,95.314841474,-179.179668669,-2.453371273,-95.318863521
399337392.15973,240510_005003346.jpg,487567.376,7038952.067,430.869,0.0230515,2.672292503,-1.134302298,88.678244886,-178.803994754,-2.645511257,-88.677122246
399337392.95153,240510_005004139.jpg,487566.465,7038942.032,430.617,0.138988215,2.616561306,-1.119118457,82.005356312,-178.527491046,-2.435741624,-81.999652517
399337393.743331,240510_005004932.jpg,487564.399,7038932.24,430.39,0.26239058,2.846471271,-0.556583029,74.779935294,-178.714635206,-2.600627425,-74.764628811
399337394.535131,240510_005005726.jpg,487561.088,7038922.787,430.247,0.383933726,2.788507124,0.18588468,67.411047991,-179.098637065,-2.645870426,-67.385741474
399337395.326932,240510_005006519.jpg,487556.571,7038913.778,430.243,0.49457766,2.422688426,1.000191412,60.337715459,-179.667663365,-2.599858341,-60.309037576
399337396.104532,240510_005007298.jpg,487551.055,7038905.478,430.368,0.592459725,1.997170937,1.524436373,53.633410625,179.959340845,-2.511652858,-53.607717914
399337396.882132,240510_005008077.jpg,487544.61,7038897.842,430.573,0.677407727,1.419481559,1.805769191,47.307428304,179.637743891,-2.267335626,-47.292189085
399337397.659733,240510_005008856.jpg,487537.336,7038890.952,430.802,0.747221124,0.382254981,1.911743265,41.583402567,179.019384656,-1.683472851,-41.591365545
399337398.427133,240510_005009625.jpg,487529.554,7038884.794,431.014,0.805701696,0.928864803,1.574507732,36.255590207,179.819973093,-1.818803854,-36.245641476
399337399.194534,240510_005010394.jpg,487521.221,7038879.326,431.149,0.855047145,2.011052762,0.662972109,31.184019803,-178.621299945,-1.608409588,-31.15302629
399337399.960834,240510_005011162.jpg,487512.517,7038874.61,431.168,0.890463543,2.926385751,0.049404834,27.015347274,-177.414609845,-1.373413149,-26.9830965
399337400.748735,240510_005011952.jpg,487503.427,7038870.492,431.113,0.911445645,2.453375201,-0.684431459,24.224962248,-177.481775688,-0.38422773,-24.231189968
399337401.599835,240510_005012804.jpg,487494.016,7038866.693,430.949,0.923986451,2.033779203,-1.549352115,22.367697707,-177.529532155,0.655617259,-22.409377691
399337402.548336,240510_005013755.jpg,487484.387,7038863.118,430.64,0.925221736,1.288392559,-2.612940681,22.085917029,-177.822643168,1.932356624,-22.15212012
399337403.673237,240510_005014882.jpg,487474.608,7038859.269,430.098,0.901929417,0.742975597,-3.602834874,25.292247731,-177.78699076,2.934683095,-25.372469395
399337405.091837,240510_005016303.jpg,487465.138,7038854.37,429.352,0.821842493,1.952335251,-4.681450601,34.413514339,-175.741322553,2.749028997,-34.595701956
399337407.469439,240510_005018686.jpg,487455.529,7038846.665,428.342,0.755805261,4.878508899,-4.469350553,40.670806871,-173.393371485,0.195604185,-40.872565458
399337414.022943,240510_005025252.jpg,487450.646,7038843.418,427.948,0.951239374,5.155377988,-1.099469095,17.849786654,-174.757390394,-0.537423471,-17.874640241
399338048.074598,240510_010100557.jpg,487450.667,7038843.396,428.006,0.951383679,5.154777479,-1.076490387,17.824128447,-174.764731412,-0.556659412,-17.84709714
399338054.628102,240510_010107124.jpg,487450.668,7038843.394,428.01,0.951387142,5.1522613,-1.077782312,17.82340488,-174.766724544,-0.554598858,-17.84651197
399338061.181606,240510_010113690.jpg,487450.63,7038843.364,427.998,0.953998579,5.284609805,-0.894643788,17.337660071,-174.690320035,-0.723657838,-17.345351663
399338067.73511,240510_010120257.jpg,487446.229,7038843.53,427.988,0.82641483,4.05891185,1.485447656,-34.199695386,-175.809447706,1.052978435,34.213844289
399338073.535026,240510_010126068.jpg,487443.68,7038846.578,428.1,0.175814544,3.659527219,1.466663511,-79.865741304,-177.912013626,3.341600591,79.85164238
399338076.184927,240510_010128723.jpg,487446.287,7038853.118,428.239,-0.849683804,4.449769268,3.386337424,-148.382880024,177.976216087,5.205833479,148.606102309
399338078.204529,240510_010130747.jpg,487454.548,7038855.937,428.72,-0.972871344,2.097317961,5.014016153,-167.70516981,179.013985052,5.337647221,167.842588877
399338079.734329,240510_010132280.jpg,487463.187,7038857.675,429.335,-0.959809954,1.124664874,5.140509955,-164.608811254,-179.720124755,5.248299528,164.646142147
399338081.03693,240510_010133585.jpg,487472.144,7038860.103,429.999,-0.945975977,0.875839653,4.233152078,-161.62407572,-179.495973195,4.288075033,161.63731019
399338082.202031,240510_010134752.jpg,487481.225,7038862.961,430.521,-0.936551245,0.389337111,3.485156488,-159.838966315,-179.163025844,3.401256503,159.825759723
399338083.261631,240510_010135814.jpg,487490.356,7038866.123,430.879,-0.925921384,-0.437372864,2.666532828,-158.027225179,-178.595441975,2.305281023,157.988656128
399338084.244332,240510_010136799.jpg,487499.435,7038869.623,431.082,-0.913717768,-0.791130613,1.902889641,-156.156542062,-178.506373436,1.4175375,156.124837178
399338085.164233,240510_010137720.jpg,487508.389,7038873.445,431.186,-0.895699915,-0.887792318,0.874595486,-153.66654629,-178.815625275,0.388036434,153.655711497
399338086.047333,240510_010138605.jpg,487517.185,7038877.838,431.195,-0.86059529,0.095126101,0.551981634,-149.433787241,-179.799960635,0.521860329,149.433285561
399338086.888433,240510_010139448.jpg,487525.537,7038882.907,431.11,-0.809475518,1.006281137,-0.285481845,-144.083069209,179.019587804,0.357719065,144.083617504
399338087.717134,240510_010140278.jpg,487533.477,7038888.837,430.898,-0.749412132,1.60864324,-0.839645493,-138.577120869,178.240870582,0.433593345,138.572026525
399338088.533834,240510_010141097.jpg,487540.908,7038895.498,430.675,-0.679561929,0.954897983,-0.737530178,-132.838917016,178.812225684,0.197587637,132.834844258
399338089.350535,240510_010141915.jpg,487547.65,7038902.95,430.458,-0.591535037,0.325166284,-0.586994986,-126.288097577,179.336401701,-0.086424836,126.285942546
399338090.167235,240510_010142733.jpg,487553.419,7038911.117,430.283,-0.491805399,0.484387313,0.116502735,-119.474687082,179.864554189,0.477432067,119.475720362
399338090.972936,240510_010143541.jpg,487558.21,7038919.872,430.238,-0.389709984,-0.043174949,0.786091885,-112.950207671,-179.258529401,0.265150363,112.948142656
399338091.768136,240510_010144337.jpg,487561.945,7038929.083,430.337,-0.275913179,-0.051326858,1.679123156,-106.031291055,-178.372053539,0.412564701,106.024591912
399338092.563337,240510_010145134.jpg,487564.44,7038938.682,430.532,-0.145048083,0.593325616,2.045394293,-98.349395749,-178.062802985,0.882095544,98.344976679
399338093.358537,240510_010145931.jpg,487565.659,7038948.52,430.775,-0.025020138,1.174683642,1.998118794,-91.435249541,-178.032346558,1.22241024,91.434654894
399338094.153738,240510_010146728.jpg,487565.785,7038958.504,431.016,0.080541878,1.261986147,2.002575122,-85.375263774,-177.902731563,1.094664732,85.377209177
399338094.927838,240510_010147503.jpg,487564.907,7038968.292,431.258,0.190794726,0.592680475,2.17502899,-78.987526287,-177.752484045,0.165172685,78.995479328
399338095.691838,240510_010148269.jpg,487562.881,7038977.976,431.524,0.301262165,0.542547044,2.559169634,-72.439916984,-177.397346331,-0.255427844,72.457786055
399338096.433339,240510_010149012.jpg,487559.833,7038987.329,431.822,0.401105754,-0.040740208,2.77829797,-66.311250258,-177.472797395,-1.153451086,66.335675827
399338097.164339,240510_010149744.jpg,487555.779,7038996.348,432.15,0.488750011,0.214571385,2.730515991,-60.689824148,-177.51450726,-1.149319363,60.719854047
399338097.88464,240510_010150466.jpg,487550.956,7039004.94,432.474,0.560509419,-0.407363401,2.610738595,-55.850261263,-178.068084087,-1.802231556,55.871374836
399338098.60494,240510_010151188.jpg,487545.45,7039013.171,432.78,0.599199094,-0.275012181,2.381564084,-53.130012211,-178.259636942,-1.648640344,53.149350309
399338099.325241,240510_010151909.jpg,487539.636,7039021.222,433.063,0.61353178,-0.083814963,2.031211878,-52.10557289,-178.448366535,-1.313717615,52.121890675
399338100.035541,240510_010152621.jpg,487533.781,7039029.061,433.296,0.622881113,0.305012622,1.631929791,-51.433016141,-178.533639718,-0.779280799,51.447347512
399338100.770041,240510_010153357.jpg,487527.773,7039036.926,433.497,0.627485618,0.82371138,1.250152655,-51.10225599,-178.509573361,-0.144731343,51.113144409
399338101.514842,240510_010154103.jpg,487521.844,7039044.676,433.67,0.627806375,0.781192361,1.390366615,-51.076009114,-178.427346402,-0.266462394,51.089162218
399338102.301742,240510_010154892.jpg,487515.764,7039052.574,433.848,0.629459845,1.102567273,0.997804817,-50.960677115,-178.530225819,0.22684412,50.967392405
399338103.153143,240510_010155745.jpg,487509.628,7039060.461,434.008,0.632724583,1.878885783,1.209893164,-50.715937337,-177.874048555,0.687137892,50.723049987
399338104.119943,240510_010156714.jpg,487503.353,7039068.471,434.219,0.633019701,2.446438401,1.540923604,-50.687560881,-177.258589181,0.915716474,50.698565813
399338105.358544,240510_010157955.jpg,487496.785,7039077.086,434.506,0.61395323,2.091250716,1.837722468,-52.080015956,-177.265984957,0.519858161,52.101156001
399338111.912048,240510_010204521.jpg,487487.907,7039089.555,435.071,0.517225483,0.236954701,2.902850464,-58.792729801,-177.394927322,-1.300882032,58.828298009
399338114.496374,240510_010207110.jpg,487486.186,7039093.963,435.235,0.002135317,0.427876693,1.834775479,-89.87753445,-178.164630365,0.42240488,89.877551124
399338116.077475,240510_010208695.jpg,487488.98,7039101.721,435.186,-0.670907968,3.016537386,-0.201007878,-132.162052542,177.827891707,2.098439173,132.196544257
399338117.277975,240510_010209897.jpg,487496.254,7039107.112,435.058,-0.87734747,2.482258879,0.904735108,-151.386723518,178.255151574,1.979576557,151.436370159
399338118.248664,240510_010210870.jpg,487504.859,7039111.028,435.019,-0.912130537,1.64217682,0.856134196,-155.876125961,178.852555531,1.449852033,155.902830036
399338119.085565,240510_010211709.jpg,487513.718,7039114.661,434.963,-0.917093262,1.90778461,0.853125525,-156.5818613,178.589821657,1.538219728,156.614908779
399338119.841757,240510_010212466.jpg,487522.73,7039118.3,434.9,-0.917327525,2.212207054,0.593246765,-156.608104369,178.206772747,1.420012262,156.641708786
399338120.542757,240510_010213169.jpg,487531.793,7039121.984,434.824,-0.915184601,2.534096001,0.732943194,-156.304266525,177.975491942,1.686330229,156.350186001
399338121.211358,240510_010213839.jpg,487540.99,7039125.729,434.772,-0.913570206,1.910978215,0.672335749,-156.073347176,178.527468369,1.38692965,156.102308395
399338121.846258,240510_010214475.jpg,487550.14,7039129.533,434.715,-0.912138478,2.045156686,0.901802711,-155.878797033,178.503251315,1.655825398,155.916429271
399338122.458458,240510_010215088.jpg,487559.355,7039133.354,434.663,-0.911580184,1.423755952,0.649160724,-155.793001506,178.969156929,1.173508722,155.811557001
399338123.046159,240510_010215677.jpg,487568.5,7039137.191,434.615,-0.911684634,1.569045829,0.521048599,-155.80470181,178.783993798,1.116046918,155.82361937
399338123.622559,240510_010216255.jpg,487577.74,7039141.05,434.575,-0.912582791,1.395610541,0.311861535,-155.927239254,178.854746047,0.851999442,155.939507739
399338124.188859,240510_010216822.jpg,487587.036,7039144.911,434.496,-0.913910444,1.377317075,0.481346689,-156.117147052,178.937151999,0.995592247,156.132111207
399338124.74506,240510_010217379.jpg,487596.368,7039148.743,434.42,-0.914395037,1.323252543,0.498550214,-156.1861847,178.992335824,0.988222857,156.200575658
399338125.28956,240510_010217925.jpg,487605.663,7039152.57,434.321,-0.91435097,1.508462431,0.602921329,-156.182194861,178.865069526,1.158375803,156.201539691
399338125.82336,240510_010218460.jpg,487614.928,7039156.387,434.231,-0.914162853,1.574067649,0.392568502,-156.151378714,178.720803452,0.993311948,156.167808049
399338126.357161,240510_010218995.jpg,487624.316,7039160.29,434.141,-0.913367462,2.209391892,0.297191399,-156.037569653,178.103635375,1.166510374,156.062554869
399338126.879861,240510_010219518.jpg,487633.627,7039164.152,434.08,-0.914214935,2.281589344,0.599269551,-156.162801121,178.156805263,1.467390639,156.198264911
399338127.391661,240510_010220031.jpg,487642.907,7039167.905,434.067,-0.915509934,1.059330458,0.109554538,-156.340269034,179.075454541,0.523765893,156.345477747
399338127.903461,240510_010220544.jpg,487652.246,7039171.696,433.975,-0.916399351,0.908400735,0.529995444,-156.473008922,179.380186897,0.846506694,156.481735886
399338128.415262,240510_010221057.jpg,487661.689,7039175.475,433.91,-0.917691855,0.262410358,0.292130702,-156.655372969,179.876221239,0.37052788,156.656408933
399338128.915962,240510_010221558.jpg,487670.984,7039179.161,433.861,-0.92118444,-0.156911796,0.556821634,-157.170536278,-179.638215061,0.450492481,157.16831098
399338129.416662,240510_010222060.jpg,487680.358,7039182.748,433.779,-0.928022267,-0.619938393,0.605356466,-158.204204901,-179.198698786,0.330069636,158.19858637
399338129.917363,240510_010222562.jpg,487689.845,7039186.173,433.763,-0.934865963,-1.031260771,0.332285332,-159.280552804,-178.917067928,-0.055581736,159.278068396
399338130.418063,240510_010223064.jpg,487699.394,7039189.419,433.715,-0.941806854,-1.440360055,0.441202516,-160.438103925,-178.494468563,-0.068153068,160.433436986
399338130.918763,240510_010223565.jpg,487709.018,7039192.458,433.661,-0.949773151,-1.883592953,0.259253483,-161.847790164,-178.128925026,-0.341825753,161.849105346
399338131.419463,240510_010224067.jpg,487718.671,7039195.241,433.601,-0.957485673,-2.34463262,-0.190375207,-163.324259255,-177.808037794,-0.85574534,163.344535619
399338131.920164,240510_010224569.jpg,487728.296,7039197.758,433.492,-0.965580218,-2.3206275,0.038378444,-165.024698921,-177.747896429,-0.563581662,165.035007112
399338132.420864,240510_010225070.jpg,487737.957,7039199.982,433.368,-0.973937206,-1.916251405,-0.808052307,-167.031882597,-178.312909668,-1.2174375,167.063345338
399338132.921564,240510_010225572.jpg,487747.607,7039201.844,433.171,-0.981621444,-1.601689284,-0.597353198,-169.154879803,-178.538401678,-0.888484037,169.17458324
399338133.433365,240510_010226085.jpg,487757.513,7039203.325,433.001,-0.989112979,-2.007986316,-0.657609985,-171.747955289,-178.106415743,-0.939196606,171.775025867
399338133.945165,240510_010226598.jpg,487767.464,7039204.344,432.805,-0.99426931,-2.471839922,-0.533553526,-174.144829411,-177.595007624,-0.783132647,174.172805689
399338134.456965,240510_010227110.jpg,487777.461,7039204.984,432.627,-0.997397232,-2.493798904,-0.156882629,-176.262196248,-177.521495377,-0.32007597,176.272561139
399338134.968766,240510_010227623.jpg,487787.518,7039205.229,432.457,-0.999100258,-3.132772934,-0.528481297,-178.411150697,-176.883005079,-0.615149532,178.442373684
399338135.480566,240510_010228136.jpg,487797.591,7039205.112,432.253,-0.999333745,-2.80595843,-0.483878633,178.982211432,-177.185776557,-0.434343724,-178.95965594
399338135.992366,240510_010228649.jpg,487807.681,7039204.524,432.056,-0.997410842,-2.83678597,-0.466025285,176.300114696,-177.139025065,-0.282522608,-176.281481971
399338136.504166,240510_010229162.jpg,487817.781,7039203.478,431.831,-0.993448581,-2.387810582,-0.701055307,173.716782882,-177.549574821,-0.435817074,-173.692813158
399338137.015967,240510_010229674.jpg,487827.868,7039201.958,431.573,-0.987839646,-2.424273726,-0.772831309,171.26336587,-177.486304665,-0.395873544,-171.238287972
399338137.517267,240510_010230177.jpg,487837.766,7039200.085,431.298,-0.981971882,-1.850433306,-1.007466138,169.292487026,-177.994162129,-0.646237176,-169.264863632
399338138.018567,240510_010230679.jpg,487847.672,7039197.867,431,-0.977938579,-1.871668913,-0.78474932,168.095567156,-178.006333385,-0.382261312,-168.076057649
399338138.507968,240510_010231169.jpg,487857.408,7039195.512,430.701,-0.974597208,-1.454646775,-0.963848843,167.212144213,-178.367518837,-0.618314239,-167.191059529
399338138.997368,240510_010231660.jpg,487867.186,7039193.029,430.442,-0.971985238,-0.424001834,-0.42157303,166.524887305,-179.488351865,-0.312197291,-166.521907972
399338139.476768,240510_010232140.jpg,487876.819,7039190.42,430.216,-0.969794251,-0.459687591,-0.441921154,165.996684088,-179.445979924,-0.318571573,-165.993344765
399338139.956169,240510_010232620.jpg,487886.515,7039187.727,430.011,-0.967147095,0.155577241,-0.615214051,165.388889677,-179.994070179,-0.635368526,-165.389666464
399338140.435569,240510_010233101.jpg,487896.268,7039184.932,429.78,-0.964860054,1.123284301,-0.812102059,164.886972014,179.128808702,-1.077257834,-164.903096991
399338140.904469,240510_010233571.jpg,487905.838,7039182.071,429.54,-0.962639133,1.410961516,-0.781571639,164.404567417,178.852675077,-1.132406607,-164.425506605
399338141.373369,240510_010234041.jpg,487915.452,7039179.084,429.287,-0.960421575,1.036333204,-0.789603366,163.938857044,179.224055239,-1.045929113,-163.953055186
399338141.84227,240510_010234510.jpg,487925.116,7039176.008,428.987,-0.95859733,1.178499001,-0.955869994,163.573670287,179.141317682,-1.25031961,-163.592839724
399338142.31117,240510_010234980.jpg,487934.827,7039172.905,428.716,-0.958853546,1.951211785,-0.485984089,163.605548759,178.267145819,-1.017313216,-163.629203693
399338142.76707,240510_010235437.jpg,487944.327,7039169.854,428.537,-0.958813054,2.089859594,-0.131897052,163.590807237,178.034671454,-0.717697029,-163.605535848
399338143.22297,240510_010235894.jpg,487953.867,7039166.794,428.42,-0.958373845,2.426774165,0.338919543,163.504737075,177.579428989,-0.365540127,-163.505323076
399338143.678871,240510_010236351.jpg,487963.433,7039163.656,428.332,-0.958062958,1.700746169,0.325634923,163.441828093,178.279207473,-0.174088272,-163.439636681
399338144.134771,240510_010236807.jpg,487972.974,7039160.572,428.415,-0.957779495,2.407342966,2.017803481,163.501053066,177.121115976,1.246348324,-163.427463517
399338144.590671,240510_010237264.jpg,487982.565,7039157.483,428.576,-0.95906461,2.65122956,1.754657725,163.732954457,176.966101672,0.937382203,-163.667649734
399338145.046572,240510_010237721.jpg,487992.159,7039154.483,428.82,-0.959698655,3.825725073,1.83651503,163.872137474,175.818172969,0.695550679,-163.78557683
399338145.502472,240510_010238178.jpg,488001.704,7039151.468,429.089,-0.960229936,3.63598315,2.783047414,164.115554888,175.743289027,1.67265989,-163.965268494
399338145.958372,240510_010238635.jpg,488011.268,7039148.492,429.482,-0.95879339,3.991039672,2.805662262,163.820873983,175.387711417,1.572580376,-163.660015994
399338146.414272,240510_010239091.jpg,488020.777,7039145.434,429.907,-0.95678686,3.565229193,3.275244523,163.496446267,175.652427375,2.117024364,-163.314379161
399338146.870172,240510_010239548.jpg,488030.25,7039142.342,430.394,-0.955690933,3.129631035,3.50967536,163.322632907,175.995183714,2.453871244,-163.14116964
399338147.326073,240510_010240005.jpg,488039.669,7039139.284,430.918,-0.955894885,3.616285124,4.439825745,163.581020549,175.273592705,3.221370879,-163.308156886
399338147.781973,240510_010240462.jpg,488049.069,7039136.319,431.617,-0.957512234,4.223928509,4.868981523,164.034777961,174.595079785,3.499086321,-163.690319028
399338148.253473,240510_010240934.jpg,488058.715,7039133.252,432.391,-0.959471088,2.815073999,5.004146899,164.491734789,175.944148127,4.05550099,-164.225362774
399338148.724974,240510_010241407.jpg,488068.349,7039130.393,433.184,-0.962987748,3.743563301,5.191555516,165.331175272,175.056720119,4.055242269,-164.986690626
399338149.196474,240510_010241879.jpg,488077.947,7039127.658,433.961,-0.968970959,3.158250575,5.486698541,166.876932912,175.669677424,4.609414724,-166.551588106
399338149.667974,240510_010242351.jpg,488087.605,7039125.265,434.722,-0.977143467,3.532092096,4.804021048,168.827109066,175.597742345,4.012357261,-168.524999855
399338150.139474,240510_010242824.jpg,488097.302,7039123.191,435.435,-0.984269854,3.652448068,4.201580213,170.889601903,175.724205794,3.555811183,-170.623147559
399338207.435409,240510_010340233.jpg,488670.122,7039672.493,435.614,-0.531627887,4.881173124,0.571998177,-122.134353193,177.884585391,4.432202526,122.240528162
399338210.238765,240510_010343042.jpg,488676.896,7039675.058,435.794,-0.858332625,2.339722123,2.459524543,149.26376058,176.735059376,0.91322989,-149.187606509
399338211.970966,240510_010344778.jpg,488680.732,7039668.311,435.894,-0.063454666,2.796840411,1.080683073,93.640502557,178.746122618,-2.72286465,-93.643946006
399338213.236867,240510_010346046.jpg,488679.904,7039659.572,435.906,0.193416128,2.866457812,1.550727129,78.838299225,179.036263357,-3.112297156,-78.82569508
399338214.260267,240510_010347071.jpg,488677.665,7039650.589,435.958,0.22927947,2.640769572,1.315933739,76.735390968,179.327626621,-2.872238042,-76.721926414
399338215.152968,240510_010347966.jpg,488675.238,7039641.493,436.012,0.229972852,2.32938081,1.478553488,76.693603867,179.099817465,-2.607245867,-76.684028749
399338215.972591,240510_010348787.jpg,488672.765,7039632.108,436.051,0.230823855,2.650276507,1.346550966,76.64422579,179.304637172,-2.889613756,-76.63062529
399338216.728792,240510_010349545.jpg,488670.234,7039622.672,436.097,0.233506182,2.262015331,1.234535409,76.486702663,179.330553976,-2.488053001,-76.476870634
399338217.441592,240510_010350259.jpg,488667.669,7039613.206,436.162,0.235122707,1.826056998,1.472679034,76.389998804,179.000810491,-2.121657014,-76.385018747
399338218.120593,240510_010350939.jpg,488665.103,7039603.663,436.272,0.233802741,1.926073626,1.650166178,76.466699162,178.848968163,-2.258993434,-76.461639844
399338218.766593,240510_010351587.jpg,488662.537,7039594.181,436.421,0.230955004,1.307633833,2.120925211,76.630934423,178.241807535,-1.762999782,-76.63373789
399338219.396593,240510_010352218.jpg,488660.03,7039584.537,436.612,0.229135341,2.052480544,2.045870674,76.738840143,178.482400437,-2.467129296,-76.734851077
399338220.003394,240510_010352826.jpg,488657.5,7039574.954,436.827,0.228177386,1.850436911,2.13659939,76.794510011,178.345554215,-2.289744555,-76.793040198
399338220.599994,240510_010353424.jpg,488654.998,7039565.262,437.057,0.226328736,2.568529277,2.248279179,76.902415888,178.395426603,-3.010962713,-76.894176679
399338221.185894,240510_010354011.jpg,488652.465,7039555.546,437.315,0.226133295,2.559848252,2.432480169,76.912178677,178.213634996,-3.043890427,-76.905282427
399338221.760595,240510_010354587.jpg,488649.934,7039545.848,437.587,0.228454327,2.676881646,2.801093476,76.771465811,177.889288846,-3.246365636,-76.765818866
399338222.324095,240510_010355151.jpg,488647.374,7039536.179,437.843,0.227164264,2.199217523,2.352955922,76.852216424,178.212095171,-2.676689225,-76.848802788
399338222.887595,240510_010355716.jpg,488644.821,7039526.373,438.11,0.228009542,2.528533624,2.125692772,76.804491801,178.510716225,-2.946829306,-76.795880366
399338223.438996,240510_010356268.jpg,488642.264,7039516.687,438.386,0.23089464,2.294341375,2.543658621,76.630403452,178.059060272,-2.820124636,-76.6272225
399338223.980196,240510_010356811.jpg,488639.692,7039507.071,438.67,0.232304902,2.268870306,2.100536888,76.551506222,178.487730034,-2.695119313,-76.545471666
399338224.521396,240510_010357353.jpg,488637.145,7039497.384,438.918,0.231895549,3.02014272,2.293930772,76.57387882,178.473422539,-3.469737579,-76.559651607
399338225.062597,240510_010357895.jpg,488634.568,7039487.627,439.161,0.231838332,3.34170366,2.13533841,76.578714675,178.702147364,-3.745450576,-76.558882149
399338225.603797,240510_010358437.jpg,488631.927,7039477.839,439.411,0.234050073,2.667600933,2.041604668,76.449067593,178.643370862,-3.071458358,-76.437903265
399338226.134397,240510_010358969.jpg,488629.332,7039468.221,439.667,0.235057165,2.566186437,2.033032261,76.389713108,178.630977862,-2.972331388,-76.37969285
399338226.664998,240510_010359501.jpg,488626.735,7039458.603,439.934,0.235427881,2.537066336,2.567430469,76.362633166,178.106478627,-3.070522159,-76.356516957
399338227.195598,240510_010400032.jpg,488624.167,7039448.937,440.198,0.233909207,3.277230647,2.128362978,76.456617405,178.701780008,-3.683927329,-76.437499393
399338227.726198,240510_010400564.jpg,488621.599,7039439.284,440.455,0.231478352,3.41778481,2.309599518,76.598331234,178.549145938,-3.859307229,-76.578327529
399338228.256799,240510_010401096.jpg,488618.989,7039429.644,440.743,0.231345167,2.258697106,2.1396382,76.607755075,178.444731443,-2.692773974,-76.60211548
399338228.787399,240510_010401627.jpg,488616.414,7039420.054,441.004,0.234676292,2.015299109,2.848939431,76.403788483,177.708035885,-2.62832408,-76.406220314
399338229.328899,240510_010402170.jpg,488613.822,7039410.295,441.35,0.230095223,2.412921228,2.785496098,76.674878685,177.849050623,-2.989582513,-76.672324497
399338229.8704,240510_010402712.jpg,488611.227,7039400.599,441.677,0.230044252,1.757259958,2.889870505,76.676660596,177.596274015,-2.375809139,-76.682135728
399338230.4119,240510_010403255.jpg,488608.71,7039390.915,442.06,0.23170625,2.787984122,3.078324671,76.576267949,177.656682745,-3.425781628,-76.571422088
399338230.9534,240510_010403798.jpg,488606.186,7039381.297,442.535,0.233045892,3.398922259,3.914761048,76.484926837,176.9921113,-4.21832291,-76.479553122
399338231.5054,240510_010404351.jpg,488603.578,7039371.564,443.133,0.235795829,3.318514568,4.263189065,76.31631105,176.646915687,-4.231289984,-76.316678034
399338232.057401,240510_010404904.jpg,488600.967,7039361.945,443.811,0.233183647,2.928784328,4.702459891,76.46251876,176.117632501,-3.946510948,-76.476036068
399338232.621301,240510_010405469.jpg,488598.359,7039352.238,444.536,0.231109645,2.568703814,5.125636483,76.576512804,175.614479915,-3.686567467,-76.602682503
399338233.197602,240510_010406046.jpg,488595.772,7039342.441,445.286,0.230339632,2.783212277,4.995322111,76.624809208,175.787813089,-3.861448967,-76.645413632
399338233.785202,240510_010406635.jpg,488593.159,7039332.64,446.052,0.232678902,2.438912163,4.205565806,76.501656766,176.483728612,-3.352074588,-76.514977919
399338234.383402,240510_010407234.jpg,488590.574,7039323.003,446.727,0.234674312,2.328476032,4.099995774,76.385530895,176.567116453,-3.227120756,-76.398862338
399338235.017603,240510_010407870.jpg,488587.92,7039313.267,447.384,0.235569479,1.739451519,4.052387425,76.333415066,176.47718271,-2.646904596,-76.35320852
399338235.698003,240510_010408552.jpg,488585.283,7039303.448,448.038,0.234209066,2.1204389,3.634281362,76.420634569,176.968894612,-2.913806619,-76.430419078
399338236.433804,240510_010409289.jpg,488582.658,7039293.648,448.651,0.234727163,2.064380025,3.483324208,76.392286938,177.103819632,-2.825406628,-76.400903304
399338237.259504,240510_010410116.jpg,488579.962,7039283.583,449.235,0.229841964,2.063953819,3.216422662,76.68445962,177.348993674,-2.748843092,-76.690084363
399338238.195205,240510_010411054.jpg,488577.478,7039273.357,449.772,0.182364522,3.369353345,3.06267115,79.472237216,177.608471959,-3.87141571,-79.463005827
399338239.308405,240510_010412169.jpg,488575.667,7039262.794,450.265,0.064531581,3.291186919,2.915533514,86.293480631,177.307259807,-3.472460714,-86.291376636
399338240.799806,240510_010413663.jpg,488575.642,7039251.403,450.73,-0.142792511,4.619043118,2.642527917,98.222193445,176.727713895,-4.193484055,-98.235550714
399338245.170291,240510_010418043.jpg,488578.29,7039238.151,451.387,-0.266952737,0.862087384,3.535575949,105.520807336,176.367394546,0.112767292,-105.490560707
399338247.094472,240510_010419971.jpg,488578.638,7039230.469,451.652,0.317392113,0.910072774,-0.888281394,71.483268097,-178.86836046,-0.582220945,-71.48462586
399338248.424072,240510_010421303.jpg,488573.857,7039223.16,451.291,0.740691624,3.187512295,-2.482599777,42.120164347,-175.973015424,-0.300925683,-42.178715736
399338249.436173,240510_010422317.jpg,488566.332,7039217.843,450.721,0.863154175,3.36674585,-2.318764753,30.200340592,-175.925539537,0.304872721,-30.279358307
399338250.280173,240510_010423163.jpg,488557.776,7039213.614,450.155,0.905436958,2.647262533,-2.456929791,24.946748659,-176.56386851,1.105485976,-25.036721023
399338251.028474,240510_010423912.jpg,488548.715,7039209.982,449.545,0.927094086,1.465336661,-2.579254886,21.80176153,-177.680760682,1.845842486,-21.872193945
399338251.711274,240510_010424596.jpg,488539.377,7039206.729,448.905,0.936679832,0.402348942,-2.735941849,20.249688359,-178.674444592,2.423422772,-20.287457449
399338252.340775,240510_010425227.jpg,488530.053,7039203.573,448.262,0.936441466,0.724879997,-2.790751703,20.282042152,-178.351470157,2.362036738,-20.333797915
399338252.943175,240510_010425831.jpg,488520.575,7039200.301,447.608,0.934339774,1.26402013,-2.642749833,20.645831121,-177.884355492,2.022714026,-20.712425014
399338253.510675,240510_010426399.jpg,488511.179,7039197.017,446.967,0.931861708,1.367820423,-2.882170899,21.015445086,-177.688377461,2.194824882,-21.094231214
399338254.065376,240510_010426955.jpg,488501.646,7039193.676,446.352,0.928990314,0.164528844,-2.512477979,21.514492457,-178.92455668,2.273261882,-21.539563097
399338254.597876,240510_010427489.jpg,488492.244,7039190.256,445.831,0.927050049,-0.051529301,-1.814301491,21.881747155,-179.370787147,1.699685817,-21.890366145
399338255.119376,240510_010428011.jpg,488482.814,7039186.747,445.395,0.926183949,0.090576944,-1.56299503,22.032941144,-179.328850309,1.412002046,-22.042532957
399338255.630576,240510_010428524.jpg,488473.369,7039183.207,445.002,0.93053844,0.764526404,-1.620494213,21.35338469,-178.697244339,1.227872218,-21.37822632
399338256.130777,240510_010429025.jpg,488463.931,7039179.823,444.649,0.937135171,1.350698845,-1.16411659,20.319051757,-178.328723449,0.620049001,-20.341855843
399338256.630977,240510_010429526.jpg,488454.271,7039176.621,444.378,0.941498311,0.196851644,-0.743602534,19.60559667,-179.564052881,0.632331908,-19.609324702
399338257.120877,240510_010430017.jpg,488444.659,7039173.592,444.181,0.946466994,-0.882952642,-0.051789731,18.752339471,179.182237866,0.331233077,-18.749601215
399338257.610778,240510_010430508.jpg,488434.9,7039170.658,444.056,0.951094114,-1.701121493,0.081976641,17.908849502,178.358162484,0.443425833,-17.903735696
399338258.089578,240510_010430987.jpg,488425.273,7039167.863,443.933,0.955623123,-1.267945787,0.22927561,17.043056971,178.722484971,0.151014494,-17.043921073
399338258.568378,240510_010431467.jpg,488415.556,7039165.243,443.852,0.959946953,-2.090121168,0.512225932,16.169631908,177.852341105,0.089039048,-16.177302686
399338259.047178,240510_010431947.jpg,488405.752,7039162.738,443.802,0.964097333,-1.934429638,0.438963083,15.294296695,178.020616602,0.085697034,-15.300227441
399338259.525979,240510_010432427.jpg,488395.872,7039160.404,443.723,0.967415171,-2.793753177,0.355860766,14.558060493,177.209183797,0.356484889,-14.558064395
399338260.004779,240510_010432906.jpg,488385.979,7039158.073,443.67,0.965846735,-1.613808615,0.424802296,14.909788689,178.333390213,0.003584006,-14.915719478
399338260.483579,240510_010433386.jpg,488376.065,7039155.742,443.619,0.968194725,-1.526588423,0.158891045,14.382670602,178.4838372,0.223817385,-14.381841733
399338260.96238,240510_010433866.jpg,488366.131,7039153.494,443.545,0.970428294,-1.049476173,0.154137596,13.857899513,178.945984322,0.100301009,-13.8584009
399338261.44118,240510_010434346.jpg,488356.185,7039151.309,443.473,0.97162661,-0.041891184,0.382598776,13.563689263,179.870962496,-0.363200572,-13.564232618
399338261.91998,240510_010434825.jpg,488346.266,7039149.137,443.392,0.97165921,0.940889296,-0.000714139,13.561045053,-179.084291548,-0.221257527,-13.559284426
399338262.39878,240510_010435305.jpg,488336.434,7039147.033,443.344,0.97315327,1.269970135,0.449752128,13.183274138,-178.865157737,-0.728310135,-13.171062535
399338150.610975,240510_010243296.jpg,488107.025,7039121.501,436.073,-0.990192038,3.822004923,4.360180052,173.479734413,175.701683753,3.882237645,-173.188823056
399338151.082475,240510_010243769.jpg,488116.809,7039120.277,436.669,-0.994569009,4.562201583,3.926673511,175.849621112,175.160100443,3.568499584,-175.542691797
399338151.565275,240510_010244252.jpg,488126.842,7039119.403,437.259,-0.996662874,4.791325366,3.808352087,177.915254619,175.067287266,3.613189479,-177.600598819
399338152.048076,240510_010244736.jpg,488136.846,7039118.936,437.845,-0.996409327,5.154755104,4.499101033,-179.475240179,174.874331771,4.522375279,179.879884524
399338152.530876,240510_010245220.jpg,488146.842,7039118.873,438.487,-0.994827496,4.519278119,4.513512087,-176.748870167,175.732241384,4.743345057,177.103425479
399338153.013676,240510_010245704.jpg,488156.821,7039119.236,439.085,-0.992389203,3.157151899,3.875788489,-174.344281508,177.235011554,4.157607983,174.551175344
399338153.496476,240510_010246187.jpg,488166.75,7039120.07,439.61,-0.988832846,3.537668418,3.478731036,-172.360889267,176.951260942,3.907327404,172.572038531
399338153.979277,240510_010246671.jpg,488176.645,7039121.218,440.074,-0.984603292,3.388119427,3.278808178,-170.638883968,177.186218085,3.776545266,170.828355384
399338154.462077,240510_010247155.jpg,488186.502,7039122.663,440.518,-0.979981919,3.609527935,3.565608462,-169.217790066,177.115368178,4.166940364,169.434789786
399338154.944877,240510_010247639.jpg,488196.368,7039124.333,440.964,-0.977759264,3.65985805,3.49942108,-168.53538857,177.102864675,4.146087949,168.751768785
399338155.427678,240510_010248123.jpg,488206.299,7039126.063,441.35,-0.978433218,2.992649517,2.409354273,-168.453337322,177.548984971,2.95282756,168.579237206
399338155.910478,240510_010248606.jpg,488216.241,7039127.853,441.664,-0.976715756,3.094947957,2.320578659,-167.953841116,177.456336536,2.908547721,168.080902247
399338156.393278,240510_010249090.jpg,488226.2,7039129.758,441.937,-0.974882542,3.462551407,2.679014479,-167.530349161,177.194834436,3.354976271,167.693237086
399338156.876078,240510_010249574.jpg,488236.213,7039131.688,442.24,-0.975017459,3.02221597,2.404439576,-167.511190597,177.567931147,2.994272511,167.637972867
399338157.347679,240510_010250046.jpg,488246.047,7039133.517,442.488,-0.977031438,1.723879558,2.012809534,-167.986200547,178.733410439,2.323382743,168.04201779
399338157.819279,240510_010250519.jpg,488255.925,7039135.335,442.692,-0.977947386,1.663273643,1.582632608,-168.176703351,178.697317154,1.886246284,168.220999617
399338158.290879,240510_010250991.jpg,488265.829,7039137.183,442.813,-0.977117637,2.323947635,1.318513495,-167.915461873,178.004748685,1.771928654,167.972939438
399338158.76248,240510_010251464.jpg,488275.76,7039139.079,442.93,-0.977371325,3.049506821,1.455940386,-168.000764899,177.320513851,2.053022957,168.087386081
399338159.22328,240510_010251926.jpg,488285.524,7039140.933,443.017,-0.976558082,3.451185131,0.797416782,-167.718966743,176.799116291,1.509047264,167.785045265
399338159.68408,240510_010252387.jpg,488295.287,7039142.811,443.063,-0.975290427,3.165859011,1.092669546,-167.403597068,177.149879268,1.752259073,167.477258637
399338160.14488,240510_010252849.jpg,488305.064,7039144.74,443.103,-0.975617691,3.178845392,1.046659109,-167.486063603,177.12478553,1.706130971,167.557801726
399338160.605681,240510_010253311.jpg,488314.861,7039146.666,443.159,-0.975823475,3.255126743,0.98470313,-167.535673075,177.035538305,1.659642757,167.606477962
399338161.066481,240510_010253772.jpg,488324.675,7039148.586,443.2,-0.974449851,3.103889561,0.961199772,-167.174158794,177.188382358,1.622065447,167.239893683
399338161.527281,240510_010254234.jpg,488334.501,7039150.545,443.242,-0.973948204,2.510449006,0.610055251,-167.024377239,177.692539707,1.155219803,167.060931458
399338161.988081,240510_010254696.jpg,488344.31,7039152.553,443.296,-0.97291394,2.417052576,1.03186032,-166.788572805,177.884174461,1.553389574,166.838920182
399338162.448882,240510_010255158.jpg,488354.124,7039154.625,443.332,-0.971407496,2.637720117,0.820391358,-166.401725128,177.630753001,1.414126303,166.449759108
399338162.909682,240510_010255619.jpg,488363.91,7039156.782,443.365,-0.969259195,3.151054827,1.10712956,-165.906590898,177.214476549,1.836524506,165.981567917
399338163.370482,240510_010256081.jpg,488373.69,7039158.992,443.444,-0.967152211,3.005557873,1.017546392,-165.412393528,177.348862037,1.737513031,165.479176716
399338163.831282,240510_010256543.jpg,488383.438,7039161.325,443.469,-0.96549699,3.812521167,0.809495282,-165.027867669,176.527373158,1.762132505,165.108111483
399338164.292083,240510_010257004.jpg,488393.141,7039163.661,443.525,-0.963465872,3.246812568,0.497841666,-164.570738807,177.004597592,1.340290915,164.61981001
399338164.752883,240510_010257466.jpg,488402.701,7039166.11,443.564,-0.960954721,3.975728397,0.622275827,-164.042853988,176.35009461,1.686695418,164.118092677
399338165.224183,240510_010257938.jpg,488412.356,7039168.646,443.599,-0.957400904,3.937744645,1.020330474,-163.336844153,176.520785724,2.100940012,163.435594118
399338165.695484,240510_010258411.jpg,488421.88,7039171.271,443.701,-0.953354894,3.746253615,1.300300604,-162.564102804,176.815471165,2.357045122,162.671995067
399338166.176984,240510_010258893.jpg,488431.482,7039174.025,443.825,-0.949335654,3.03942692,1.374958163,-161.816047392,177.54177534,2.249845414,161.900652146
399338166.658484,240510_010259376.jpg,488440.976,7039176.871,443.971,-0.942421611,2.062026581,1.443595415,-160.590569048,178.535639768,2.042994177,160.642528356
399338167.151784,240510_010259870.jpg,488450.492,7039180.048,444.135,-0.930303588,2.311999847,1.815315343,-158.624538705,178.508698901,2.528601972,158.693918527
399338167.655185,240510_010300374.jpg,488459.913,7039183.593,444.408,-0.917818972,3.072222197,2.581607188,-156.807437283,178.190156852,3.576162405,156.932926255
399338168.158585,240510_010300879.jpg,488469.114,7039187.315,444.748,-0.907918693,2.431816174,2.359476009,-155.383973348,178.770965443,3.152773255,155.467667823
399338168.672285,240510_010301393.jpg,488478.233,7039191.253,445.093,-0.903526343,2.116056387,2.591530556,-154.80709478,179.187506079,3.240786473,154.877726312
399338169.197286,240510_010301919.jpg,488487.335,7039195.223,445.547,-0.901210492,1.204569278,3.23213948,-154.565031862,-179.699563222,3.431562943,154.58979129
399338169.735586,240510_010302459.jpg,488496.41,7039199.274,446.093,-0.901118985,1.482384963,3.555611494,-154.593114893,-179.813919453,3.842615316,154.632625027
399338170.296286,240510_010303021.jpg,488505.539,7039203.367,446.686,-0.902030383,2.246278579,3.489268161,-154.706770114,179.457772054,4.108501684,154.794352746
399338170.893787,240510_010303619.jpg,488514.806,7039207.482,447.284,-0.902182305,2.579504207,3.948663362,-154.790475238,179.344423838,4.664260237,154.905762959
399338171.536387,240510_010304263.jpg,488524.195,7039211.626,447.951,-0.904974074,3.023194263,3.898365044,-155.162328116,178.888773414,4.799650069,155.311444089
399338172.243788,240510_010304972.jpg,488533.584,7039215.679,448.655,-0.90362143,2.751507062,3.905324505,-154.978979266,179.154306877,4.695219376,155.107123203
399338173.071588,240510_010305801.jpg,488543.137,7039219.982,449.359,-0.884067592,2.753944134,3.880059939,-152.438871,179.349916801,4.706874954,152.558535796
399338174.061189,240510_010306793.jpg,488552.426,7039224.965,450.078,-0.808421058,1.831011337,3.743656959,-144.148084957,-179.292125275,4.101533376,144.182279737
399338175.238089,240510_010307972.jpg,488560.318,7039231.786,450.727,-0.601193766,2.732500851,3.695401069,-127.065832011,-178.699771858,4.402536127,127.103682792
399338176.40769,240510_010309144.jpg,488565.439,7039240.105,451.145,-0.342153205,3.061861647,1.199128954,-110.022628833,-179.922044981,3.283943625,110.052343595
399338177.471391,240510_010310210.jpg,488568.339,7039249.23,451.046,-0.16399614,-0.444129092,-1.908345674,-99.448740199,178.193450579,-0.752324148,99.444337083
399338178.437391,240510_010311178.jpg,488570,7039258.672,450.599,-0.165788118,0.153957742,-1.914246843,-99.55298065,178.089839674,-0.16706912,99.547704611
399338179.313292,240510_010312055.jpg,488572.125,7039268.097,450.169,-0.228316202,-0.014998591,-2.076513326,-103.21317845,177.985048917,-0.490179581,103.204913689
399338180.102492,240510_010312846.jpg,488574.637,7039277.467,449.651,-0.243347709,0.899626681,-2.532537198,-104.105094798,177.328413547,0.254237881,104.091277781
399338180.824993,240510_010313570.jpg,488577.216,7039286.838,449.097,-0.242303133,1.507115711,-2.28755388,-104.040726468,177.418911153,0.905646622,104.03118595
399338181.502593,240510_010314249.jpg,488579.873,7039296.369,448.516,-0.242075047,1.310119586,-2.606935816,-104.030643815,177.157259976,0.637789845,104.016819076
399338182.142193,240510_010314890.jpg,488582.541,7039305.968,447.908,-0.238201145,0.957024298,-2.579208961,-103.801318722,177.27084859,0.313002858,103.787375781
399338182.745794,240510_010315495.jpg,488585.123,7039315.563,447.273,-0.230236536,1.322672015,-3.045105,-103.336598203,176.736416597,0.583550565,103.318253764
399338183.326894,240510_010316077.jpg,488587.61,7039325.225,446.611,-0.223021538,2.085227713,-3.127106647,-102.912330675,176.490868742,1.332394766,102.896452484
399338183.883694,240510_010316635.jpg,488590.092,7039334.83,445.933,-0.225076128,1.675149582,-3.480837604,-103.038091583,176.236110526,0.845774291,103.015213164
399338184.429095,240510_010317181.jpg,488592.569,7039344.517,445.193,-0.227231332,2.429872455,-3.319644131,-103.162931593,176.219468772,1.608776042,103.145868589
399338184.963595,240510_010317717.jpg,488595.131,7039354.242,444.459,-0.230816287,2.142552766,-3.613545548,-103.378650186,175.994270158,1.247336658,103.354946401
399338185.487595,240510_010318242.jpg,488597.729,7039363.943,443.749,-0.232979053,1.813535519,-3.354039614,-103.502581175,176.320273955,0.979267352,103.481170883
399338186.000196,240510_010318756.jpg,488600.269,7039373.589,443.061,-0.234792355,2.779303395,-2.893771958,-103.603612836,176.538441012,2.019019069,103.594657175
399338186.512796,240510_010319269.jpg,488602.93,7039383.295,442.489,-0.232831729,1.617149936,-2.377431339,-103.482167042,177.31492235,1.016800327,103.472598384
399338187.025396,240510_010319783.jpg,488605.487,7039393.063,441.995,-0.231640088,2.484702334,-1.873849467,-103.407421517,177.604437845,1.980371143,103.408343538
399338187.537996,240510_010320296.jpg,488608.076,7039402.843,441.612,-0.230874213,2.456052881,-1.514542596,-103.359748089,177.961848391,2.037384264,103.363649362
399338188.050597,240510_010320810.jpg,488610.671,7039412.618,441.277,-0.231679134,2.093153712,-1.396902758,-103.406480985,178.158644627,1.710113498,103.408550988
399338188.551997,240510_010321312.jpg,488613.186,7039422.175,440.95,-0.230902793,2.367520374,-1.266912594,-103.360005553,178.222935252,2.008411727,103.365080622
399338189.065298,240510_010321827.jpg,488615.742,7039431.928,440.701,-0.226266908,2.291602547,-1.24576339,-103.086849716,178.270308334,1.947736446,103.091437706
399338189.578598,240510_010322341.jpg,488618.277,7039441.654,440.432,-0.230128758,2.156934195,-1.211849611,-103.314112062,178.326576546,1.817669274,103.317940623
399338190.091898,240510_010322855.jpg,488620.851,7039451.343,440.172,-0.235272556,1.899097231,-1.168929805,-103.617156697,178.41935693,1.568409202,103.619503941
399338190.605198,240510_010323370.jpg,488623.448,7039461.008,439.892,-0.235203185,2.227086485,-1.417902003,-103.614422898,178.100517957,1.828581175,103.617288079
399338191.118499,240510_010323884.jpg,488626.047,7039470.625,439.622,-0.236802796,1.908456762,-1.100481014,-103.707116398,178.481095901,1.591208114,103.709960793
399338191.631799,240510_010324398.jpg,488628.627,7039480.22,439.366,-0.23518085,2.268870087,-0.53909054,-103.60947626,178.943982508,2.075853199,103.617980124
399338192.145899,240510_010324913.jpg,488631.201,7039489.836,439.12,-0.235643271,2.572387077,-1.42507561,-103.64043016,178.011250677,2.161423302,103.646072476
399338192.66,240510_010325428.jpg,488633.752,7039499.397,438.898,-0.232887414,2.65746353,-0.995338493,-103.475704306,178.415020216,2.349825354,103.485213552
399338193.1741,240510_010325944.jpg,488636.264,7039508.96,438.619,-0.227390299,3.020189222,-1.4820172,-103.154295653,177.872285426,2.601121074,103.163671661
399338193.6991,240510_010326470.jpg,488638.799,7039518.686,438.336,-0.214937869,2.150014892,-1.291326528,-102.421063783,178.279074922,1.819710743,102.424264655
399338194.2241,240510_010326996.jpg,488641.169,7039528.435,438.073,-0.202361901,2.148244826,-1.396056034,-101.684237928,178.200549686,1.818790086,101.686735885
399338194.749101,240510_010327522.jpg,488643.395,7039538.176,437.797,-0.190197522,2.328362951,-1.062826369,-100.971484167,178.515799297,2.081119247,100.976933479
399338195.274101,240510_010328048.jpg,488645.504,7039547.888,437.532,-0.185597798,2.54253692,-1.625288086,-100.705470247,177.933642875,2.194002113,100.709109385
399338195.810801,240510_010328586.jpg,488647.541,7039557.653,437.239,-0.187305217,3.694230263,-1.693417625,-100.805510318,177.646747385,3.308351546,100.819038986
399338196.358402,240510_010329134.jpg,488649.691,7039567.389,436.974,-0.190147712,2.9658422,-1.379254741,-100.96987894,178.084140804,2.64655001,100.978559788
399338196.920402,240510_010329697.jpg,488651.801,7039577.154,436.713,-0.204254954,4.077759705,-1.39354048,-101.795089376,177.804411753,3.703626873,101.816628637
399338197.506102,240510_010330284.jpg,488654.137,7039586.922,436.487,-0.215940923,3.686001805,-1.101436018,-102.479081733,178.130015603,3.357867341,102.498574898
399338198.112703,240510_010330892.jpg,488656.56,7039596.626,436.297,-0.22194241,3.468532781,-0.950843029,-102.831122686,178.304451164,3.167779035,102.849320429
399338198.753803,240510_010331534.jpg,488659.014,7039606.355,436.148,-0.224144067,3.710949704,-0.800730984,-102.960084172,178.388893295,3.433683708,102.982528807
399338199.449204,240510_010332231.jpg,488661.552,7039616.197,436.038,-0.232503105,3.613859377,-0.70197943,-103.452005155,178.478001013,3.348283035,103.474426183
399338200.219804,240510_010333003.jpg,488664.207,7039626.128,435.995,-0.243505567,3.980939925,-0.531069622,-104.100971532,178.51593549,3.728213474,104.130886147
399338201.081505,240510_010333867.jpg,488666.976,7039636.13,435.937,-0.250035676,4.12800723,-0.570208064,-104.487369735,178.416013141,3.850637993,104.520143529
399338202.116305,240510_010334903.jpg,488669.967,7039646.566,435.915,-0.234144453,3.132262957,-0.141520248,-103.547781425,179.129697792,3.008928254,103.566794092
399338203.788706,240510_010336579.jpg,488671.925,7039658.94,435.845,0.126441172,2.58530871,-1.188419666,-82.730980829,179.150609194,2.711982353,82.724387784
399338306.295107,240510_010519288.jpg,487495.55,7039097.266,435.137,0.393093741,0.981304315,-0.302900818,66.840914837,-179.334595482,-0.784129405,-66.838989545
399338307.747908,240510_010520744.jpg,487494.564,7039088.506,434.942,-0.329065253,0.410513892,-1.184264972,109.225784185,-179.016510328,-0.778357385,-109.223357266
399338308.900579,240510_010521899.jpg,487498.453,7039080.483,434.623,-0.558672474,1.37149329,-0.585427398,123.984344977,179.719967302,-1.464906058,-123.994928868
399338309.873479,240510_010522874.jpg,487503.794,7039072.796,434.352,-0.613621627,2.418855194,-0.420010843,127.874125054,178.847584351,-2.167117611,-127.904797801
399338310.74078,240510_010523743.jpg,487509.526,7039065.099,434.111,-0.616284286,2.501050638,0.038918501,128.066537578,178.428865999,-1.945271305,-128.092384444
399338311.57218,240510_010524576.jpg,487515.47,7039057.041,433.949,-0.613606663,2.373190644,-0.418417012,127.873026636,178.874431385,-2.130147206,-127.902627266
399338312.471081,240510_010525477.jpg,487521.689,7039048.669,433.786,-0.61281976,2.45531029,-1.264908663,127.825569404,179.493462516,-2.714454839,-127.864665602
399338313.485782,240510_010526493.jpg,487527.886,7039040.269,433.591,-0.611951407,2.669572735,-0.89626896,127.757171607,179.074262106,-2.658792329,-127.799537095
399338314.586882,240510_010527597.jpg,487533.974,7039031.997,433.382,-0.613192349,2.675128646,-0.91596972,127.847452259,179.082193392,-2.673785007,-127.890256835
399338315.700183,240510_010528712.jpg,487539.927,7039023.937,433.148,-0.615068313,2.668896104,-1.189490062,127.987704587,179.294747874,-2.834792482,-128.032854235
399338316.809784,240510_010529824.jpg,487545.775,7039015.947,432.873,-0.60444513,1.849798458,-1.027327631,127.216514842,179.700012241,-2.094359299,-127.23857505
399338317.852084,240510_010530868.jpg,487551.299,7039007.959,432.588,-0.55385928,2.029437867,-1.318391352,123.660338817,179.972841796,-2.419609092,-123.684255862
399338318.837685,240510_010531856.jpg,487556.301,7038999.45,432.283,-0.48604795,2.185261315,-1.329286733,119.104834387,-179.901252051,-2.55558444,-119.127982831
399338319.762585,240510_010532782.jpg,487560.582,7038990.585,431.957,-0.399421221,2.437603199,-1.203437988,113.55933619,-179.870973231,-2.715127524,-113.581889703
399338320.651886,240510_010533673.jpg,487563.909,7038981.212,431.666,-0.294832958,2.17039003,-0.965545923,107.158404913,-179.717175817,-2.358678085,-107.170889035
399338321.518786,240510_010534542.jpg,487566.213,7038971.466,431.392,-0.189510861,2.09778003,-0.916353359,100.930891398,-179.497459824,-2.233658827,-100.93789506
399338322.375487,240510_010535400.jpg,487567.504,7038961.531,431.139,-0.08772079,2.617929451,-0.938902275,95.035565866,-179.293993945,-2.690249437,-95.040472526
399338323.232187,240510_010536259.jpg,487567.759,7038951.44,430.89,0.022422997,3.158233547,-0.952886081,88.714363119,-178.975933577,-3.135918444,-88.712636906
399338324.066788,240510_010537095.jpg,487566.854,7038941.417,430.639,0.142311953,3.009042054,-0.757995099,81.813729096,-178.82043335,-2.870457177,-81.804124247
399338324.873388,240510_010537903.jpg,487564.742,7038931.702,430.426,0.269790394,3.134587148,-0.572660543,74.33980816,-178.601329143,-2.86362052,-74.3205585
399338325.679989,240510_010538711.jpg,487561.366,7038922.288,430.286,0.393541689,3.206749077,0.201513323,66.813195512,-178.920424574,-3.026674606,-66.779070378
399338326.486589,240510_010539520.jpg,487556.77,7038913.396,430.286,0.50755425,2.939249256,1.056526911,59.477250755,-179.414295071,-3.067784152,-59.4344812
399338327.29319,240510_010540328.jpg,487551.096,7038905.15,430.419,0.596367358,2.062126858,1.565173614,53.353821053,179.977759241,-2.588194218,-53.326141875
399338328.09979,240510_010541136.jpg,487544.678,7038897.561,430.624,0.673115311,1.627638199,1.786410887,47.642016426,179.779150891,-2.405843383,-47.62124584
399338328.906391,240510_010541944.jpg,487537.566,7038890.716,430.852,0.746281627,0.973690772,1.718119987,41.671411958,179.5872615,-1.930515545,-41.663720134
399338329.723491,240510_010542763.jpg,487529.758,7038884.584,431.063,0.810714396,1.328939606,1.493102665,35.769701167,-179.792365922,-1.987946623,-35.748748173
399338330.561992,240510_010543603.jpg,487521.272,7038879.147,431.201,0.858168083,2.010585614,0.355530068,30.841320967,-178.454821676,-1.336274178,-30.817065922
399338331.398592,240510_010544441.jpg,487512.579,7038874.526,431.215,0.893806455,2.830780661,-0.017353901,26.590420948,-177.460217131,-1.251908461,-26.563102383
399338332.249193,240510_010545294.jpg,487503.575,7038870.549,431.158,0.916842205,2.499988074,-0.501461885,23.463965584,-177.506906039,-0.536852256,-23.463237564
399338333.163394,240510_010546210.jpg,487494.154,7038866.905,431.003,0.925572636,1.740869949,-1.387498045,22.137642367,-177.864323438,0.626364729,-22.170442372
399338334.166794,240510_010547215.jpg,487484.64,7038863.358,430.698,0.924605223,1.129565825,-2.49501989,22.192696637,-178.010684072,1.879411356,-22.250024515
399338335.321495,240510_010548372.jpg,487475.053,7038859.583,430.177,0.9008192,0.611252959,-3.314769896,25.477619829,-178.020701302,2.724666363,-25.542536453
399338336.731596,240510_010549785.jpg,487465.686,7038854.661,429.448,0.822335608,1.680950756,-4.581411915,34.375136425,-176.023564331,2.82343225,-34.540574987
399338339.017097,240510_010552075.jpg,487456.108,7038846.906,428.436,0.756648827,5.02805454,-4.587955624,40.585372431,-173.203378161,0.197147307,-40.798600565
399338345.570602,240510_010558641.jpg,487452.167,7038844.15,428.083,0.924592709,5.534371105,-1.758685776,22.2614875,-174.214596498,-0.475452679,-22.322423412
399338262.877581,240510_010435785.jpg,488326.645,7039145.036,443.317,0.974330332,1.161994367,0.292162452,12.888553646,-178.931564135,-0.544969023,-12.880500379
399338263.356381,240510_010436265.jpg,488316.921,7039143.103,443.284,0.975211805,0.9906711,0.154854346,12.662424832,-179.066461067,-0.369411798,-12.658072295
399338263.845281,240510_010436754.jpg,488307.059,7039141.176,443.232,0.974086574,0.29691742,0.005863035,12.954311209,-179.710771383,-0.073676394,-12.954117055
399338264.334182,240510_010437244.jpg,488297.291,7039139.196,443.176,0.974461853,0.595066164,0.637834568,12.842400416,-179.560369663,-0.754901521,-12.836174142
399338264.823082,240510_010437734.jpg,488287.506,7039137.176,443.106,0.97464947,1.723480592,-0.128777463,12.808962787,-178.29035953,-0.257898253,-12.807047893
399338265.311982,240510_010438224.jpg,488277.702,7039135.256,443.007,0.975805227,0.762220771,-0.0545,12.507153407,-179.243107282,-0.113267525,-12.506771988
399338265.800882,240510_010438714.jpg,488267.873,7039133.343,442.887,0.975819847,0.961852907,0.180908999,12.502098421,-179.099183649,-0.38597108,-12.497540714
399338266.289783,240510_010439204.jpg,488257.988,7039131.435,442.746,0.975133358,0.562441621,-0.5327861,12.67293432,-179.33340727,0.394521423,-12.677867807
399338266.778683,240510_010439694.jpg,488248.1,7039129.465,442.554,0.975007243,0.913880331,-0.231266273,12.714734027,-179.056776784,0.022883116,-12.716775107
399338267.267583,240510_010440184.jpg,488238.146,7039127.52,442.341,0.975506547,0.502761123,-0.81074165,12.56048512,-179.331989207,0.67983571,-12.568039654
399338267.756484,240510_010440673.jpg,488228.148,7039125.622,442.136,0.97659486,-0.274777798,-1.011037625,12.255678603,179.947333074,1.043928494,-12.25283254
399338268.245384,240510_010441163.jpg,488218.101,7039123.722,441.841,0.976496239,0.059210415,-1.518922647,12.230767568,-179.619262335,1.469063764,-12.236505623
399338268.723384,240510_010441642.jpg,488208.251,7039121.911,441.575,0.976886976,-1.474637665,-1.19148254,12.16050068,178.810793404,1.472367726,-12.129980891
399338269.201385,240510_010442121.jpg,488198.353,7039120.125,441.232,0.980552791,-1.532993326,-1.268613801,11.110331075,178.741529042,1.537107288,-11.076576215
399338269.679385,240510_010442600.jpg,488188.395,7039118.567,440.839,0.984567426,-2.617277226,-1.979904272,9.727765429,177.755083912,2.388320117,-9.635910256
399338270.157385,240510_010443079.jpg,488178.421,7039117.201,440.384,0.988364846,-2.363914744,-2.156192748,8.297193693,177.972146697,2.469516533,-8.209170334
399338270.635385,240510_010443558.jpg,488168.422,7039116.072,439.913,0.992237461,-1.831572574,-2.020296682,6.624182018,178.41444062,2.213758096,-6.561398045
399338271.113386,240510_010444037.jpg,488158.359,7039115.322,439.421,0.99570458,-2.751357611,-2.08939292,4.55754531,177.423727696,2.295601625,-4.455923152
399338271.591386,240510_010444516.jpg,488148.24,7039114.904,438.876,0.997570285,-2.865076008,-2.519392884,2.553652126,177.249645014,2.637629836,-2.427525504
399338272.069386,240510_010444995.jpg,488138.091,7039114.817,438.274,0.998336299,-2.677641764,-2.763933624,0.439906167,177.343106237,2.777386588,-0.311100242
399338272.547387,240510_010445474.jpg,488127.901,7039115.158,437.698,0.996787222,-2.563744765,-3.337985244,-2.624198982,177.28462098,3.209119682,2.774742668
399338273.014187,240510_010445942.jpg,488117.983,7039116.062,437.113,0.993034562,-2.91753066,-3.197448664,-5.702523377,176.778254784,2.883044981,5.864815117
399338273.480987,240510_010446409.jpg,488108.08,7039117.472,436.481,0.987058884,-3.162905687,-3.438314854,-8.387582426,176.368134415,2.930089542,8.575182754
399338273.947787,240510_010446877.jpg,488098.199,7039119.247,435.762,0.981710298,-1.551102515,-3.365484186,-10.305192536,177.871782324,3.027658078,10.406840174
399338274.414588,240510_010447345.jpg,488088.328,7039121.481,435.088,0.975001256,-3.130713008,-4.319591272,-11.975353357,176.037649093,3.563269961,12.216433769
399338274.881388,240510_010447812.jpg,488078.469,7039123.903,434.299,0.969913021,-2.328128101,-4.442877393,-13.271817558,176.710981391,3.779549717,13.470424032
399338275.336088,240510_010448268.jpg,488068.874,7039126.49,433.481,0.966510119,-2.047712657,-3.657535478,-14.318154949,177.110838087,3.029879494,14.459764923
399338275.790789,240510_010448724.jpg,488059.211,7039129.284,432.674,0.962904679,-2.184376593,-3.477426819,-15.174325223,176.981521437,2.776857788,15.313618525
399338276.245489,240510_010449179.jpg,488049.448,7039132.18,431.873,0.960044479,-0.73766156,-3.809879536,-15.714749626,178.25807732,3.462041952,15.791805791
399338276.688289,240510_010449623.jpg,488039.879,7039135.12,431.145,0.958201282,0.234973089,-3.922821204,-16.074678353,179.140762502,3.829418913,16.095290016
399338277.131089,240510_010450067.jpg,488030.281,7039138.122,430.525,0.958796736,1.403694817,-2.646410312,-16.204475517,-179.38802561,2.928588895,16.156423504
399338277.573889,240510_010450510.jpg,488020.614,7039141.185,430.018,0.959855229,1.725669101,-1.95080243,-16.082387299,-178.88008847,2.34847824,16.030081734
399338278.01669,240510_010450954.jpg,488010.88,7039144.23,429.575,0.958821786,2.514687619,-1.766843358,-16.315377126,-178.080427936,2.397368132,16.236489083
399338278.45949,240510_010451398.jpg,488001.13,7039147.366,429.162,0.957957507,2.530080882,-1.598866196,-16.50754087,-178.026251213,2.247330158,16.433576931
399338278.90229,240510_010451841.jpg,487991.362,7039150.487,428.855,0.958099841,3.478264174,-0.845653112,-16.532906404,-176.904749218,1.796018798,16.458782546
399338279.345091,240510_010452285.jpg,487981.608,7039153.678,428.617,0.95943002,2.582101044,-0.644968582,-16.271706147,-177.701098902,1.339527704,16.230348772
399338279.787891,240510_010452729.jpg,487971.83,7039156.745,428.442,0.959545019,3.631238583,-1.212377837,-16.21666312,-176.8495706,2.172684104,16.118567518
399338280.220491,240510_010453162.jpg,487962.38,7039159.726,428.306,0.960460212,4.077367825,0.84364725,-16.050481964,-175.849247996,0.316533217,16.069094255
399338280.653091,240510_010453596.jpg,487952.916,7039162.707,428.416,0.959372957,3.895578473,1.550005676,-16.223744275,-175.827465173,-0.397628734,16.290978901
399338281.085692,240510_010454029.jpg,487943.506,7039165.781,428.552,0.958279233,2.433946743,1.460657403,-16.454686879,-177.251993358,-0.710614548,16.50280236
399338281.528492,240510_010454473.jpg,487933.934,7039168.903,428.71,0.958475734,1.978838955,1.552936345,-16.406613722,-177.662801699,-0.930112538,16.452449917
399338281.971292,240510_010454916.jpg,487924.414,7039171.965,428.956,0.960302506,2.065139498,1.907078909,-15.994288492,-177.488860324,-1.262853766,16.056384268
399338282.414092,240510_010455360.jpg,487914.891,7039174.88,429.193,0.96134982,3.347163098,1.833749587,-15.783288234,-176.280638712,-0.851583555,15.864552248
399338282.856893,240510_010455804.jpg,487905.431,7039177.803,429.437,0.961873879,3.376403951,1.931914093,-15.660896397,-176.227754358,-0.945815302,15.749017727
399338283.310793,240510_010456259.jpg,487895.781,7039180.789,429.673,0.96314381,2.837787477,1.598146623,-15.426080852,-176.839482602,-0.784276257,15.487342548
399338283.764693,240510_010456713.jpg,487886.174,7039183.698,429.895,0.965027892,2.573382471,1.711519458,-15.002312856,-177.071168253,-0.985549586,15.065991348
399338284.218594,240510_010457168.jpg,487876.613,7039186.54,430.104,0.967299284,1.795112287,1.672716222,-14.494994466,-177.842806218,-1.169370734,14.543261844
399338284.682994,240510_010457633.jpg,487866.904,7039189.267,430.324,0.970034966,2.408532542,1.853908591,-13.831689119,-177.217694467,-1.222662637,13.900396526
399338285.147394,240510_010458099.jpg,487857.258,7039191.876,430.553,0.973837237,1.991143843,2.199313849,-12.834382494,-177.569090794,-1.700158997,12.908724248
399338285.611794,240510_010458564.jpg,487847.643,7039194.292,430.846,0.979891873,1.627705527,2.347709209,-11.133754383,-177.948265392,-1.987442988,11.202751479
399338286.089095,240510_010459042.jpg,487837.752,7039196.383,431.153,0.986241036,2.45155618,2.069476072,-9.122471216,-177.250355721,-1.652294438,9.206453731
399338286.566395,240510_010459521.jpg,487827.858,7039198.135,431.394,0.991472825,2.562025698,1.711595101,-7.075460454,-177.245929938,-1.381201765,7.146979764
399338287.043695,240510_010459999.jpg,487817.969,7039199.5,431.58,0.995366882,3.316513463,1.527952212,-5.001686079,-176.562460227,-1.230596828,5.082885711
399338287.520996,240510_010500477.jpg,487808.087,7039200.463,431.77,0.997823423,4.429282486,1.542173432,-2.969386255,-175.496429408,-1.306252796,3.080421057
399338287.998296,240510_010500955.jpg,487798.226,7039201.136,431.972,0.999047606,3.917702307,1.702043053,-0.502338794,-176.066375514,-1.663457718,0.617710489
399338288.475596,240510_010501434.jpg,487788.368,7039201.415,432.169,0.998406623,2.723275546,1.77629141,2.051094575,-177.340482733,-1.870289273,-1.965414849
399338288.964996,240510_010501924.jpg,487778.276,7039201.172,432.369,0.995622894,3.21362258,1.640030242,4.793563329,-176.932987684,-1.899970099,-4.696655846
399338289.454397,240510_010502414.jpg,487768.24,7039200.475,432.555,0.989923978,2.843359772,1.763685418,7.751734979,-177.418428982,-2.12853823,-7.65996128
399338289.943797,240510_010502905.jpg,487758.27,7039199.225,432.753,0.983138306,3.629190281,1.652211677,10.259030953,-176.72053389,-2.268365726,-10.14171704
399338290.433197,240510_010503395.jpg,487748.34,7039197.576,432.905,0.975615626,3.825701043,1.630306556,12.453174411,-176.61291172,-2.412754343,-12.327356371
399338290.922598,240510_010503885.jpg,487738.457,7039195.568,433.095,0.967984954,3.686974306,1.808726606,14.320859807,-176.871429937,-2.660201727,-14.189961729
399338291.411998,240510_010504376.jpg,487728.593,7039193.255,433.237,0.960877786,3.257065365,1.343634053,15.930168167,-177.234540864,-2.183562076,-15.839232295
399338291.901398,240510_010504866.jpg,487718.801,7039190.623,433.345,0.95353541,3.985269182,1.217632825,17.407311766,-176.558800024,-2.350627558,-17.294312153
399338292.390798,240510_010505356.jpg,487709.048,7039187.766,433.426,0.946838606,4.124005178,1.074646356,18.656507957,-176.433828774,-2.334021411,-18.545133547
399338292.880199,240510_010505847.jpg,487699.336,7039184.704,433.518,0.939913646,4.027341086,1.03656414,19.862212821,-176.561807793,-2.34009734,-19.75551312
399338293.358599,240510_010506326.jpg,487689.886,7039181.495,433.579,0.933338132,4.11690875,0.991904981,20.945671029,-176.50700085,-2.394878888,-20.836975679
399338293.836999,240510_010506806.jpg,487680.451,7039178.168,433.658,0.929647351,3.218120717,1.016590719,21.528715659,-177.377389674,-2.124856895,-21.451500253
399338294.3154,240510_010507285.jpg,487671.052,7039174.701,433.779,0.924032531,3.109327101,1.250481352,22.378331988,-177.598426416,-2.338083825,-22.295362205
399338294.7938,240510_010507764.jpg,487661.696,7039171.102,433.852,0.919117377,2.771262544,1.266288972,23.106496733,-177.945707908,-2.2507129,-23.035490077
399338295.2722,240510_010508244.jpg,487652.379,7039167.392,433.947,0.916566596,2.695849617,1.14314977,23.482336344,-177.980857056,-2.121409505,-23.418032878
399338295.7506,240510_010508723.jpg,487643.08,7039163.623,434.049,0.915893434,2.698727241,0.689909057,23.595610187,-177.801671133,-1.711868142,-23.546502728
399338296.229001,240510_010509202.jpg,487633.797,7039159.858,434.105,0.914927092,2.391528365,0.774862343,23.731156276,-178.121108366,-1.671360662,-23.687562051
399338296.707401,240510_010509682.jpg,487624.55,7039156.04,434.151,0.913878616,2.929971032,0.818223307,23.878708914,-177.650339646,-1.933186654,-23.818124374
399338297.185801,240510_010510161.jpg,487615.335,7039152.202,434.221,0.913099847,3.446416906,1.129452391,23.976871011,-177.30724744,-2.430180001,-23.885756203
399338297.664202,240510_010510640.jpg,487606.118,7039148.421,434.318,0.913034489,2.564397782,1.113481024,23.986791335,-178.107753861,-2.058733016,-23.927849593
399338298.142602,240510_010511120.jpg,487596.957,7039144.623,434.43,0.912770421,2.465832102,1.084955994,24.025232372,-178.187640047,-1.993962695,-23.970323211
399338298.621002,240510_010511599.jpg,487587.884,7039140.846,434.516,0.912426734,2.541427155,0.866228778,24.08191631,-178.03161491,-1.827127347,-24.031298258
399338299.110903,240510_010512090.jpg,487578.701,7039137.024,434.596,0.912742718,2.387966695,0.828644664,24.038727669,-178.155181862,-1.729004163,-23.993604863
399338299.613003,240510_010512593.jpg,487569.479,7039133.254,434.673,0.912996808,1.258916774,0.569647955,24.010038313,-179.080574366,-1.033112244,-23.995481381
399338300.137903,240510_010513119.jpg,487560.214,7039129.377,434.735,0.910977102,1.765966103,0.416442196,24.295938563,-178.560742683,-1.106589517,-24.275616558
399338300.683404,240510_010513666.jpg,487551.067,7039125.495,434.801,0.908899743,2.011287775,0.313848278,24.585191564,-178.30068793,-1.122596259,-24.563031883
399338301.265504,240510_010514249.jpg,487541.886,7039121.553,434.874,0.906778901,1.989660629,0.106569148,24.877439032,-178.239029416,-0.934370316,-24.861232139
399338301.911004,240510_010514896.jpg,487532.475,7039117.463,434.949,0.904236324,1.725735692,0.165936508,25.221368535,-178.508618445,-0.886201894,-25.207338505
399338302.631705,240510_010515618.jpg,487523.033,7039113.295,435.023,0.901774665,1.448759266,0.289778712,25.549483515,-178.816859483,-0.886971804,-25.536662603
399338303.486805,240510_010516474.jpg,487513.379,7039108.952,435.091,0.900392042,1.405047958,-0.253723342,25.733003786,-178.623429127,-0.382770619,-25.731534966
399338304.691506,240510_010517682.jpg,487503.133,7039104.124,435.14,0.848163323,0.512627299,-0.002290663,31.944080618,-179.562586529,-0.27050359,-31.94307728